NAMASTE_Code,NAMASTE_Display,NAMASTE_Traditional,NAMASTE_System,ICD11_Code,ICD11_Description,Mapping_Confidence,Confidence_Level,Mapping_Method,Last_Updated
AY0001,Fever - Jwara,,Unknown,MG24,Fever,0.950,Expert High,Expert Medical Review,2025-09-04
AY0002,Diabetes - Madhumeha Vataja,,Unknown,5A11,Type 2 diabetes mellitus,0.700,High,Optimized Semantic Matching,2025-09-04
AY0003,Hypertension - Rakta Gata Vata Pittaja,,Unknown,BA00,Essential hypertension,0.950,Expert High,Expert Medical Review,2025-09-04
AY0004,Arthritis - Sandhivata Kaphaja,,Unknown,FA20,Rheumatoid arthritis,0.700,High,Optimized Semantic Matching,2025-09-04
AY0005,Asthma - Tamaka Shwasa Sannipataja,,Unknown,CA23,Asthma,0.800,High,Optimized Semantic Matching,2025-09-04
AY0006,Migraine - Ardhavabhedaka Chronic,,Unknown,8A80,Migraine,0.800,High,Optimized Semantic Matching,2025-09-04
AY0007,Depression - Vishada Acute,,Unknown,6A70,Single episode depressive disorder,0.920,Expert High,Expert Medical Review,2025-09-04
AY0008,Gastritis - Amlapitta,,Unknown,DA42,Gastritis,0.800,High,Optimized Semantic Matching,2025-09-04
AY0009,Insomnia - Anidra Vataja,,Unknown,7A00,Insomnia,0.950,Expert High,Expert Medical Review,2025-09-04
AY0010,Constipation - Vibandha Pittaja,,Unknown,ME05.0,constipation,0.800,High,Optimized Semantic Matching,2025-09-04
AY0011,Obesity - Medoroga Kaphaja,,Unknown,5B81,Obesity,0.800,High,Optimized Semantic Matching,2025-09-04
AY0012,Anemia - Pandu Sannipataja,,Unknown,3A00,Anaemia,0.950,Expert High,Expert Medical Review,2025-09-04
AY0013,Psoriasis - Kitibha Chronic,,Unknown,EA90,Psoriasis,0.800,High,Optimized Semantic Matching,2025-09-04
AY0014,Eczema - Vicharchika Acute,,Unknown,EA80,Atopic dermatitis,0.920,Expert High,Expert Medical Review,2025-09-04
AY0015,Urticaria - Sheetapitta,,Unknown,EA86,Urticaria,0.950,Expert High,Expert Medical Review,2025-09-04
AY0016,Rheumatism - Amavata Vataja,,Unknown,FA20,Rheumatoid arthritis,0.950,Expert High,Expert Medical Review,2025-09-04
AY0017,Epilepsy - Apasmara Pittaja,,Unknown,8A61,Epilepsy,0.950,Expert High,Expert Medical Review,2025-09-04
AY0018,Diarrhea - Atisara Kaphaja,,Unknown,DD91,Diarrhoea,0.950,Expert High,Expert Medical Review,2025-09-04
AY0019,Cough - Kasa Sannipataja,,Unknown,MD12,cough,0.800,High,Optimized Semantic Matching,2025-09-04
AY0020,Cold - Pratishyaya Chronic,,Unknown,CA40,Acute upper respiratory infections,0.900,Expert High,Expert Medical Review,2025-09-04
AY0021,Hemorrhoids - Arsha Acute,,Unknown,DB33,Haemorrhoids,0.950,Expert High,Expert Medical Review,2025-09-04
AY0022,Urinary Stones - Ashmari,,Unknown,GC80,Urolithiasis,0.950,Expert High,Expert Medical Review,2025-09-04
AY0023,Jaundice - Kamala Vataja,,Unknown,DB90,Jaundice,0.950,Expert High,Expert Medical Review,2025-09-04
AY0024,Leucorrhea - Shweta Pradara Pittaja,,Unknown,GA34,Disorders of menstruation,0.880,Expert High,Expert Medical Review,2025-09-04
AY0025,Impotence - Klaibya Kaphaja,,Unknown,HA00,Male sexual dysfunction,0.900,Expert High,Expert Medical Review,2025-09-04
AY0026,Gout - Vatarakta Sannipataja,,Unknown,FA25,Gout,0.800,High,Optimized Semantic Matching,2025-09-04
AY0027,Sciatica - Gridhrasi Chronic,,Unknown,ME84.3,sciatica,0.800,High,Optimized Semantic Matching,2025-09-04
AY0028,Vertigo - Bhrama Acute,,Unknown,MB48.0,vertigo,0.800,High,Optimized Semantic Matching,2025-09-04
AY0029,Sinusitis - Dushta Pratishyaya,,Unknown,SC91,Nasal sinusitis disorder (TM1),0.700,High,Optimized Semantic Matching,2025-09-04
AY0030,Bronchitis - Kasa Roga Vataja,,Unknown,CA20,bronchitis,0.800,High,Optimized Semantic Matching,2025-09-04
AY0031,Fever - Jwara Pittaja,,Unknown,1C30.2,Typhus fever due to Rickettsia typhi,0.700,High,Optimized Semantic Matching,2025-09-04
AY0032,Diabetes - Madhumeha Kaphaja,,Unknown,5A11,Type 2 diabetes mellitus,0.700,High,Optimized Semantic Matching,2025-09-04
AY0033,Hypertension - Rakta Gata Vata Sannipataja,,Unknown,MC80.0,"elevated bloodpressure reading, without diagnosis of hypertension",0.700,High,Optimized Semantic Matching,2025-09-04
AY0034,Arthritis - Sandhivata Chronic,,Unknown,2A81.7,Diffuse large Bcell lymphoma associated with Chronic inflammation,0.700,High,Optimized Semantic Matching,2025-09-04
AY0035,Asthma - Tamaka Shwasa Acute,,Unknown,CA23,Asthma,0.800,High,Optimized Semantic Matching,2025-09-04
AY0036,Migraine - Ardhavabhedaka,,Unknown,8A80,Migraine,0.800,High,Optimized Semantic Matching,2025-09-04
AY0037,Depression - Vishada Vataja,,Unknown,6A70,Single episode depressive disorder,0.920,Expert High,Expert Medical Review,2025-09-04
AY0038,Gastritis - Amlapitta Pittaja,,Unknown,DA42,Gastritis,0.800,High,Optimized Semantic Matching,2025-09-04
AY0039,Insomnia - Anidra Kaphaja,,Unknown,7A00,Insomnia,0.950,Expert High,Expert Medical Review,2025-09-04
AY0040,Constipation - Vibandha Sannipataja,,Unknown,ME05.0,constipation,0.800,High,Optimized Semantic Matching,2025-09-04
AY0041,Obesity - Medoroga Chronic,,Unknown,5B81,Obesity,0.800,High,Optimized Semantic Matching,2025-09-04
AY0042,Anemia - Pandu Acute,,Unknown,3A00,Anaemia,0.950,Expert High,Expert Medical Review,2025-09-04
AY0043,Psoriasis - Kitibha,,Unknown,EA90,Psoriasis,0.800,High,Optimized Semantic Matching,2025-09-04
AY0044,Eczema - Vicharchika Vataja,,Unknown,UNMAPPED,No suitable ICD-11 match found,0.000,No Match,Optimized Semantic Matching,2025-09-04
AY0045,Urticaria - Sheetapitta Pittaja,,Unknown,UNMAPPED,No suitable ICD-11 match found,0.000,No Match,Optimized Semantic Matching,2025-09-04
AY0046,Rheumatism - Amavata Kaphaja,,Unknown,UNMAPPED,No suitable ICD-11 match found,0.000,No Match,Optimized Semantic Matching,2025-09-04
AY0047,Epilepsy - Apasmara Sannipataja,,Unknown,UNMAPPED,No suitable ICD-11 match found,0.000,No Match,Optimized Semantic Matching,2025-09-04
AY0048,Diarrhea - Atisara Chronic,,Unknown,UNMAPPED,No suitable ICD-11 match found,0.000,No Match,Optimized Semantic Matching,2025-09-04
AY0049,Cough - Kasa Acute,,Unknown,MD12,cough,0.800,High,Optimized Semantic Matching,2025-09-04
AY0050,Cold - Pratishyaya,,Unknown,UNMAPPED,No suitable ICD-11 match found,0.000,No Match,Optimized Semantic Matching,2025-09-04
AY0051,Hemorrhoids - Arsha Vataja,,Unknown,UNMAPPED,No suitable ICD-11 match found,0.000,No Match,Optimized Semantic Matching,2025-09-04
AY0052,Urinary Stones - Ashmari Pittaja,,Unknown,UNMAPPED,No suitable ICD-11 match found,0.000,No Match,Optimized Semantic Matching,2025-09-04
AY0053,Jaundice - Kamala Kaphaja,,Unknown,UNMAPPED,No suitable ICD-11 match found,0.000,No Match,Optimized Semantic Matching,2025-09-04
AY0054,Leucorrhea - Shweta Pradara Sannipataja,,Unknown,UNMAPPED,No suitable ICD-11 match found,0.000,No Match,Optimized Semantic Matching,2025-09-04
AY0055,Impotence - Klaibya Chronic,,Unknown,UNMAPPED,No suitable ICD-11 match found,0.000,No Match,Optimized Semantic Matching,2025-09-04
AY0056,Gout - Vatarakta Acute,,Unknown,FA25,Gout,0.800,High,Optimized Semantic Matching,2025-09-04
AY0057,Sciatica - Gridhrasi,,Unknown,ME84.3,sciatica,0.800,High,Optimized Semantic Matching,2025-09-04
AY0058,Vertigo - Bhrama Vataja,,Unknown,MB48.0,vertigo,0.800,High,Optimized Semantic Matching,2025-09-04
AY0059,Sinusitis - Dushta Pratishyaya Pittaja,,Unknown,SC91,Nasal sinusitis disorder (TM1),0.700,High,Optimized Semantic Matching,2025-09-04
AY0060,Bronchitis - Kasa Roga Kaphaja,,Unknown,CA20,bronchitis,0.800,High,Optimized Semantic Matching,2025-09-04
AY0061,Fever - Jwara Sannipataja,,Unknown,1C30.2,Typhus fever due to Rickettsia typhi,0.700,High,Optimized Semantic Matching,2025-09-04
AY0062,Diabetes - Madhumeha Chronic,,Unknown,QA0A.10,special screening examination for diabetes mellitus,0.700,High,Optimized Semantic Matching,2025-09-04
AY0063,Hypertension - Rakta Gata Vata Acute,,Unknown,MC80.0,"elevated bloodpressure reading, without diagnosis of hypertension",0.700,High,Optimized Semantic Matching,2025-09-04
AY0064,Arthritis - Sandhivata,,Unknown,FA20,Rheumatoid arthritis,0.700,High,Optimized Semantic Matching,2025-09-04
AY0065,Asthma - Tamaka Shwasa Vataja,,Unknown,CA23,Asthma,0.800,High,Optimized Semantic Matching,2025-09-04
AY0066,Migraine - Ardhavabhedaka Pittaja,,Unknown,8A80,Migraine,0.800,High,Optimized Semantic Matching,2025-09-04
AY0067,Depression - Vishada Kaphaja,,Unknown,UNMAPPED,No suitable ICD-11 match found,0.000,No Match,Optimized Semantic Matching,2025-09-04
AY0068,Gastritis - Amlapitta Sannipataja,,Unknown,DA42,Gastritis,0.800,High,Optimized Semantic Matching,2025-09-04
AY0069,Insomnia - Anidra Chronic,,Unknown,7A00,Chronic insomnia,0.400,Low,Optimized Semantic Matching,2025-09-04
AY0070,Constipation - Vibandha Acute,,Unknown,ME05.0,constipation,0.800,High,Optimized Semantic Matching,2025-09-04
AY0071,Obesity - Medoroga,,Unknown,5B81,Obesity,0.800,High,Optimized Semantic Matching,2025-09-04
AY0072,Anemia - Pandu Vataja,,Unknown,EF20,Acquired malformations of Cutaneous blood vessels,0.700,High,Optimized Semantic Matching,2025-09-04
AY0073,Psoriasis - Kitibha Pittaja,,Unknown,EA90,Psoriasis,0.800,High,Optimized Semantic Matching,2025-09-04
AY0074,Eczema - Vicharchika Kaphaja,,Unknown,UNMAPPED,No suitable ICD-11 match found,0.000,No Match,Optimized Semantic Matching,2025-09-04
AY0075,Urticaria - Sheetapitta Sannipataja,,Unknown,UNMAPPED,No suitable ICD-11 match found,0.000,No Match,Optimized Semantic Matching,2025-09-04
AY0076,Rheumatism - Amavata Chronic,,Unknown,UNMAPPED,No suitable ICD-11 match found,0.000,No Match,Optimized Semantic Matching,2025-09-04
AY0077,Epilepsy - Apasmara Acute,,Unknown,UNMAPPED,No suitable ICD-11 match found,0.000,No Match,Optimized Semantic Matching,2025-09-04
AY0078,Diarrhea - Atisara,,Unknown,UNMAPPED,No suitable ICD-11 match found,0.000,No Match,Optimized Semantic Matching,2025-09-04
AY0079,Cough - Kasa Vataja,,Unknown,MD12,cough,0.800,High,Optimized Semantic Matching,2025-09-04
AY0080,Cold - Pratishyaya Pittaja,,Unknown,UNMAPPED,No suitable ICD-11 match found,0.000,No Match,Optimized Semantic Matching,2025-09-04
AY0081,Hemorrhoids - Arsha Kaphaja,,Unknown,UNMAPPED,No suitable ICD-11 match found,0.000,No Match,Optimized Semantic Matching,2025-09-04
AY0082,Urinary Stones - Ashmari Sannipataja,,Unknown,UNMAPPED,No suitable ICD-11 match found,0.000,No Match,Optimized Semantic Matching,2025-09-04
AY0083,Jaundice - Kamala Chronic,,Unknown,UNMAPPED,No suitable ICD-11 match found,0.000,No Match,Optimized Semantic Matching,2025-09-04
AY0084,Leucorrhea - Shweta Pradara Acute,,Unknown,UNMAPPED,No suitable ICD-11 match found,0.000,No Match,Optimized Semantic Matching,2025-09-04
AY0085,Impotence - Klaibya,,Unknown,UNMAPPED,No suitable ICD-11 match found,0.000,No Match,Optimized Semantic Matching,2025-09-04
AY0086,Gout - Vatarakta Vataja,,Unknown,FA25,Gout,0.800,High,Optimized Semantic Matching,2025-09-04
AY0087,Sciatica - Gridhrasi Pittaja,,Unknown,ME84.3,sciatica,0.800,High,Optimized Semantic Matching,2025-09-04
AY0088,Vertigo - Bhrama Kaphaja,,Unknown,MB48.0,vertigo,0.800,High,Optimized Semantic Matching,2025-09-04
AY0089,Sinusitis - Dushta Pratishyaya Sannipataja,,Unknown,SC91,Nasal sinusitis disorder (TM1),0.700,High,Optimized Semantic Matching,2025-09-04
AY0090,Bronchitis - Kasa Roga Chronic,,Unknown,CA20,bronchitis,0.800,High,Optimized Semantic Matching,2025-09-04
AY0091,Fever - Jwara Acute,,Unknown,1D2Z,"Dengue fever, unspecified",0.700,High,Optimized Semantic Matching,2025-09-04
AY0092,Diabetes - Madhumeha,,Unknown,5A11,Type 2 diabetes mellitus,0.700,High,Optimized Semantic Matching,2025-09-04
AY0093,Hypertension - Rakta Gata Vata Vataja,,Unknown,MC80.0,"elevated bloodpressure reading, without diagnosis of hypertension",0.700,High,Optimized Semantic Matching,2025-09-04
AY0094,Arthritis - Sandhivata Pittaja,,Unknown,FA20,Rheumatoid arthritis,0.700,High,Optimized Semantic Matching,2025-09-04
AY0095,Asthma - Tamaka Shwasa Kaphaja,,Unknown,CA23,Asthma,0.800,High,Optimized Semantic Matching,2025-09-04
AY0096,Migraine - Ardhavabhedaka Sannipataja,,Unknown,8A80,Migraine,0.800,High,Optimized Semantic Matching,2025-09-04
AY0097,Depression - Vishada Chronic,,Unknown,UNMAPPED,No suitable ICD-11 match found,0.000,No Match,Optimized Semantic Matching,2025-09-04
AY0098,Gastritis - Amlapitta Acute,,Unknown,DA42,Gastritis,0.800,High,Optimized Semantic Matching,2025-09-04
AY0099,Insomnia - Anidra,,Unknown,UNMAPPED,No suitable ICD-11 match found,0.000,No Match,Optimized Semantic Matching,2025-09-04
AY0100,Constipation - Vibandha Vataja,,Unknown,ME05.0,constipation,0.800,High,Optimized Semantic Matching,2025-09-04
AY0101,Obesity - Medoroga Pittaja,,Unknown,5B81,Obesity,0.800,High,Optimized Semantic Matching,2025-09-04
AY0102,Anemia - Pandu Kaphaja,,Unknown,EF20,Acquired malformations of Cutaneous blood vessels,0.700,High,Optimized Semantic Matching,2025-09-04
AY0103,Psoriasis - Kitibha Sannipataja,,Unknown,EA90,Psoriasis,0.800,High,Optimized Semantic Matching,2025-09-04
AY0104,Eczema - Vicharchika Chronic,,Unknown,UNMAPPED,No suitable ICD-11 match found,0.000,No Match,Optimized Semantic Matching,2025-09-04
AY0105,Urticaria - Sheetapitta Acute,,Unknown,EB00.0,Acute Urticaria,0.400,Low,Optimized Semantic Matching,2025-09-04
AY0106,Rheumatism - Amavata,,Unknown,UNMAPPED,No suitable ICD-11 match found,0.000,No Match,Optimized Semantic Matching,2025-09-04
AY0107,Epilepsy - Apasmara Vataja,,Unknown,UNMAPPED,No suitable ICD-11 match found,0.000,No Match,Optimized Semantic Matching,2025-09-04
AY0108,Diarrhea - Atisara Pittaja,,Unknown,UNMAPPED,No suitable ICD-11 match found,0.000,No Match,Optimized Semantic Matching,2025-09-04
AY0109,Cough - Kasa Kaphaja,,Unknown,MD12,cough,0.800,High,Optimized Semantic Matching,2025-09-04
AY0110,Cold - Pratishyaya Sannipataja,,Unknown,UNMAPPED,No suitable ICD-11 match found,0.000,No Match,Optimized Semantic Matching,2025-09-04
AY0111,Hemorrhoids - Arsha Chronic,,Unknown,UNMAPPED,No suitable ICD-11 match found,0.000,No Match,Optimized Semantic Matching,2025-09-04
AY0112,Urinary Stones - Ashmari Acute,,Unknown,UNMAPPED,No suitable ICD-11 match found,0.000,No Match,Optimized Semantic Matching,2025-09-04
AY0113,Jaundice - Kamala,,Unknown,UNMAPPED,No suitable ICD-11 match found,0.000,No Match,Optimized Semantic Matching,2025-09-04
AY0114,Leucorrhea - Shweta Pradara Vataja,,Unknown,UNMAPPED,No suitable ICD-11 match found,0.000,No Match,Optimized Semantic Matching,2025-09-04
AY0115,Impotence - Klaibya Pittaja,,Unknown,UNMAPPED,No suitable ICD-11 match found,0.000,No Match,Optimized Semantic Matching,2025-09-04
AY0116,Gout - Vatarakta Kaphaja,,Unknown,FA25,Gout,0.800,High,Optimized Semantic Matching,2025-09-04
AY0117,Sciatica - Gridhrasi Sannipataja,,Unknown,ME84.3,sciatica,0.800,High,Optimized Semantic Matching,2025-09-04
AY0118,Vertigo - Bhrama Chronic,,Unknown,MB48.0,vertigo,0.800,High,Optimized Semantic Matching,2025-09-04
AY0119,Sinusitis - Dushta Pratishyaya Acute,,Unknown,1E91.41,Acute herpetic geniculate ganglionitis,0.700,High,Optimized Semantic Matching,2025-09-04
AY0120,Bronchitis - Kasa Roga,,Unknown,CA20,bronchitis,0.800,High,Optimized Semantic Matching,2025-09-04
AY0121,Fever - Jwara Vataja,,Unknown,1C30.2,Typhus fever due to Rickettsia typhi,0.700,High,Optimized Semantic Matching,2025-09-04
AY0122,Diabetes - Madhumeha Pittaja,,Unknown,5A11,Type 2 diabetes mellitus,0.700,High,Optimized Semantic Matching,2025-09-04
AY0123,Hypertension - Rakta Gata Vata Kaphaja,,Unknown,MC80.0,"elevated bloodpressure reading, without diagnosis of hypertension",0.700,High,Optimized Semantic Matching,2025-09-04
AY0124,Arthritis - Sandhivata Sannipataja,,Unknown,FA20,Rheumatoid arthritis,0.700,High,Optimized Semantic Matching,2025-09-04
AY0125,Asthma - Tamaka Shwasa Chronic,,Unknown,CA23,Asthma,0.800,High,Optimized Semantic Matching,2025-09-04
AY0126,Migraine - Ardhavabhedaka Acute,,Unknown,8A80,Migraine,0.800,High,Optimized Semantic Matching,2025-09-04
AY0127,Depression - Vishada,,Unknown,UNMAPPED,No suitable ICD-11 match found,0.000,No Match,Optimized Semantic Matching,2025-09-04
AY0128,Gastritis - Amlapitta Vataja,,Unknown,DA42,Gastritis,0.800,High,Optimized Semantic Matching,2025-09-04
AY0129,Insomnia - Anidra Pittaja,,Unknown,UNMAPPED,No suitable ICD-11 match found,0.000,No Match,Optimized Semantic Matching,2025-09-04
AY0130,Constipation - Vibandha Kaphaja,,Unknown,ME05.0,constipation,0.800,High,Optimized Semantic Matching,2025-09-04
AY0131,Obesity - Medoroga Sannipataja,,Unknown,5B81,Obesity,0.800,High,Optimized Semantic Matching,2025-09-04
AY0132,Anemia - Pandu Chronic,,Unknown,UNMAPPED,No suitable ICD-11 match found,0.000,No Match,Optimized Semantic Matching,2025-09-04
AY0133,Psoriasis - Kitibha Acute,,Unknown,EA90,Psoriasis,0.800,High,Optimized Semantic Matching,2025-09-04
AY0134,Eczema - Vicharchika,,Unknown,UNMAPPED,No suitable ICD-11 match found,0.000,No Match,Optimized Semantic Matching,2025-09-04
AY0135,Urticaria - Sheetapitta Vataja,,Unknown,UNMAPPED,No suitable ICD-11 match found,0.000,No Match,Optimized Semantic Matching,2025-09-04
AY0136,Rheumatism - Amavata Pittaja,,Unknown,UNMAPPED,No suitable ICD-11 match found,0.000,No Match,Optimized Semantic Matching,2025-09-04
AY0137,Epilepsy - Apasmara Kaphaja,,Unknown,UNMAPPED,No suitable ICD-11 match found,0.000,No Match,Optimized Semantic Matching,2025-09-04
AY0138,Diarrhea - Atisara Sannipataja,,Unknown,UNMAPPED,No suitable ICD-11 match found,0.000,No Match,Optimized Semantic Matching,2025-09-04
AY0139,Cough - Kasa Chronic,,Unknown,MD12,cough,0.800,High,Optimized Semantic Matching,2025-09-04
AY0140,Cold - Pratishyaya Acute,,Unknown,UNMAPPED,No suitable ICD-11 match found,0.000,No Match,Optimized Semantic Matching,2025-09-04
AY0141,Hemorrhoids - Arsha,,Unknown,UNMAPPED,No suitable ICD-11 match found,0.000,No Match,Optimized Semantic Matching,2025-09-04
AY0142,Urinary Stones - Ashmari Vataja,,Unknown,UNMAPPED,No suitable ICD-11 match found,0.000,No Match,Optimized Semantic Matching,2025-09-04
AY0143,Jaundice - Kamala Pittaja,,Unknown,UNMAPPED,No suitable ICD-11 match found,0.000,No Match,Optimized Semantic Matching,2025-09-04
AY0144,Leucorrhea - Shweta Pradara Kaphaja,,Unknown,UNMAPPED,No suitable ICD-11 match found,0.000,No Match,Optimized Semantic Matching,2025-09-04
AY0145,Impotence - Klaibya Sannipataja,,Unknown,UNMAPPED,No suitable ICD-11 match found,0.000,No Match,Optimized Semantic Matching,2025-09-04
AY0146,Gout - Vatarakta Chronic,,Unknown,FA25,Gout,0.800,High,Optimized Semantic Matching,2025-09-04
AY0147,Sciatica - Gridhrasi Acute,,Unknown,ME84.3,sciatica,0.800,High,Optimized Semantic Matching,2025-09-04
AY0148,Vertigo - Bhrama,,Unknown,MB48.0,vertigo,0.800,High,Optimized Semantic Matching,2025-09-04
AY0149,Sinusitis - Dushta Pratishyaya Vataja,,Unknown,SC91,Nasal sinusitis disorder (TM1),0.700,High,Optimized Semantic Matching,2025-09-04
AY0150,Bronchitis - Kasa Roga Pittaja,,Unknown,CA20,bronchitis,0.800,High,Optimized Semantic Matching,2025-09-04
AY0151,Fever - Jwara Kaphaja,,Unknown,1C30.2,Typhus fever due to Rickettsia typhi,0.700,High,Optimized Semantic Matching,2025-09-04
AY0152,Diabetes - Madhumeha Sannipataja,,Unknown,5A11,Type 2 diabetes mellitus,0.700,High,Optimized Semantic Matching,2025-09-04
AY0153,Hypertension - Rakta Gata Vata Chronic,,Unknown,MC80.0,"elevated bloodpressure reading, without diagnosis of hypertension",0.700,High,Optimized Semantic Matching,2025-09-04
AY0154,Arthritis - Sandhivata Acute,,Unknown,1B41.1Z,"Acute rheumatic endocarditis, unspecified",0.700,High,Optimized Semantic Matching,2025-09-04
AY0155,Asthma - Tamaka Shwasa,,Unknown,CA23,Asthma,0.800,High,Optimized Semantic Matching,2025-09-04
AY0156,Migraine - Ardhavabhedaka Vataja,,Unknown,8A80,Migraine,0.800,High,Optimized Semantic Matching,2025-09-04
AY0157,Depression - Vishada Pittaja,,Unknown,UNMAPPED,No suitable ICD-11 match found,0.000,No Match,Optimized Semantic Matching,2025-09-04
AY0158,Gastritis - Amlapitta Kaphaja,,Unknown,DA42,Gastritis,0.800,High,Optimized Semantic Matching,2025-09-04
AY0159,Insomnia - Anidra Sannipataja,,Unknown,UNMAPPED,No suitable ICD-11 match found,0.000,No Match,Optimized Semantic Matching,2025-09-04
AY0160,Constipation - Vibandha Chronic,,Unknown,ME05.0,constipation,0.800,High,Optimized Semantic Matching,2025-09-04
AY0161,Obesity - Medoroga Acute,,Unknown,5B81,Obesity,0.800,High,Optimized Semantic Matching,2025-09-04
AY0162,Anemia - Pandu,,Unknown,EF20,Acquired malformations of Cutaneous blood vessels,0.700,High,Optimized Semantic Matching,2025-09-04
AY0163,Psoriasis - Kitibha Vataja,,Unknown,EA90,Psoriasis,0.800,High,Optimized Semantic Matching,2025-09-04
AY0164,Eczema - Vicharchika Pittaja,,Unknown,UNMAPPED,No suitable ICD-11 match found,0.000,No Match,Optimized Semantic Matching,2025-09-04
AY0165,Urticaria - Sheetapitta Kaphaja,,Unknown,UNMAPPED,No suitable ICD-11 match found,0.000,No Match,Optimized Semantic Matching,2025-09-04
AY0166,Rheumatism - Amavata Sannipataja,,Unknown,UNMAPPED,No suitable ICD-11 match found,0.000,No Match,Optimized Semantic Matching,2025-09-04
AY0167,Epilepsy - Apasmara Chronic,,Unknown,UNMAPPED,No suitable ICD-11 match found,0.000,No Match,Optimized Semantic Matching,2025-09-04
AY0168,Diarrhea - Atisara Acute,,Unknown,UNMAPPED,No suitable ICD-11 match found,0.000,No Match,Optimized Semantic Matching,2025-09-04
AY0169,Cough - Kasa,,Unknown,MD12,cough,0.800,High,Optimized Semantic Matching,2025-09-04
AY0170,Cold - Pratishyaya Vataja,,Unknown,UNMAPPED,No suitable ICD-11 match found,0.000,No Match,Optimized Semantic Matching,2025-09-04
AY0171,Hemorrhoids - Arsha Pittaja,,Unknown,UNMAPPED,No suitable ICD-11 match found,0.000,No Match,Optimized Semantic Matching,2025-09-04
AY0172,Urinary Stones - Ashmari Kaphaja,,Unknown,UNMAPPED,No suitable ICD-11 match found,0.000,No Match,Optimized Semantic Matching,2025-09-04
AY0173,Jaundice - Kamala Sannipataja,,Unknown,UNMAPPED,No suitable ICD-11 match found,0.000,No Match,Optimized Semantic Matching,2025-09-04
AY0174,Leucorrhea - Shweta Pradara Chronic,,Unknown,UNMAPPED,No suitable ICD-11 match found,0.000,No Match,Optimized Semantic Matching,2025-09-04
AY0175,Impotence - Klaibya Acute,,Unknown,UNMAPPED,No suitable ICD-11 match found,0.000,No Match,Optimized Semantic Matching,2025-09-04
AY0176,Gout - Vatarakta,,Unknown,FA25,Gout,0.800,High,Optimized Semantic Matching,2025-09-04
AY0177,Sciatica - Gridhrasi Vataja,,Unknown,ME84.3,sciatica,0.800,High,Optimized Semantic Matching,2025-09-04
AY0178,Vertigo - Bhrama Pittaja,,Unknown,MB48.0,vertigo,0.800,High,Optimized Semantic Matching,2025-09-04
AY0179,Sinusitis - Dushta Pratishyaya Kaphaja,,Unknown,SC91,Nasal sinusitis disorder (TM1),0.700,High,Optimized Semantic Matching,2025-09-04
AY0180,Bronchitis - Kasa Roga Sannipataja,,Unknown,CA20,bronchitis,0.800,High,Optimized Semantic Matching,2025-09-04
AY0181,Fever - Jwara Chronic,,Unknown,1D2Z,"Dengue fever, unspecified",0.700,High,Optimized Semantic Matching,2025-09-04
AY0182,Diabetes - Madhumeha Acute,,Unknown,QA0A.10,special screening examination for diabetes mellitus,0.700,High,Optimized Semantic Matching,2025-09-04
AY0183,Hypertension - Rakta Gata Vata,,Unknown,MC80.0,"elevated bloodpressure reading, without diagnosis of hypertension",0.700,High,Optimized Semantic Matching,2025-09-04
AY0184,Arthritis - Sandhivata Vataja,,Unknown,FA20,Rheumatoid arthritis,0.700,High,Optimized Semantic Matching,2025-09-04
AY0185,Asthma - Tamaka Shwasa Pittaja,,Unknown,CA23,Asthma,0.800,High,Optimized Semantic Matching,2025-09-04
AY0186,Migraine - Ardhavabhedaka Kaphaja,,Unknown,8A80,Migraine,0.800,High,Optimized Semantic Matching,2025-09-04
AY0187,Depression - Vishada Sannipataja,,Unknown,UNMAPPED,No suitable ICD-11 match found,0.000,No Match,Optimized Semantic Matching,2025-09-04
AY0188,Gastritis - Amlapitta Chronic,,Unknown,DA42,Gastritis,0.800,High,Optimized Semantic Matching,2025-09-04
AY0189,Insomnia - Anidra Acute,,Unknown,UNMAPPED,No suitable ICD-11 match found,0.000,No Match,Optimized Semantic Matching,2025-09-04
AY0190,Constipation - Vibandha,,Unknown,ME05.0,constipation,0.800,High,Optimized Semantic Matching,2025-09-04
AY0191,Obesity - Medoroga Vataja,,Unknown,5B81,Obesity,0.800,High,Optimized Semantic Matching,2025-09-04
AY0192,Anemia - Pandu Pittaja,,Unknown,EF20,Acquired malformations of Cutaneous blood vessels,0.700,High,Optimized Semantic Matching,2025-09-04
AY0193,Psoriasis - Kitibha Kaphaja,,Unknown,EA90,Psoriasis,0.800,High,Optimized Semantic Matching,2025-09-04
AY0194,Eczema - Vicharchika Sannipataja,,Unknown,UNMAPPED,No suitable ICD-11 match found,0.000,No Match,Optimized Semantic Matching,2025-09-04
AY0195,Urticaria - Sheetapitta Chronic,,Unknown,EB00.1,Chronic Urticaria,0.400,Low,Optimized Semantic Matching,2025-09-04
AY0196,Rheumatism - Amavata Acute,,Unknown,UNMAPPED,No suitable ICD-11 match found,0.000,No Match,Optimized Semantic Matching,2025-09-04
AY0197,Epilepsy - Apasmara,,Unknown,UNMAPPED,No suitable ICD-11 match found,0.000,No Match,Optimized Semantic Matching,2025-09-04
AY0198,Diarrhea - Atisara Vataja,,Unknown,UNMAPPED,No suitable ICD-11 match found,0.000,No Match,Optimized Semantic Matching,2025-09-04
AY0199,Cough - Kasa Pittaja,,Unknown,MD12,cough,0.800,High,Optimized Semantic Matching,2025-09-04
AY0200,Cold - Pratishyaya Kaphaja,,Unknown,UNMAPPED,No suitable ICD-11 match found,0.000,No Match,Optimized Semantic Matching,2025-09-04
AY0201,Hemorrhoids - Arsha Sannipataja,,Unknown,UNMAPPED,No suitable ICD-11 match found,0.000,No Match,Optimized Semantic Matching,2025-09-04
AY0202,Urinary Stones - Ashmari Chronic,,Unknown,UNMAPPED,No suitable ICD-11 match found,0.000,No Match,Optimized Semantic Matching,2025-09-04
AY0203,Jaundice - Kamala Acute,,Unknown,UNMAPPED,No suitable ICD-11 match found,0.000,No Match,Optimized Semantic Matching,2025-09-04
AY0204,Leucorrhea - Shweta Pradara,,Unknown,UNMAPPED,No suitable ICD-11 match found,0.000,No Match,Optimized Semantic Matching,2025-09-04
AY0205,Impotence - Klaibya Vataja,,Unknown,UNMAPPED,No suitable ICD-11 match found,0.000,No Match,Optimized Semantic Matching,2025-09-04
AY0206,Gout - Vatarakta Pittaja,,Unknown,FA25,Gout,0.800,High,Optimized Semantic Matching,2025-09-04
AY0207,Sciatica - Gridhrasi Kaphaja,,Unknown,ME84.3,sciatica,0.800,High,Optimized Semantic Matching,2025-09-04
AY0208,Vertigo - Bhrama Sannipataja,,Unknown,MB48.0,vertigo,0.800,High,Optimized Semantic Matching,2025-09-04
AY0209,Sinusitis - Dushta Pratishyaya Chronic,,Unknown,2A81.7,Diffuse large Bcell lymphoma associated with Chronic inflammation,0.700,High,Optimized Semantic Matching,2025-09-04
AY0210,Bronchitis - Kasa Roga Acute,,Unknown,CA20,bronchitis,0.800,High,Optimized Semantic Matching,2025-09-04
AY0211,Fever - Jwara,,Unknown,1C30.2,Typhus fever due to Rickettsia typhi,0.700,High,Optimized Semantic Matching,2025-09-04
AY0212,Diabetes - Madhumeha Vataja,,Unknown,5A11,Type 2 diabetes mellitus,0.700,High,Optimized Semantic Matching,2025-09-04
AY0213,Hypertension - Rakta Gata Vata Pittaja,,Unknown,MC80.0,"elevated bloodpressure reading, without diagnosis of hypertension",0.700,High,Optimized Semantic Matching,2025-09-04
AY0214,Arthritis - Sandhivata Kaphaja,,Unknown,FA20,Rheumatoid arthritis,0.700,High,Optimized Semantic Matching,2025-09-04
AY0215,Asthma - Tamaka Shwasa Sannipataja,,Unknown,CA23,Asthma,0.800,High,Optimized Semantic Matching,2025-09-04
AY0216,Migraine - Ardhavabhedaka Chronic,,Unknown,8A80,Migraine,0.800,High,Optimized Semantic Matching,2025-09-04
AY0217,Depression - Vishada Acute,,Unknown,UNMAPPED,No suitable ICD-11 match found,0.000,No Match,Optimized Semantic Matching,2025-09-04
AY0218,Gastritis - Amlapitta,,Unknown,DA42,Gastritis,0.800,High,Optimized Semantic Matching,2025-09-04
AY0219,Insomnia - Anidra Vataja,,Unknown,UNMAPPED,No suitable ICD-11 match found,0.000,No Match,Optimized Semantic Matching,2025-09-04
AY0220,Constipation - Vibandha Pittaja,,Unknown,ME05.0,constipation,0.800,High,Optimized Semantic Matching,2025-09-04
AY0221,Obesity - Medoroga Kaphaja,,Unknown,5B81,Obesity,0.800,High,Optimized Semantic Matching,2025-09-04
AY0222,Anemia - Pandu Sannipataja,,Unknown,EF20,Acquired malformations of Cutaneous blood vessels,0.700,High,Optimized Semantic Matching,2025-09-04
AY0223,Psoriasis - Kitibha Chronic,,Unknown,EA90,Psoriasis,0.800,High,Optimized Semantic Matching,2025-09-04
AY0224,Eczema - Vicharchika Acute,,Unknown,UNMAPPED,No suitable ICD-11 match found,0.000,No Match,Optimized Semantic Matching,2025-09-04
AY0225,Urticaria - Sheetapitta,,Unknown,UNMAPPED,No suitable ICD-11 match found,0.000,No Match,Optimized Semantic Matching,2025-09-04
AY0226,Rheumatism - Amavata Vataja,,Unknown,UNMAPPED,No suitable ICD-11 match found,0.000,No Match,Optimized Semantic Matching,2025-09-04
AY0227,Epilepsy - Apasmara Pittaja,,Unknown,UNMAPPED,No suitable ICD-11 match found,0.000,No Match,Optimized Semantic Matching,2025-09-04
AY0228,Diarrhea - Atisara Kaphaja,,Unknown,UNMAPPED,No suitable ICD-11 match found,0.000,No Match,Optimized Semantic Matching,2025-09-04
AY0229,Cough - Kasa Sannipataja,,Unknown,MD12,cough,0.800,High,Optimized Semantic Matching,2025-09-04
AY0230,Cold - Pratishyaya Chronic,,Unknown,UNMAPPED,No suitable ICD-11 match found,0.000,No Match,Optimized Semantic Matching,2025-09-04
AY0231,Hemorrhoids - Arsha Acute,,Unknown,UNMAPPED,No suitable ICD-11 match found,0.000,No Match,Optimized Semantic Matching,2025-09-04
AY0232,Urinary Stones - Ashmari,,Unknown,UNMAPPED,No suitable ICD-11 match found,0.000,No Match,Optimized Semantic Matching,2025-09-04
AY0233,Jaundice - Kamala Vataja,,Unknown,UNMAPPED,No suitable ICD-11 match found,0.000,No Match,Optimized Semantic Matching,2025-09-04
AY0234,Leucorrhea - Shweta Pradara Pittaja,,Unknown,UNMAPPED,No suitable ICD-11 match found,0.000,No Match,Optimized Semantic Matching,2025-09-04
AY0235,Impotence - Klaibya Kaphaja,,Unknown,UNMAPPED,No suitable ICD-11 match found,0.000,No Match,Optimized Semantic Matching,2025-09-04
AY0236,Gout - Vatarakta Sannipataja,,Unknown,FA25,Gout,0.800,High,Optimized Semantic Matching,2025-09-04
AY0237,Sciatica - Gridhrasi Chronic,,Unknown,ME84.3,sciatica,0.800,High,Optimized Semantic Matching,2025-09-04
AY0238,Vertigo - Bhrama Acute,,Unknown,MB48.0,vertigo,0.800,High,Optimized Semantic Matching,2025-09-04
AY0239,Sinusitis - Dushta Pratishyaya,,Unknown,SC91,Nasal sinusitis disorder (TM1),0.700,High,Optimized Semantic Matching,2025-09-04
AY0240,Bronchitis - Kasa Roga Vataja,,Unknown,CA20,bronchitis,0.800,High,Optimized Semantic Matching,2025-09-04
AY0241,Fever - Jwara Pittaja,,Unknown,1C30.2,Typhus fever due to Rickettsia typhi,0.700,High,Optimized Semantic Matching,2025-09-04
AY0242,Diabetes - Madhumeha Kaphaja,,Unknown,5A11,Type 2 diabetes mellitus,0.700,High,Optimized Semantic Matching,2025-09-04
AY0243,Hypertension - Rakta Gata Vata Sannipataja,,Unknown,MC80.0,"elevated bloodpressure reading, without diagnosis of hypertension",0.700,High,Optimized Semantic Matching,2025-09-04
AY0244,Arthritis - Sandhivata Chronic,,Unknown,2A81.7,Diffuse large Bcell lymphoma associated with Chronic inflammation,0.700,High,Optimized Semantic Matching,2025-09-04
AY0245,Asthma - Tamaka Shwasa Acute,,Unknown,CA23,Asthma,0.800,High,Optimized Semantic Matching,2025-09-04
AY0246,Migraine - Ardhavabhedaka,,Unknown,8A80,Migraine,0.800,High,Optimized Semantic Matching,2025-09-04
AY0247,Depression - Vishada Vataja,,Unknown,UNMAPPED,No suitable ICD-11 match found,0.000,No Match,Optimized Semantic Matching,2025-09-04
AY0248,Gastritis - Amlapitta Pittaja,,Unknown,DA42,Gastritis,0.800,High,Optimized Semantic Matching,2025-09-04
AY0249,Insomnia - Anidra Kaphaja,,Unknown,UNMAPPED,No suitable ICD-11 match found,0.000,No Match,Optimized Semantic Matching,2025-09-04
AY0250,Constipation - Vibandha Sannipataja,,Unknown,ME05.0,constipation,0.800,High,Optimized Semantic Matching,2025-09-04
AY0251,Obesity - Medoroga Chronic,,Unknown,5B81,Obesity,0.800,High,Optimized Semantic Matching,2025-09-04
AY0252,Anemia - Pandu Acute,,Unknown,UNMAPPED,No suitable ICD-11 match found,0.000,No Match,Optimized Semantic Matching,2025-09-04
AY0253,Psoriasis - Kitibha,,Unknown,EA90,Psoriasis,0.800,High,Optimized Semantic Matching,2025-09-04
AY0254,Eczema - Vicharchika Vataja,,Unknown,UNMAPPED,No suitable ICD-11 match found,0.000,No Match,Optimized Semantic Matching,2025-09-04
AY0255,Urticaria - Sheetapitta Pittaja,,Unknown,UNMAPPED,No suitable ICD-11 match found,0.000,No Match,Optimized Semantic Matching,2025-09-04
AY0256,Rheumatism - Amavata Kaphaja,,Unknown,UNMAPPED,No suitable ICD-11 match found,0.000,No Match,Optimized Semantic Matching,2025-09-04
AY0257,Epilepsy - Apasmara Sannipataja,,Unknown,UNMAPPED,No suitable ICD-11 match found,0.000,No Match,Optimized Semantic Matching,2025-09-04
AY0258,Diarrhea - Atisara Chronic,,Unknown,UNMAPPED,No suitable ICD-11 match found,0.000,No Match,Optimized Semantic Matching,2025-09-04
AY0259,Cough - Kasa Acute,,Unknown,MD12,cough,0.800,High,Optimized Semantic Matching,2025-09-04
AY0260,Cold - Pratishyaya,,Unknown,UNMAPPED,No suitable ICD-11 match found,0.000,No Match,Optimized Semantic Matching,2025-09-04
AY0261,Hemorrhoids - Arsha Vataja,,Unknown,UNMAPPED,No suitable ICD-11 match found,0.000,No Match,Optimized Semantic Matching,2025-09-04
AY0262,Urinary Stones - Ashmari Pittaja,,Unknown,UNMAPPED,No suitable ICD-11 match found,0.000,No Match,Optimized Semantic Matching,2025-09-04
AY0263,Jaundice - Kamala Kaphaja,,Unknown,UNMAPPED,No suitable ICD-11 match found,0.000,No Match,Optimized Semantic Matching,2025-09-04
AY0264,Leucorrhea - Shweta Pradara Sannipataja,,Unknown,UNMAPPED,No suitable ICD-11 match found,0.000,No Match,Optimized Semantic Matching,2025-09-04
AY0265,Impotence - Klaibya Chronic,,Unknown,UNMAPPED,No suitable ICD-11 match found,0.000,No Match,Optimized Semantic Matching,2025-09-04
AY0266,Gout - Vatarakta Acute,,Unknown,FA25,Gout,0.800,High,Optimized Semantic Matching,2025-09-04
AY0267,Sciatica - Gridhrasi,,Unknown,ME84.3,sciatica,0.800,High,Optimized Semantic Matching,2025-09-04
AY0268,Vertigo - Bhrama Vataja,,Unknown,MB48.0,vertigo,0.800,High,Optimized Semantic Matching,2025-09-04
AY0269,Sinusitis - Dushta Pratishyaya Pittaja,,Unknown,SC91,Nasal sinusitis disorder (TM1),0.700,High,Optimized Semantic Matching,2025-09-04
AY0270,Bronchitis - Kasa Roga Kaphaja,,Unknown,CA20,bronchitis,0.800,High,Optimized Semantic Matching,2025-09-04
AY0271,Fever - Jwara Sannipataja,,Unknown,1C30.2,Typhus fever due to Rickettsia typhi,0.700,High,Optimized Semantic Matching,2025-09-04
AY0272,Diabetes - Madhumeha Chronic,,Unknown,QA0A.10,special screening examination for diabetes mellitus,0.700,High,Optimized Semantic Matching,2025-09-04
AY0273,Hypertension - Rakta Gata Vata Acute,,Unknown,MC80.0,"elevated bloodpressure reading, without diagnosis of hypertension",0.700,High,Optimized Semantic Matching,2025-09-04
AY0274,Arthritis - Sandhivata,,Unknown,FA20,Rheumatoid arthritis,0.700,High,Optimized Semantic Matching,2025-09-04
AY0275,Asthma - Tamaka Shwasa Vataja,,Unknown,CA23,Asthma,0.800,High,Optimized Semantic Matching,2025-09-04
AY0276,Migraine - Ardhavabhedaka Pittaja,,Unknown,8A80,Migraine,0.800,High,Optimized Semantic Matching,2025-09-04
AY0277,Depression - Vishada Kaphaja,,Unknown,UNMAPPED,No suitable ICD-11 match found,0.000,No Match,Optimized Semantic Matching,2025-09-04
AY0278,Gastritis - Amlapitta Sannipataja,,Unknown,DA42,Gastritis,0.800,High,Optimized Semantic Matching,2025-09-04
AY0279,Insomnia - Anidra Chronic,,Unknown,7A00,Chronic insomnia,0.400,Low,Optimized Semantic Matching,2025-09-04
AY0280,Constipation - Vibandha Acute,,Unknown,ME05.0,constipation,0.800,High,Optimized Semantic Matching,2025-09-04
AY0281,Obesity - Medoroga,,Unknown,5B81,Obesity,0.800,High,Optimized Semantic Matching,2025-09-04
AY0282,Anemia - Pandu Vataja,,Unknown,EF20,Acquired malformations of Cutaneous blood vessels,0.700,High,Optimized Semantic Matching,2025-09-04
AY0283,Psoriasis - Kitibha Pittaja,,Unknown,EA90,Psoriasis,0.800,High,Optimized Semantic Matching,2025-09-04
AY0284,Eczema - Vicharchika Kaphaja,,Unknown,UNMAPPED,No suitable ICD-11 match found,0.000,No Match,Optimized Semantic Matching,2025-09-04
AY0285,Urticaria - Sheetapitta Sannipataja,,Unknown,UNMAPPED,No suitable ICD-11 match found,0.000,No Match,Optimized Semantic Matching,2025-09-04
AY0286,Rheumatism - Amavata Chronic,,Unknown,UNMAPPED,No suitable ICD-11 match found,0.000,No Match,Optimized Semantic Matching,2025-09-04
AY0287,Epilepsy - Apasmara Acute,,Unknown,UNMAPPED,No suitable ICD-11 match found,0.000,No Match,Optimized Semantic Matching,2025-09-04
AY0288,Diarrhea - Atisara,,Unknown,UNMAPPED,No suitable ICD-11 match found,0.000,No Match,Optimized Semantic Matching,2025-09-04
AY0289,Cough - Kasa Vataja,,Unknown,MD12,cough,0.800,High,Optimized Semantic Matching,2025-09-04
AY0290,Cold - Pratishyaya Pittaja,,Unknown,UNMAPPED,No suitable ICD-11 match found,0.000,No Match,Optimized Semantic Matching,2025-09-04
AY0291,Hemorrhoids - Arsha Kaphaja,,Unknown,UNMAPPED,No suitable ICD-11 match found,0.000,No Match,Optimized Semantic Matching,2025-09-04
AY0292,Urinary Stones - Ashmari Sannipataja,,Unknown,UNMAPPED,No suitable ICD-11 match found,0.000,No Match,Optimized Semantic Matching,2025-09-04
AY0293,Jaundice - Kamala Chronic,,Unknown,UNMAPPED,No suitable ICD-11 match found,0.000,No Match,Optimized Semantic Matching,2025-09-04
AY0294,Leucorrhea - Shweta Pradara Acute,,Unknown,UNMAPPED,No suitable ICD-11 match found,0.000,No Match,Optimized Semantic Matching,2025-09-04
AY0295,Impotence - Klaibya,,Unknown,UNMAPPED,No suitable ICD-11 match found,0.000,No Match,Optimized Semantic Matching,2025-09-04
AY0296,Gout - Vatarakta Vataja,,Unknown,FA25,Gout,0.800,High,Optimized Semantic Matching,2025-09-04
AY0297,Sciatica - Gridhrasi Pittaja,,Unknown,ME84.3,sciatica,0.800,High,Optimized Semantic Matching,2025-09-04
AY0298,Vertigo - Bhrama Kaphaja,,Unknown,MB48.0,vertigo,0.800,High,Optimized Semantic Matching,2025-09-04
AY0299,Sinusitis - Dushta Pratishyaya Sannipataja,,Unknown,SC91,Nasal sinusitis disorder (TM1),0.700,High,Optimized Semantic Matching,2025-09-04
AY0300,Bronchitis - Kasa Roga Chronic,,Unknown,CA20,bronchitis,0.800,High,Optimized Semantic Matching,2025-09-04
AY0301,Fever - Jwara Acute,,Unknown,1D2Z,"Dengue fever, unspecified",0.700,High,Optimized Semantic Matching,2025-09-04
AY0302,Diabetes - Madhumeha,,Unknown,5A11,Type 2 diabetes mellitus,0.700,High,Optimized Semantic Matching,2025-09-04
AY0303,Hypertension - Rakta Gata Vata Vataja,,Unknown,MC80.0,"elevated bloodpressure reading, without diagnosis of hypertension",0.700,High,Optimized Semantic Matching,2025-09-04
AY0304,Arthritis - Sandhivata Pittaja,,Unknown,FA20,Rheumatoid arthritis,0.700,High,Optimized Semantic Matching,2025-09-04
AY0305,Asthma - Tamaka Shwasa Kaphaja,,Unknown,CA23,Asthma,0.800,High,Optimized Semantic Matching,2025-09-04
AY0306,Migraine - Ardhavabhedaka Sannipataja,,Unknown,8A80,Migraine,0.800,High,Optimized Semantic Matching,2025-09-04
AY0307,Depression - Vishada Chronic,,Unknown,UNMAPPED,No suitable ICD-11 match found,0.000,No Match,Optimized Semantic Matching,2025-09-04
AY0308,Gastritis - Amlapitta Acute,,Unknown,DA42,Gastritis,0.800,High,Optimized Semantic Matching,2025-09-04
AY0309,Insomnia - Anidra,,Unknown,UNMAPPED,No suitable ICD-11 match found,0.000,No Match,Optimized Semantic Matching,2025-09-04
AY0310,Constipation - Vibandha Vataja,,Unknown,ME05.0,constipation,0.800,High,Optimized Semantic Matching,2025-09-04
AY0311,Obesity - Medoroga Pittaja,,Unknown,5B81,Obesity,0.800,High,Optimized Semantic Matching,2025-09-04
AY0312,Anemia - Pandu Kaphaja,,Unknown,EF20,Acquired malformations of Cutaneous blood vessels,0.700,High,Optimized Semantic Matching,2025-09-04
AY0313,Psoriasis - Kitibha Sannipataja,,Unknown,EA90,Psoriasis,0.800,High,Optimized Semantic Matching,2025-09-04
AY0314,Eczema - Vicharchika Chronic,,Unknown,UNMAPPED,No suitable ICD-11 match found,0.000,No Match,Optimized Semantic Matching,2025-09-04
AY0315,Urticaria - Sheetapitta Acute,,Unknown,EB00.0,Acute Urticaria,0.400,Low,Optimized Semantic Matching,2025-09-04
AY0316,Rheumatism - Amavata,,Unknown,UNMAPPED,No suitable ICD-11 match found,0.000,No Match,Optimized Semantic Matching,2025-09-04
AY0317,Epilepsy - Apasmara Vataja,,Unknown,UNMAPPED,No suitable ICD-11 match found,0.000,No Match,Optimized Semantic Matching,2025-09-04
AY0318,Diarrhea - Atisara Pittaja,,Unknown,UNMAPPED,No suitable ICD-11 match found,0.000,No Match,Optimized Semantic Matching,2025-09-04
AY0319,Cough - Kasa Kaphaja,,Unknown,MD12,cough,0.800,High,Optimized Semantic Matching,2025-09-04
AY0320,Cold - Pratishyaya Sannipataja,,Unknown,UNMAPPED,No suitable ICD-11 match found,0.000,No Match,Optimized Semantic Matching,2025-09-04
AY0321,Hemorrhoids - Arsha Chronic,,Unknown,UNMAPPED,No suitable ICD-11 match found,0.000,No Match,Optimized Semantic Matching,2025-09-04
AY0322,Urinary Stones - Ashmari Acute,,Unknown,UNMAPPED,No suitable ICD-11 match found,0.000,No Match,Optimized Semantic Matching,2025-09-04
AY0323,Jaundice - Kamala,,Unknown,UNMAPPED,No suitable ICD-11 match found,0.000,No Match,Optimized Semantic Matching,2025-09-04
AY0324,Leucorrhea - Shweta Pradara Vataja,,Unknown,UNMAPPED,No suitable ICD-11 match found,0.000,No Match,Optimized Semantic Matching,2025-09-04
AY0325,Impotence - Klaibya Pittaja,,Unknown,UNMAPPED,No suitable ICD-11 match found,0.000,No Match,Optimized Semantic Matching,2025-09-04
AY0326,Gout - Vatarakta Kaphaja,,Unknown,FA25,Gout,0.800,High,Optimized Semantic Matching,2025-09-04
AY0327,Sciatica - Gridhrasi Sannipataja,,Unknown,ME84.3,sciatica,0.800,High,Optimized Semantic Matching,2025-09-04
AY0328,Vertigo - Bhrama Chronic,,Unknown,MB48.0,vertigo,0.800,High,Optimized Semantic Matching,2025-09-04
AY0329,Sinusitis - Dushta Pratishyaya Acute,,Unknown,1E91.41,Acute herpetic geniculate ganglionitis,0.700,High,Optimized Semantic Matching,2025-09-04
AY0330,Bronchitis - Kasa Roga,,Unknown,CA20,bronchitis,0.800,High,Optimized Semantic Matching,2025-09-04
AY0331,Fever - Jwara Vataja,,Unknown,1C30.2,Typhus fever due to Rickettsia typhi,0.700,High,Optimized Semantic Matching,2025-09-04
AY0332,Diabetes - Madhumeha Pittaja,,Unknown,5A11,Type 2 diabetes mellitus,0.700,High,Optimized Semantic Matching,2025-09-04
AY0333,Hypertension - Rakta Gata Vata Kaphaja,,Unknown,MC80.0,"elevated bloodpressure reading, without diagnosis of hypertension",0.700,High,Optimized Semantic Matching,2025-09-04
AY0334,Arthritis - Sandhivata Sannipataja,,Unknown,FA20,Rheumatoid arthritis,0.700,High,Optimized Semantic Matching,2025-09-04
AY0335,Asthma - Tamaka Shwasa Chronic,,Unknown,CA23,Asthma,0.800,High,Optimized Semantic Matching,2025-09-04
AY0336,Migraine - Ardhavabhedaka Acute,,Unknown,8A80,Migraine,0.800,High,Optimized Semantic Matching,2025-09-04
AY0337,Depression - Vishada,,Unknown,UNMAPPED,No suitable ICD-11 match found,0.000,No Match,Optimized Semantic Matching,2025-09-04
AY0338,Gastritis - Amlapitta Vataja,,Unknown,DA42,Gastritis,0.800,High,Optimized Semantic Matching,2025-09-04
AY0339,Insomnia - Anidra Pittaja,,Unknown,UNMAPPED,No suitable ICD-11 match found,0.000,No Match,Optimized Semantic Matching,2025-09-04
AY0340,Constipation - Vibandha Kaphaja,,Unknown,ME05.0,constipation,0.800,High,Optimized Semantic Matching,2025-09-04
AY0341,Obesity - Medoroga Sannipataja,,Unknown,5B81,Obesity,0.800,High,Optimized Semantic Matching,2025-09-04
AY0342,Anemia - Pandu Chronic,,Unknown,UNMAPPED,No suitable ICD-11 match found,0.000,No Match,Optimized Semantic Matching,2025-09-04
AY0343,Psoriasis - Kitibha Acute,,Unknown,EA90,Psoriasis,0.800,High,Optimized Semantic Matching,2025-09-04
AY0344,Eczema - Vicharchika,,Unknown,UNMAPPED,No suitable ICD-11 match found,0.000,No Match,Optimized Semantic Matching,2025-09-04
AY0345,Urticaria - Sheetapitta Vataja,,Unknown,UNMAPPED,No suitable ICD-11 match found,0.000,No Match,Optimized Semantic Matching,2025-09-04
AY0346,Rheumatism - Amavata Pittaja,,Unknown,UNMAPPED,No suitable ICD-11 match found,0.000,No Match,Optimized Semantic Matching,2025-09-04
AY0347,Epilepsy - Apasmara Kaphaja,,Unknown,UNMAPPED,No suitable ICD-11 match found,0.000,No Match,Optimized Semantic Matching,2025-09-04
AY0348,Diarrhea - Atisara Sannipataja,,Unknown,UNMAPPED,No suitable ICD-11 match found,0.000,No Match,Optimized Semantic Matching,2025-09-04
AY0349,Cough - Kasa Chronic,,Unknown,MD12,cough,0.800,High,Optimized Semantic Matching,2025-09-04
AY0350,Cold - Pratishyaya Acute,,Unknown,UNMAPPED,No suitable ICD-11 match found,0.000,No Match,Optimized Semantic Matching,2025-09-04
AY0351,Hemorrhoids - Arsha,,Unknown,UNMAPPED,No suitable ICD-11 match found,0.000,No Match,Optimized Semantic Matching,2025-09-04
AY0352,Urinary Stones - Ashmari Vataja,,Unknown,UNMAPPED,No suitable ICD-11 match found,0.000,No Match,Optimized Semantic Matching,2025-09-04
AY0353,Jaundice - Kamala Pittaja,,Unknown,UNMAPPED,No suitable ICD-11 match found,0.000,No Match,Optimized Semantic Matching,2025-09-04
AY0354,Leucorrhea - Shweta Pradara Kaphaja,,Unknown,UNMAPPED,No suitable ICD-11 match found,0.000,No Match,Optimized Semantic Matching,2025-09-04
AY0355,Impotence - Klaibya Sannipataja,,Unknown,UNMAPPED,No suitable ICD-11 match found,0.000,No Match,Optimized Semantic Matching,2025-09-04
AY0356,Gout - Vatarakta Chronic,,Unknown,FA25,Gout,0.800,High,Optimized Semantic Matching,2025-09-04
AY0357,Sciatica - Gridhrasi Acute,,Unknown,ME84.3,sciatica,0.800,High,Optimized Semantic Matching,2025-09-04
AY0358,Vertigo - Bhrama,,Unknown,MB48.0,vertigo,0.800,High,Optimized Semantic Matching,2025-09-04
AY0359,Sinusitis - Dushta Pratishyaya Vataja,,Unknown,SC91,Nasal sinusitis disorder (TM1),0.700,High,Optimized Semantic Matching,2025-09-04
AY0360,Bronchitis - Kasa Roga Pittaja,,Unknown,CA20,bronchitis,0.800,High,Optimized Semantic Matching,2025-09-04
AY0361,Fever - Jwara Kaphaja,,Unknown,1C30.2,Typhus fever due to Rickettsia typhi,0.700,High,Optimized Semantic Matching,2025-09-04
AY0362,Diabetes - Madhumeha Sannipataja,,Unknown,5A11,Type 2 diabetes mellitus,0.700,High,Optimized Semantic Matching,2025-09-04
AY0363,Hypertension - Rakta Gata Vata Chronic,,Unknown,MC80.0,"elevated bloodpressure reading, without diagnosis of hypertension",0.700,High,Optimized Semantic Matching,2025-09-04
AY0364,Arthritis - Sandhivata Acute,,Unknown,1B41.1Z,"Acute rheumatic endocarditis, unspecified",0.700,High,Optimized Semantic Matching,2025-09-04
AY0365,Asthma - Tamaka Shwasa,,Unknown,CA23,Asthma,0.800,High,Optimized Semantic Matching,2025-09-04
AY0366,Migraine - Ardhavabhedaka Vataja,,Unknown,8A80,Migraine,0.800,High,Optimized Semantic Matching,2025-09-04
AY0367,Depression - Vishada Pittaja,,Unknown,UNMAPPED,No suitable ICD-11 match found,0.000,No Match,Optimized Semantic Matching,2025-09-04
AY0368,Gastritis - Amlapitta Kaphaja,,Unknown,DA42,Gastritis,0.800,High,Optimized Semantic Matching,2025-09-04
AY0369,Insomnia - Anidra Sannipataja,,Unknown,UNMAPPED,No suitable ICD-11 match found,0.000,No Match,Optimized Semantic Matching,2025-09-04
AY0370,Constipation - Vibandha Chronic,,Unknown,ME05.0,constipation,0.800,High,Optimized Semantic Matching,2025-09-04
AY0371,Obesity - Medoroga Acute,,Unknown,5B81,Obesity,0.800,High,Optimized Semantic Matching,2025-09-04
AY0372,Anemia - Pandu,,Unknown,EF20,Acquired malformations of Cutaneous blood vessels,0.700,High,Optimized Semantic Matching,2025-09-04
AY0373,Psoriasis - Kitibha Vataja,,Unknown,EA90,Psoriasis,0.800,High,Optimized Semantic Matching,2025-09-04
AY0374,Eczema - Vicharchika Pittaja,,Unknown,UNMAPPED,No suitable ICD-11 match found,0.000,No Match,Optimized Semantic Matching,2025-09-04
AY0375,Urticaria - Sheetapitta Kaphaja,,Unknown,UNMAPPED,No suitable ICD-11 match found,0.000,No Match,Optimized Semantic Matching,2025-09-04
AY0376,Rheumatism - Amavata Sannipataja,,Unknown,UNMAPPED,No suitable ICD-11 match found,0.000,No Match,Optimized Semantic Matching,2025-09-04
AY0377,Epilepsy - Apasmara Chronic,,Unknown,UNMAPPED,No suitable ICD-11 match found,0.000,No Match,Optimized Semantic Matching,2025-09-04
AY0378,Diarrhea - Atisara Acute,,Unknown,UNMAPPED,No suitable ICD-11 match found,0.000,No Match,Optimized Semantic Matching,2025-09-04
AY0379,Cough - Kasa,,Unknown,MD12,cough,0.800,High,Optimized Semantic Matching,2025-09-04
AY0380,Cold - Pratishyaya Vataja,,Unknown,UNMAPPED,No suitable ICD-11 match found,0.000,No Match,Optimized Semantic Matching,2025-09-04
AY0381,Hemorrhoids - Arsha Pittaja,,Unknown,UNMAPPED,No suitable ICD-11 match found,0.000,No Match,Optimized Semantic Matching,2025-09-04
AY0382,Urinary Stones - Ashmari Kaphaja,,Unknown,UNMAPPED,No suitable ICD-11 match found,0.000,No Match,Optimized Semantic Matching,2025-09-04
AY0383,Jaundice - Kamala Sannipataja,,Unknown,UNMAPPED,No suitable ICD-11 match found,0.000,No Match,Optimized Semantic Matching,2025-09-04
AY0384,Leucorrhea - Shweta Pradara Chronic,,Unknown,UNMAPPED,No suitable ICD-11 match found,0.000,No Match,Optimized Semantic Matching,2025-09-04
AY0385,Impotence - Klaibya Acute,,Unknown,UNMAPPED,No suitable ICD-11 match found,0.000,No Match,Optimized Semantic Matching,2025-09-04
AY0386,Gout - Vatarakta,,Unknown,FA25,Gout,0.800,High,Optimized Semantic Matching,2025-09-04
AY0387,Sciatica - Gridhrasi Vataja,,Unknown,ME84.3,sciatica,0.800,High,Optimized Semantic Matching,2025-09-04
AY0388,Vertigo - Bhrama Pittaja,,Unknown,MB48.0,vertigo,0.800,High,Optimized Semantic Matching,2025-09-04
AY0389,Sinusitis - Dushta Pratishyaya Kaphaja,,Unknown,SC91,Nasal sinusitis disorder (TM1),0.700,High,Optimized Semantic Matching,2025-09-04
AY0390,Bronchitis - Kasa Roga Sannipataja,,Unknown,CA20,bronchitis,0.800,High,Optimized Semantic Matching,2025-09-04
AY0391,Fever - Jwara Chronic,,Unknown,1D2Z,"Dengue fever, unspecified",0.700,High,Optimized Semantic Matching,2025-09-04
AY0392,Diabetes - Madhumeha Acute,,Unknown,QA0A.10,special screening examination for diabetes mellitus,0.700,High,Optimized Semantic Matching,2025-09-04
AY0393,Hypertension - Rakta Gata Vata,,Unknown,MC80.0,"elevated bloodpressure reading, without diagnosis of hypertension",0.700,High,Optimized Semantic Matching,2025-09-04
AY0394,Arthritis - Sandhivata Vataja,,Unknown,FA20,Rheumatoid arthritis,0.700,High,Optimized Semantic Matching,2025-09-04
AY0395,Asthma - Tamaka Shwasa Pittaja,,Unknown,CA23,Asthma,0.800,High,Optimized Semantic Matching,2025-09-04
AY0396,Migraine - Ardhavabhedaka Kaphaja,,Unknown,8A80,Migraine,0.800,High,Optimized Semantic Matching,2025-09-04
AY0397,Depression - Vishada Sannipataja,,Unknown,UNMAPPED,No suitable ICD-11 match found,0.000,No Match,Optimized Semantic Matching,2025-09-04
AY0398,Gastritis - Amlapitta Chronic,,Unknown,DA42,Gastritis,0.800,High,Optimized Semantic Matching,2025-09-04
AY0399,Insomnia - Anidra Acute,,Unknown,UNMAPPED,No suitable ICD-11 match found,0.000,No Match,Optimized Semantic Matching,2025-09-04
AY0400,Constipation - Vibandha,,Unknown,ME05.0,constipation,0.800,High,Optimized Semantic Matching,2025-09-04
AY0401,Obesity - Medoroga Vataja,,Unknown,5B81,Obesity,0.800,High,Optimized Semantic Matching,2025-09-04
AY0402,Anemia - Pandu Pittaja,,Unknown,EF20,Acquired malformations of Cutaneous blood vessels,0.700,High,Optimized Semantic Matching,2025-09-04
AY0403,Psoriasis - Kitibha Kaphaja,,Unknown,EA90,Psoriasis,0.800,High,Optimized Semantic Matching,2025-09-04
AY0404,Eczema - Vicharchika Sannipataja,,Unknown,UNMAPPED,No suitable ICD-11 match found,0.000,No Match,Optimized Semantic Matching,2025-09-04
AY0405,Urticaria - Sheetapitta Chronic,,Unknown,EB00.1,Chronic Urticaria,0.400,Low,Optimized Semantic Matching,2025-09-04
AY0406,Rheumatism - Amavata Acute,,Unknown,UNMAPPED,No suitable ICD-11 match found,0.000,No Match,Optimized Semantic Matching,2025-09-04
AY0407,Epilepsy - Apasmara,,Unknown,UNMAPPED,No suitable ICD-11 match found,0.000,No Match,Optimized Semantic Matching,2025-09-04
AY0408,Diarrhea - Atisara Vataja,,Unknown,UNMAPPED,No suitable ICD-11 match found,0.000,No Match,Optimized Semantic Matching,2025-09-04
AY0409,Cough - Kasa Pittaja,,Unknown,MD12,cough,0.800,High,Optimized Semantic Matching,2025-09-04
AY0410,Cold - Pratishyaya Kaphaja,,Unknown,UNMAPPED,No suitable ICD-11 match found,0.000,No Match,Optimized Semantic Matching,2025-09-04
AY0411,Hemorrhoids - Arsha Sannipataja,,Unknown,UNMAPPED,No suitable ICD-11 match found,0.000,No Match,Optimized Semantic Matching,2025-09-04
AY0412,Urinary Stones - Ashmari Chronic,,Unknown,UNMAPPED,No suitable ICD-11 match found,0.000,No Match,Optimized Semantic Matching,2025-09-04
AY0413,Jaundice - Kamala Acute,,Unknown,UNMAPPED,No suitable ICD-11 match found,0.000,No Match,Optimized Semantic Matching,2025-09-04
AY0414,Leucorrhea - Shweta Pradara,,Unknown,UNMAPPED,No suitable ICD-11 match found,0.000,No Match,Optimized Semantic Matching,2025-09-04
AY0415,Impotence - Klaibya Vataja,,Unknown,UNMAPPED,No suitable ICD-11 match found,0.000,No Match,Optimized Semantic Matching,2025-09-04
AY0416,Gout - Vatarakta Pittaja,,Unknown,FA25,Gout,0.800,High,Optimized Semantic Matching,2025-09-04
AY0417,Sciatica - Gridhrasi Kaphaja,,Unknown,ME84.3,sciatica,0.800,High,Optimized Semantic Matching,2025-09-04
AY0418,Vertigo - Bhrama Sannipataja,,Unknown,MB48.0,vertigo,0.800,High,Optimized Semantic Matching,2025-09-04
AY0419,Sinusitis - Dushta Pratishyaya Chronic,,Unknown,2A81.7,Diffuse large Bcell lymphoma associated with Chronic inflammation,0.700,High,Optimized Semantic Matching,2025-09-04
AY0420,Bronchitis - Kasa Roga Acute,,Unknown,CA20,bronchitis,0.800,High,Optimized Semantic Matching,2025-09-04
AY0421,Fever - Jwara,,Unknown,1C30.2,Typhus fever due to Rickettsia typhi,0.700,High,Optimized Semantic Matching,2025-09-04
AY0422,Diabetes - Madhumeha Vataja,,Unknown,5A11,Type 2 diabetes mellitus,0.700,High,Optimized Semantic Matching,2025-09-04
AY0423,Hypertension - Rakta Gata Vata Pittaja,,Unknown,MC80.0,"elevated bloodpressure reading, without diagnosis of hypertension",0.700,High,Optimized Semantic Matching,2025-09-04
AY0424,Arthritis - Sandhivata Kaphaja,,Unknown,FA20,Rheumatoid arthritis,0.700,High,Optimized Semantic Matching,2025-09-04
AY0425,Asthma - Tamaka Shwasa Sannipataja,,Unknown,CA23,Asthma,0.800,High,Optimized Semantic Matching,2025-09-04
AY0426,Migraine - Ardhavabhedaka Chronic,,Unknown,8A80,Migraine,0.800,High,Optimized Semantic Matching,2025-09-04
AY0427,Depression - Vishada Acute,,Unknown,UNMAPPED,No suitable ICD-11 match found,0.000,No Match,Optimized Semantic Matching,2025-09-04
AY0428,Gastritis - Amlapitta,,Unknown,DA42,Gastritis,0.800,High,Optimized Semantic Matching,2025-09-04
AY0429,Insomnia - Anidra Vataja,,Unknown,UNMAPPED,No suitable ICD-11 match found,0.000,No Match,Optimized Semantic Matching,2025-09-04
AY0430,Constipation - Vibandha Pittaja,,Unknown,ME05.0,constipation,0.800,High,Optimized Semantic Matching,2025-09-04
AY0431,Obesity - Medoroga Kaphaja,,Unknown,5B81,Obesity,0.800,High,Optimized Semantic Matching,2025-09-04
AY0432,Anemia - Pandu Sannipataja,,Unknown,EF20,Acquired malformations of Cutaneous blood vessels,0.700,High,Optimized Semantic Matching,2025-09-04
AY0433,Psoriasis - Kitibha Chronic,,Unknown,EA90,Psoriasis,0.800,High,Optimized Semantic Matching,2025-09-04
AY0434,Eczema - Vicharchika Acute,,Unknown,UNMAPPED,No suitable ICD-11 match found,0.000,No Match,Optimized Semantic Matching,2025-09-04
AY0435,Urticaria - Sheetapitta,,Unknown,UNMAPPED,No suitable ICD-11 match found,0.000,No Match,Optimized Semantic Matching,2025-09-04
AY0436,Rheumatism - Amavata Vataja,,Unknown,UNMAPPED,No suitable ICD-11 match found,0.000,No Match,Optimized Semantic Matching,2025-09-04
AY0437,Epilepsy - Apasmara Pittaja,,Unknown,UNMAPPED,No suitable ICD-11 match found,0.000,No Match,Optimized Semantic Matching,2025-09-04
AY0438,Diarrhea - Atisara Kaphaja,,Unknown,UNMAPPED,No suitable ICD-11 match found,0.000,No Match,Optimized Semantic Matching,2025-09-04
AY0439,Cough - Kasa Sannipataja,,Unknown,MD12,cough,0.800,High,Optimized Semantic Matching,2025-09-04
AY0440,Cold - Pratishyaya Chronic,,Unknown,UNMAPPED,No suitable ICD-11 match found,0.000,No Match,Optimized Semantic Matching,2025-09-04
AY0441,Hemorrhoids - Arsha Acute,,Unknown,UNMAPPED,No suitable ICD-11 match found,0.000,No Match,Optimized Semantic Matching,2025-09-04
AY0442,Urinary Stones - Ashmari,,Unknown,UNMAPPED,No suitable ICD-11 match found,0.000,No Match,Optimized Semantic Matching,2025-09-04
AY0443,Jaundice - Kamala Vataja,,Unknown,UNMAPPED,No suitable ICD-11 match found,0.000,No Match,Optimized Semantic Matching,2025-09-04
AY0444,Leucorrhea - Shweta Pradara Pittaja,,Unknown,UNMAPPED,No suitable ICD-11 match found,0.000,No Match,Optimized Semantic Matching,2025-09-04
AY0445,Impotence - Klaibya Kaphaja,,Unknown,UNMAPPED,No suitable ICD-11 match found,0.000,No Match,Optimized Semantic Matching,2025-09-04
AY0446,Gout - Vatarakta Sannipataja,,Unknown,FA25,Gout,0.800,High,Optimized Semantic Matching,2025-09-04
AY0447,Sciatica - Gridhrasi Chronic,,Unknown,ME84.3,sciatica,0.800,High,Optimized Semantic Matching,2025-09-04
AY0448,Vertigo - Bhrama Acute,,Unknown,MB48.0,vertigo,0.800,High,Optimized Semantic Matching,2025-09-04
AY0449,Sinusitis - Dushta Pratishyaya,,Unknown,SC91,Nasal sinusitis disorder (TM1),0.700,High,Optimized Semantic Matching,2025-09-04
AY0450,Bronchitis - Kasa Roga Vataja,,Unknown,CA20,bronchitis,0.800,High,Optimized Semantic Matching,2025-09-04
AY0451,Fever - Jwara Pittaja,,Unknown,1C30.2,Typhus fever due to Rickettsia typhi,0.700,High,Optimized Semantic Matching,2025-09-04
AY0452,Diabetes - Madhumeha Kaphaja,,Unknown,5A11,Type 2 diabetes mellitus,0.700,High,Optimized Semantic Matching,2025-09-04
AY0453,Hypertension - Rakta Gata Vata Sannipataja,,Unknown,MC80.0,"elevated bloodpressure reading, without diagnosis of hypertension",0.700,High,Optimized Semantic Matching,2025-09-04
AY0454,Arthritis - Sandhivata Chronic,,Unknown,2A81.7,Diffuse large Bcell lymphoma associated with Chronic inflammation,0.700,High,Optimized Semantic Matching,2025-09-04
AY0455,Asthma - Tamaka Shwasa Acute,,Unknown,CA23,Asthma,0.800,High,Optimized Semantic Matching,2025-09-04
AY0456,Migraine - Ardhavabhedaka,,Unknown,8A80,Migraine,0.800,High,Optimized Semantic Matching,2025-09-04
AY0457,Depression - Vishada Vataja,,Unknown,UNMAPPED,No suitable ICD-11 match found,0.000,No Match,Optimized Semantic Matching,2025-09-04
AY0458,Gastritis - Amlapitta Pittaja,,Unknown,DA42,Gastritis,0.800,High,Optimized Semantic Matching,2025-09-04
AY0459,Insomnia - Anidra Kaphaja,,Unknown,UNMAPPED,No suitable ICD-11 match found,0.000,No Match,Optimized Semantic Matching,2025-09-04
AY0460,Constipation - Vibandha Sannipataja,,Unknown,ME05.0,constipation,0.800,High,Optimized Semantic Matching,2025-09-04
AY0461,Obesity - Medoroga Chronic,,Unknown,5B81,Obesity,0.800,High,Optimized Semantic Matching,2025-09-04
AY0462,Anemia - Pandu Acute,,Unknown,UNMAPPED,No suitable ICD-11 match found,0.000,No Match,Optimized Semantic Matching,2025-09-04
AY0463,Psoriasis - Kitibha,,Unknown,EA90,Psoriasis,0.800,High,Optimized Semantic Matching,2025-09-04
AY0464,Eczema - Vicharchika Vataja,,Unknown,UNMAPPED,No suitable ICD-11 match found,0.000,No Match,Optimized Semantic Matching,2025-09-04
AY0465,Urticaria - Sheetapitta Pittaja,,Unknown,UNMAPPED,No suitable ICD-11 match found,0.000,No Match,Optimized Semantic Matching,2025-09-04
AY0466,Rheumatism - Amavata Kaphaja,,Unknown,UNMAPPED,No suitable ICD-11 match found,0.000,No Match,Optimized Semantic Matching,2025-09-04
AY0467,Epilepsy - Apasmara Sannipataja,,Unknown,UNMAPPED,No suitable ICD-11 match found,0.000,No Match,Optimized Semantic Matching,2025-09-04
AY0468,Diarrhea - Atisara Chronic,,Unknown,UNMAPPED,No suitable ICD-11 match found,0.000,No Match,Optimized Semantic Matching,2025-09-04
AY0469,Cough - Kasa Acute,,Unknown,MD12,cough,0.800,High,Optimized Semantic Matching,2025-09-04
AY0470,Cold - Pratishyaya,,Unknown,UNMAPPED,No suitable ICD-11 match found,0.000,No Match,Optimized Semantic Matching,2025-09-04
AY0471,Hemorrhoids - Arsha Vataja,,Unknown,UNMAPPED,No suitable ICD-11 match found,0.000,No Match,Optimized Semantic Matching,2025-09-04
AY0472,Urinary Stones - Ashmari Pittaja,,Unknown,UNMAPPED,No suitable ICD-11 match found,0.000,No Match,Optimized Semantic Matching,2025-09-04
AY0473,Jaundice - Kamala Kaphaja,,Unknown,UNMAPPED,No suitable ICD-11 match found,0.000,No Match,Optimized Semantic Matching,2025-09-04
AY0474,Leucorrhea - Shweta Pradara Sannipataja,,Unknown,UNMAPPED,No suitable ICD-11 match found,0.000,No Match,Optimized Semantic Matching,2025-09-04
AY0475,Impotence - Klaibya Chronic,,Unknown,UNMAPPED,No suitable ICD-11 match found,0.000,No Match,Optimized Semantic Matching,2025-09-04
AY0476,Gout - Vatarakta Acute,,Unknown,FA25,Gout,0.800,High,Optimized Semantic Matching,2025-09-04
AY0477,Sciatica - Gridhrasi,,Unknown,ME84.3,sciatica,0.800,High,Optimized Semantic Matching,2025-09-04
AY0478,Vertigo - Bhrama Vataja,,Unknown,MB48.0,vertigo,0.800,High,Optimized Semantic Matching,2025-09-04
AY0479,Sinusitis - Dushta Pratishyaya Pittaja,,Unknown,SC91,Nasal sinusitis disorder (TM1),0.700,High,Optimized Semantic Matching,2025-09-04
AY0480,Bronchitis - Kasa Roga Kaphaja,,Unknown,CA20,bronchitis,0.800,High,Optimized Semantic Matching,2025-09-04
AY0481,Fever - Jwara Sannipataja,,Unknown,1C30.2,Typhus fever due to Rickettsia typhi,0.700,High,Optimized Semantic Matching,2025-09-04
AY0482,Diabetes - Madhumeha Chronic,,Unknown,QA0A.10,special screening examination for diabetes mellitus,0.700,High,Optimized Semantic Matching,2025-09-04
AY0483,Hypertension - Rakta Gata Vata Acute,,Unknown,MC80.0,"elevated bloodpressure reading, without diagnosis of hypertension",0.700,High,Optimized Semantic Matching,2025-09-04
AY0484,Arthritis - Sandhivata,,Unknown,FA20,Rheumatoid arthritis,0.700,High,Optimized Semantic Matching,2025-09-04
AY0485,Asthma - Tamaka Shwasa Vataja,,Unknown,CA23,Asthma,0.800,High,Optimized Semantic Matching,2025-09-04
AY0486,Migraine - Ardhavabhedaka Pittaja,,Unknown,8A80,Migraine,0.800,High,Optimized Semantic Matching,2025-09-04
AY0487,Depression - Vishada Kaphaja,,Unknown,UNMAPPED,No suitable ICD-11 match found,0.000,No Match,Optimized Semantic Matching,2025-09-04
AY0488,Gastritis - Amlapitta Sannipataja,,Unknown,DA42,Gastritis,0.800,High,Optimized Semantic Matching,2025-09-04
AY0489,Insomnia - Anidra Chronic,,Unknown,7A00,Chronic insomnia,0.400,Low,Optimized Semantic Matching,2025-09-04
AY0490,Constipation - Vibandha Acute,,Unknown,ME05.0,constipation,0.800,High,Optimized Semantic Matching,2025-09-04
AY0491,Obesity - Medoroga,,Unknown,5B81,Obesity,0.800,High,Optimized Semantic Matching,2025-09-04
AY0492,Anemia - Pandu Vataja,,Unknown,EF20,Acquired malformations of Cutaneous blood vessels,0.700,High,Optimized Semantic Matching,2025-09-04
AY0493,Psoriasis - Kitibha Pittaja,,Unknown,EA90,Psoriasis,0.800,High,Optimized Semantic Matching,2025-09-04
AY0494,Eczema - Vicharchika Kaphaja,,Unknown,UNMAPPED,No suitable ICD-11 match found,0.000,No Match,Optimized Semantic Matching,2025-09-04
AY0495,Urticaria - Sheetapitta Sannipataja,,Unknown,UNMAPPED,No suitable ICD-11 match found,0.000,No Match,Optimized Semantic Matching,2025-09-04
AY0496,Rheumatism - Amavata Chronic,,Unknown,UNMAPPED,No suitable ICD-11 match found,0.000,No Match,Optimized Semantic Matching,2025-09-04
AY0497,Epilepsy - Apasmara Acute,,Unknown,UNMAPPED,No suitable ICD-11 match found,0.000,No Match,Optimized Semantic Matching,2025-09-04
AY0498,Diarrhea - Atisara,,Unknown,UNMAPPED,No suitable ICD-11 match found,0.000,No Match,Optimized Semantic Matching,2025-09-04
AY0499,Cough - Kasa Vataja,,Unknown,MD12,cough,0.800,High,Optimized Semantic Matching,2025-09-04
AY0500,Cold - Pratishyaya Pittaja,,Unknown,UNMAPPED,No suitable ICD-11 match found,0.000,No Match,Optimized Semantic Matching,2025-09-04
AY0501,Hemorrhoids - Arsha Kaphaja,,Unknown,UNMAPPED,No suitable ICD-11 match found,0.000,No Match,Optimized Semantic Matching,2025-09-04
AY0502,Urinary Stones - Ashmari Sannipataja,,Unknown,UNMAPPED,No suitable ICD-11 match found,0.000,No Match,Optimized Semantic Matching,2025-09-04
AY0503,Jaundice - Kamala Chronic,,Unknown,UNMAPPED,No suitable ICD-11 match found,0.000,No Match,Optimized Semantic Matching,2025-09-04
AY0504,Leucorrhea - Shweta Pradara Acute,,Unknown,UNMAPPED,No suitable ICD-11 match found,0.000,No Match,Optimized Semantic Matching,2025-09-04
AY0505,Impotence - Klaibya,,Unknown,UNMAPPED,No suitable ICD-11 match found,0.000,No Match,Optimized Semantic Matching,2025-09-04
AY0506,Gout - Vatarakta Vataja,,Unknown,FA25,Gout,0.800,High,Optimized Semantic Matching,2025-09-04
AY0507,Sciatica - Gridhrasi Pittaja,,Unknown,ME84.3,sciatica,0.800,High,Optimized Semantic Matching,2025-09-04
AY0508,Vertigo - Bhrama Kaphaja,,Unknown,MB48.0,vertigo,0.800,High,Optimized Semantic Matching,2025-09-04
AY0509,Sinusitis - Dushta Pratishyaya Sannipataja,,Unknown,SC91,Nasal sinusitis disorder (TM1),0.700,High,Optimized Semantic Matching,2025-09-04
AY0510,Bronchitis - Kasa Roga Chronic,,Unknown,CA20,bronchitis,0.800,High,Optimized Semantic Matching,2025-09-04
AY0511,Fever - Jwara Acute,,Unknown,1D2Z,"Dengue fever, unspecified",0.700,High,Optimized Semantic Matching,2025-09-04
AY0512,Diabetes - Madhumeha,,Unknown,5A11,Type 2 diabetes mellitus,0.700,High,Optimized Semantic Matching,2025-09-04
AY0513,Hypertension - Rakta Gata Vata Vataja,,Unknown,MC80.0,"elevated bloodpressure reading, without diagnosis of hypertension",0.700,High,Optimized Semantic Matching,2025-09-04
AY0514,Arthritis - Sandhivata Pittaja,,Unknown,FA20,Rheumatoid arthritis,0.700,High,Optimized Semantic Matching,2025-09-04
AY0515,Asthma - Tamaka Shwasa Kaphaja,,Unknown,CA23,Asthma,0.800,High,Optimized Semantic Matching,2025-09-04
AY0516,Migraine - Ardhavabhedaka Sannipataja,,Unknown,8A80,Migraine,0.800,High,Optimized Semantic Matching,2025-09-04
AY0517,Depression - Vishada Chronic,,Unknown,UNMAPPED,No suitable ICD-11 match found,0.000,No Match,Optimized Semantic Matching,2025-09-04
AY0518,Gastritis - Amlapitta Acute,,Unknown,DA42,Gastritis,0.800,High,Optimized Semantic Matching,2025-09-04
AY0519,Insomnia - Anidra,,Unknown,UNMAPPED,No suitable ICD-11 match found,0.000,No Match,Optimized Semantic Matching,2025-09-04
AY0520,Constipation - Vibandha Vataja,,Unknown,ME05.0,constipation,0.800,High,Optimized Semantic Matching,2025-09-04
AY0521,Obesity - Medoroga Pittaja,,Unknown,5B81,Obesity,0.800,High,Optimized Semantic Matching,2025-09-04
AY0522,Anemia - Pandu Kaphaja,,Unknown,EF20,Acquired malformations of Cutaneous blood vessels,0.700,High,Optimized Semantic Matching,2025-09-04
AY0523,Psoriasis - Kitibha Sannipataja,,Unknown,EA90,Psoriasis,0.800,High,Optimized Semantic Matching,2025-09-04
AY0524,Eczema - Vicharchika Chronic,,Unknown,UNMAPPED,No suitable ICD-11 match found,0.000,No Match,Optimized Semantic Matching,2025-09-04
AY0525,Urticaria - Sheetapitta Acute,,Unknown,EB00.0,Acute Urticaria,0.400,Low,Optimized Semantic Matching,2025-09-04
AY0526,Rheumatism - Amavata,,Unknown,UNMAPPED,No suitable ICD-11 match found,0.000,No Match,Optimized Semantic Matching,2025-09-04
AY0527,Epilepsy - Apasmara Vataja,,Unknown,UNMAPPED,No suitable ICD-11 match found,0.000,No Match,Optimized Semantic Matching,2025-09-04
AY0528,Diarrhea - Atisara Pittaja,,Unknown,UNMAPPED,No suitable ICD-11 match found,0.000,No Match,Optimized Semantic Matching,2025-09-04
AY0529,Cough - Kasa Kaphaja,,Unknown,MD12,cough,0.800,High,Optimized Semantic Matching,2025-09-04
AY0530,Cold - Pratishyaya Sannipataja,,Unknown,UNMAPPED,No suitable ICD-11 match found,0.000,No Match,Optimized Semantic Matching,2025-09-04
AY0531,Hemorrhoids - Arsha Chronic,,Unknown,UNMAPPED,No suitable ICD-11 match found,0.000,No Match,Optimized Semantic Matching,2025-09-04
AY0532,Urinary Stones - Ashmari Acute,,Unknown,UNMAPPED,No suitable ICD-11 match found,0.000,No Match,Optimized Semantic Matching,2025-09-04
AY0533,Jaundice - Kamala,,Unknown,UNMAPPED,No suitable ICD-11 match found,0.000,No Match,Optimized Semantic Matching,2025-09-04
AY0534,Leucorrhea - Shweta Pradara Vataja,,Unknown,UNMAPPED,No suitable ICD-11 match found,0.000,No Match,Optimized Semantic Matching,2025-09-04
AY0535,Impotence - Klaibya Pittaja,,Unknown,UNMAPPED,No suitable ICD-11 match found,0.000,No Match,Optimized Semantic Matching,2025-09-04
AY0536,Gout - Vatarakta Kaphaja,,Unknown,FA25,Gout,0.800,High,Optimized Semantic Matching,2025-09-04
AY0537,Sciatica - Gridhrasi Sannipataja,,Unknown,ME84.3,sciatica,0.800,High,Optimized Semantic Matching,2025-09-04
AY0538,Vertigo - Bhrama Chronic,,Unknown,MB48.0,vertigo,0.800,High,Optimized Semantic Matching,2025-09-04
AY0539,Sinusitis - Dushta Pratishyaya Acute,,Unknown,1E91.41,Acute herpetic geniculate ganglionitis,0.700,High,Optimized Semantic Matching,2025-09-04
AY0540,Bronchitis - Kasa Roga,,Unknown,CA20,bronchitis,0.800,High,Optimized Semantic Matching,2025-09-04
AY0541,Fever - Jwara Vataja,,Unknown,1C30.2,Typhus fever due to Rickettsia typhi,0.700,High,Optimized Semantic Matching,2025-09-04
AY0542,Diabetes - Madhumeha Pittaja,,Unknown,5A11,Type 2 diabetes mellitus,0.700,High,Optimized Semantic Matching,2025-09-04
AY0543,Hypertension - Rakta Gata Vata Kaphaja,,Unknown,MC80.0,"elevated bloodpressure reading, without diagnosis of hypertension",0.700,High,Optimized Semantic Matching,2025-09-04
AY0544,Arthritis - Sandhivata Sannipataja,,Unknown,FA20,Rheumatoid arthritis,0.700,High,Optimized Semantic Matching,2025-09-04
AY0545,Asthma - Tamaka Shwasa Chronic,,Unknown,CA23,Asthma,0.800,High,Optimized Semantic Matching,2025-09-04
AY0546,Migraine - Ardhavabhedaka Acute,,Unknown,8A80,Migraine,0.800,High,Optimized Semantic Matching,2025-09-04
AY0547,Depression - Vishada,,Unknown,UNMAPPED,No suitable ICD-11 match found,0.000,No Match,Optimized Semantic Matching,2025-09-04
AY0548,Gastritis - Amlapitta Vataja,,Unknown,DA42,Gastritis,0.800,High,Optimized Semantic Matching,2025-09-04
AY0549,Insomnia - Anidra Pittaja,,Unknown,UNMAPPED,No suitable ICD-11 match found,0.000,No Match,Optimized Semantic Matching,2025-09-04
AY0550,Constipation - Vibandha Kaphaja,,Unknown,ME05.0,constipation,0.800,High,Optimized Semantic Matching,2025-09-04
AY0551,Obesity - Medoroga Sannipataja,,Unknown,5B81,Obesity,0.800,High,Optimized Semantic Matching,2025-09-04
AY0552,Anemia - Pandu Chronic,,Unknown,UNMAPPED,No suitable ICD-11 match found,0.000,No Match,Optimized Semantic Matching,2025-09-04
AY0553,Psoriasis - Kitibha Acute,,Unknown,EA90,Psoriasis,0.800,High,Optimized Semantic Matching,2025-09-04
AY0554,Eczema - Vicharchika,,Unknown,UNMAPPED,No suitable ICD-11 match found,0.000,No Match,Optimized Semantic Matching,2025-09-04
AY0555,Urticaria - Sheetapitta Vataja,,Unknown,UNMAPPED,No suitable ICD-11 match found,0.000,No Match,Optimized Semantic Matching,2025-09-04
AY0556,Rheumatism - Amavata Pittaja,,Unknown,UNMAPPED,No suitable ICD-11 match found,0.000,No Match,Optimized Semantic Matching,2025-09-04
AY0557,Epilepsy - Apasmara Kaphaja,,Unknown,UNMAPPED,No suitable ICD-11 match found,0.000,No Match,Optimized Semantic Matching,2025-09-04
AY0558,Diarrhea - Atisara Sannipataja,,Unknown,UNMAPPED,No suitable ICD-11 match found,0.000,No Match,Optimized Semantic Matching,2025-09-04
AY0559,Cough - Kasa Chronic,,Unknown,MD12,cough,0.800,High,Optimized Semantic Matching,2025-09-04
AY0560,Cold - Pratishyaya Acute,,Unknown,UNMAPPED,No suitable ICD-11 match found,0.000,No Match,Optimized Semantic Matching,2025-09-04
AY0561,Hemorrhoids - Arsha,,Unknown,UNMAPPED,No suitable ICD-11 match found,0.000,No Match,Optimized Semantic Matching,2025-09-04
AY0562,Urinary Stones - Ashmari Vataja,,Unknown,UNMAPPED,No suitable ICD-11 match found,0.000,No Match,Optimized Semantic Matching,2025-09-04
AY0563,Jaundice - Kamala Pittaja,,Unknown,UNMAPPED,No suitable ICD-11 match found,0.000,No Match,Optimized Semantic Matching,2025-09-04
AY0564,Leucorrhea - Shweta Pradara Kaphaja,,Unknown,UNMAPPED,No suitable ICD-11 match found,0.000,No Match,Optimized Semantic Matching,2025-09-04
AY0565,Impotence - Klaibya Sannipataja,,Unknown,UNMAPPED,No suitable ICD-11 match found,0.000,No Match,Optimized Semantic Matching,2025-09-04
AY0566,Gout - Vatarakta Chronic,,Unknown,FA25,Gout,0.800,High,Optimized Semantic Matching,2025-09-04
AY0567,Sciatica - Gridhrasi Acute,,Unknown,ME84.3,sciatica,0.800,High,Optimized Semantic Matching,2025-09-04
AY0568,Vertigo - Bhrama,,Unknown,MB48.0,vertigo,0.800,High,Optimized Semantic Matching,2025-09-04
AY0569,Sinusitis - Dushta Pratishyaya Vataja,,Unknown,SC91,Nasal sinusitis disorder (TM1),0.700,High,Optimized Semantic Matching,2025-09-04
AY0570,Bronchitis - Kasa Roga Pittaja,,Unknown,CA20,bronchitis,0.800,High,Optimized Semantic Matching,2025-09-04
AY0571,Fever - Jwara Kaphaja,,Unknown,1C30.2,Typhus fever due to Rickettsia typhi,0.700,High,Optimized Semantic Matching,2025-09-04
AY0572,Diabetes - Madhumeha Sannipataja,,Unknown,5A11,Type 2 diabetes mellitus,0.700,High,Optimized Semantic Matching,2025-09-04
AY0573,Hypertension - Rakta Gata Vata Chronic,,Unknown,MC80.0,"elevated bloodpressure reading, without diagnosis of hypertension",0.700,High,Optimized Semantic Matching,2025-09-04
AY0574,Arthritis - Sandhivata Acute,,Unknown,1B41.1Z,"Acute rheumatic endocarditis, unspecified",0.700,High,Optimized Semantic Matching,2025-09-04
AY0575,Asthma - Tamaka Shwasa,,Unknown,CA23,Asthma,0.800,High,Optimized Semantic Matching,2025-09-04
AY0576,Migraine - Ardhavabhedaka Vataja,,Unknown,8A80,Migraine,0.800,High,Optimized Semantic Matching,2025-09-04
AY0577,Depression - Vishada Pittaja,,Unknown,UNMAPPED,No suitable ICD-11 match found,0.000,No Match,Optimized Semantic Matching,2025-09-04
AY0578,Gastritis - Amlapitta Kaphaja,,Unknown,DA42,Gastritis,0.800,High,Optimized Semantic Matching,2025-09-04
AY0579,Insomnia - Anidra Sannipataja,,Unknown,UNMAPPED,No suitable ICD-11 match found,0.000,No Match,Optimized Semantic Matching,2025-09-04
AY0580,Constipation - Vibandha Chronic,,Unknown,ME05.0,constipation,0.800,High,Optimized Semantic Matching,2025-09-04
AY0581,Obesity - Medoroga Acute,,Unknown,5B81,Obesity,0.800,High,Optimized Semantic Matching,2025-09-04
AY0582,Anemia - Pandu,,Unknown,EF20,Acquired malformations of Cutaneous blood vessels,0.700,High,Optimized Semantic Matching,2025-09-04
AY0583,Psoriasis - Kitibha Vataja,,Unknown,EA90,Psoriasis,0.800,High,Optimized Semantic Matching,2025-09-04
AY0584,Eczema - Vicharchika Pittaja,,Unknown,UNMAPPED,No suitable ICD-11 match found,0.000,No Match,Optimized Semantic Matching,2025-09-04
AY0585,Urticaria - Sheetapitta Kaphaja,,Unknown,UNMAPPED,No suitable ICD-11 match found,0.000,No Match,Optimized Semantic Matching,2025-09-04
AY0586,Rheumatism - Amavata Sannipataja,,Unknown,UNMAPPED,No suitable ICD-11 match found,0.000,No Match,Optimized Semantic Matching,2025-09-04
AY0587,Epilepsy - Apasmara Chronic,,Unknown,UNMAPPED,No suitable ICD-11 match found,0.000,No Match,Optimized Semantic Matching,2025-09-04
AY0588,Diarrhea - Atisara Acute,,Unknown,UNMAPPED,No suitable ICD-11 match found,0.000,No Match,Optimized Semantic Matching,2025-09-04
AY0589,Cough - Kasa,,Unknown,MD12,cough,0.800,High,Optimized Semantic Matching,2025-09-04
AY0590,Cold - Pratishyaya Vataja,,Unknown,UNMAPPED,No suitable ICD-11 match found,0.000,No Match,Optimized Semantic Matching,2025-09-04
AY0591,Hemorrhoids - Arsha Pittaja,,Unknown,UNMAPPED,No suitable ICD-11 match found,0.000,No Match,Optimized Semantic Matching,2025-09-04
AY0592,Urinary Stones - Ashmari Kaphaja,,Unknown,UNMAPPED,No suitable ICD-11 match found,0.000,No Match,Optimized Semantic Matching,2025-09-04
AY0593,Jaundice - Kamala Sannipataja,,Unknown,UNMAPPED,No suitable ICD-11 match found,0.000,No Match,Optimized Semantic Matching,2025-09-04
AY0594,Leucorrhea - Shweta Pradara Chronic,,Unknown,UNMAPPED,No suitable ICD-11 match found,0.000,No Match,Optimized Semantic Matching,2025-09-04
AY0595,Impotence - Klaibya Acute,,Unknown,UNMAPPED,No suitable ICD-11 match found,0.000,No Match,Optimized Semantic Matching,2025-09-04
AY0596,Gout - Vatarakta,,Unknown,FA25,Gout,0.800,High,Optimized Semantic Matching,2025-09-04
AY0597,Sciatica - Gridhrasi Vataja,,Unknown,ME84.3,sciatica,0.800,High,Optimized Semantic Matching,2025-09-04
AY0598,Vertigo - Bhrama Pittaja,,Unknown,MB48.0,vertigo,0.800,High,Optimized Semantic Matching,2025-09-04
AY0599,Sinusitis - Dushta Pratishyaya Kaphaja,,Unknown,SC91,Nasal sinusitis disorder (TM1),0.700,High,Optimized Semantic Matching,2025-09-04
AY0600,Bronchitis - Kasa Roga Sannipataja,,Unknown,CA20,bronchitis,0.800,High,Optimized Semantic Matching,2025-09-04
AY0601,Fever - Jwara Chronic,,Unknown,1D2Z,"Dengue fever, unspecified",0.700,High,Optimized Semantic Matching,2025-09-04
AY0602,Diabetes - Madhumeha Acute,,Unknown,QA0A.10,special screening examination for diabetes mellitus,0.700,High,Optimized Semantic Matching,2025-09-04
AY0603,Hypertension - Rakta Gata Vata,,Unknown,MC80.0,"elevated bloodpressure reading, without diagnosis of hypertension",0.700,High,Optimized Semantic Matching,2025-09-04
AY0604,Arthritis - Sandhivata Vataja,,Unknown,FA20,Rheumatoid arthritis,0.700,High,Optimized Semantic Matching,2025-09-04
AY0605,Asthma - Tamaka Shwasa Pittaja,,Unknown,CA23,Asthma,0.800,High,Optimized Semantic Matching,2025-09-04
AY0606,Migraine - Ardhavabhedaka Kaphaja,,Unknown,8A80,Migraine,0.800,High,Optimized Semantic Matching,2025-09-04
AY0607,Depression - Vishada Sannipataja,,Unknown,UNMAPPED,No suitable ICD-11 match found,0.000,No Match,Optimized Semantic Matching,2025-09-04
AY0608,Gastritis - Amlapitta Chronic,,Unknown,DA42,Gastritis,0.800,High,Optimized Semantic Matching,2025-09-04
AY0609,Insomnia - Anidra Acute,,Unknown,UNMAPPED,No suitable ICD-11 match found,0.000,No Match,Optimized Semantic Matching,2025-09-04
AY0610,Constipation - Vibandha,,Unknown,ME05.0,constipation,0.800,High,Optimized Semantic Matching,2025-09-04
AY0611,Obesity - Medoroga Vataja,,Unknown,5B81,Obesity,0.800,High,Optimized Semantic Matching,2025-09-04
AY0612,Anemia - Pandu Pittaja,,Unknown,EF20,Acquired malformations of Cutaneous blood vessels,0.700,High,Optimized Semantic Matching,2025-09-04
AY0613,Psoriasis - Kitibha Kaphaja,,Unknown,EA90,Psoriasis,0.800,High,Optimized Semantic Matching,2025-09-04
AY0614,Eczema - Vicharchika Sannipataja,,Unknown,UNMAPPED,No suitable ICD-11 match found,0.000,No Match,Optimized Semantic Matching,2025-09-04
AY0615,Urticaria - Sheetapitta Chronic,,Unknown,EB00.1,Chronic Urticaria,0.400,Low,Optimized Semantic Matching,2025-09-04
AY0616,Rheumatism - Amavata Acute,,Unknown,UNMAPPED,No suitable ICD-11 match found,0.000,No Match,Optimized Semantic Matching,2025-09-04
AY0617,Epilepsy - Apasmara,,Unknown,UNMAPPED,No suitable ICD-11 match found,0.000,No Match,Optimized Semantic Matching,2025-09-04
AY0618,Diarrhea - Atisara Vataja,,Unknown,UNMAPPED,No suitable ICD-11 match found,0.000,No Match,Optimized Semantic Matching,2025-09-04
AY0619,Cough - Kasa Pittaja,,Unknown,MD12,cough,0.800,High,Optimized Semantic Matching,2025-09-04
AY0620,Cold - Pratishyaya Kaphaja,,Unknown,UNMAPPED,No suitable ICD-11 match found,0.000,No Match,Optimized Semantic Matching,2025-09-04
AY0621,Hemorrhoids - Arsha Sannipataja,,Unknown,UNMAPPED,No suitable ICD-11 match found,0.000,No Match,Optimized Semantic Matching,2025-09-04
AY0622,Urinary Stones - Ashmari Chronic,,Unknown,UNMAPPED,No suitable ICD-11 match found,0.000,No Match,Optimized Semantic Matching,2025-09-04
AY0623,Jaundice - Kamala Acute,,Unknown,UNMAPPED,No suitable ICD-11 match found,0.000,No Match,Optimized Semantic Matching,2025-09-04
AY0624,Leucorrhea - Shweta Pradara,,Unknown,UNMAPPED,No suitable ICD-11 match found,0.000,No Match,Optimized Semantic Matching,2025-09-04
AY0625,Impotence - Klaibya Vataja,,Unknown,UNMAPPED,No suitable ICD-11 match found,0.000,No Match,Optimized Semantic Matching,2025-09-04
AY0626,Gout - Vatarakta Pittaja,,Unknown,FA25,Gout,0.800,High,Optimized Semantic Matching,2025-09-04
AY0627,Sciatica - Gridhrasi Kaphaja,,Unknown,ME84.3,sciatica,0.800,High,Optimized Semantic Matching,2025-09-04
AY0628,Vertigo - Bhrama Sannipataja,,Unknown,MB48.0,vertigo,0.800,High,Optimized Semantic Matching,2025-09-04
AY0629,Sinusitis - Dushta Pratishyaya Chronic,,Unknown,2A81.7,Diffuse large Bcell lymphoma associated with Chronic inflammation,0.700,High,Optimized Semantic Matching,2025-09-04
AY0630,Bronchitis - Kasa Roga Acute,,Unknown,CA20,bronchitis,0.800,High,Optimized Semantic Matching,2025-09-04
AY0631,Fever - Jwara,,Unknown,1C30.2,Typhus fever due to Rickettsia typhi,0.700,High,Optimized Semantic Matching,2025-09-04
AY0632,Diabetes - Madhumeha Vataja,,Unknown,5A11,Type 2 diabetes mellitus,0.700,High,Optimized Semantic Matching,2025-09-04
AY0633,Hypertension - Rakta Gata Vata Pittaja,,Unknown,MC80.0,"elevated bloodpressure reading, without diagnosis of hypertension",0.700,High,Optimized Semantic Matching,2025-09-04
AY0634,Arthritis - Sandhivata Kaphaja,,Unknown,FA20,Rheumatoid arthritis,0.700,High,Optimized Semantic Matching,2025-09-04
AY0635,Asthma - Tamaka Shwasa Sannipataja,,Unknown,CA23,Asthma,0.800,High,Optimized Semantic Matching,2025-09-04
AY0636,Migraine - Ardhavabhedaka Chronic,,Unknown,8A80,Migraine,0.800,High,Optimized Semantic Matching,2025-09-04
AY0637,Depression - Vishada Acute,,Unknown,UNMAPPED,No suitable ICD-11 match found,0.000,No Match,Optimized Semantic Matching,2025-09-04
AY0638,Gastritis - Amlapitta,,Unknown,DA42,Gastritis,0.800,High,Optimized Semantic Matching,2025-09-04
AY0639,Insomnia - Anidra Vataja,,Unknown,UNMAPPED,No suitable ICD-11 match found,0.000,No Match,Optimized Semantic Matching,2025-09-04
AY0640,Constipation - Vibandha Pittaja,,Unknown,ME05.0,constipation,0.800,High,Optimized Semantic Matching,2025-09-04
AY0641,Obesity - Medoroga Kaphaja,,Unknown,5B81,Obesity,0.800,High,Optimized Semantic Matching,2025-09-04
AY0642,Anemia - Pandu Sannipataja,,Unknown,EF20,Acquired malformations of Cutaneous blood vessels,0.700,High,Optimized Semantic Matching,2025-09-04
AY0643,Psoriasis - Kitibha Chronic,,Unknown,EA90,Psoriasis,0.800,High,Optimized Semantic Matching,2025-09-04
AY0644,Eczema - Vicharchika Acute,,Unknown,UNMAPPED,No suitable ICD-11 match found,0.000,No Match,Optimized Semantic Matching,2025-09-04
AY0645,Urticaria - Sheetapitta,,Unknown,UNMAPPED,No suitable ICD-11 match found,0.000,No Match,Optimized Semantic Matching,2025-09-04
AY0646,Rheumatism - Amavata Vataja,,Unknown,UNMAPPED,No suitable ICD-11 match found,0.000,No Match,Optimized Semantic Matching,2025-09-04
AY0647,Epilepsy - Apasmara Pittaja,,Unknown,UNMAPPED,No suitable ICD-11 match found,0.000,No Match,Optimized Semantic Matching,2025-09-04
AY0648,Diarrhea - Atisara Kaphaja,,Unknown,UNMAPPED,No suitable ICD-11 match found,0.000,No Match,Optimized Semantic Matching,2025-09-04
AY0649,Cough - Kasa Sannipataja,,Unknown,MD12,cough,0.800,High,Optimized Semantic Matching,2025-09-04
AY0650,Cold - Pratishyaya Chronic,,Unknown,UNMAPPED,No suitable ICD-11 match found,0.000,No Match,Optimized Semantic Matching,2025-09-04
AY0651,Hemorrhoids - Arsha Acute,,Unknown,UNMAPPED,No suitable ICD-11 match found,0.000,No Match,Optimized Semantic Matching,2025-09-04
AY0652,Urinary Stones - Ashmari,,Unknown,UNMAPPED,No suitable ICD-11 match found,0.000,No Match,Optimized Semantic Matching,2025-09-04
AY0653,Jaundice - Kamala Vataja,,Unknown,UNMAPPED,No suitable ICD-11 match found,0.000,No Match,Optimized Semantic Matching,2025-09-04
AY0654,Leucorrhea - Shweta Pradara Pittaja,,Unknown,UNMAPPED,No suitable ICD-11 match found,0.000,No Match,Optimized Semantic Matching,2025-09-04
AY0655,Impotence - Klaibya Kaphaja,,Unknown,UNMAPPED,No suitable ICD-11 match found,0.000,No Match,Optimized Semantic Matching,2025-09-04
AY0656,Gout - Vatarakta Sannipataja,,Unknown,FA25,Gout,0.800,High,Optimized Semantic Matching,2025-09-04
AY0657,Sciatica - Gridhrasi Chronic,,Unknown,ME84.3,sciatica,0.800,High,Optimized Semantic Matching,2025-09-04
AY0658,Vertigo - Bhrama Acute,,Unknown,MB48.0,vertigo,0.800,High,Optimized Semantic Matching,2025-09-04
AY0659,Sinusitis - Dushta Pratishyaya,,Unknown,SC91,Nasal sinusitis disorder (TM1),0.700,High,Optimized Semantic Matching,2025-09-04
AY0660,Bronchitis - Kasa Roga Vataja,,Unknown,CA20,bronchitis,0.800,High,Optimized Semantic Matching,2025-09-04
AY0661,Fever - Jwara Pittaja,,Unknown,1C30.2,Typhus fever due to Rickettsia typhi,0.700,High,Optimized Semantic Matching,2025-09-04
AY0662,Diabetes - Madhumeha Kaphaja,,Unknown,5A11,Type 2 diabetes mellitus,0.700,High,Optimized Semantic Matching,2025-09-04
AY0663,Hypertension - Rakta Gata Vata Sannipataja,,Unknown,MC80.0,"elevated bloodpressure reading, without diagnosis of hypertension",0.700,High,Optimized Semantic Matching,2025-09-04
AY0664,Arthritis - Sandhivata Chronic,,Unknown,2A81.7,Diffuse large Bcell lymphoma associated with Chronic inflammation,0.700,High,Optimized Semantic Matching,2025-09-04
AY0665,Asthma - Tamaka Shwasa Acute,,Unknown,CA23,Asthma,0.800,High,Optimized Semantic Matching,2025-09-04
AY0666,Migraine - Ardhavabhedaka,,Unknown,8A80,Migraine,0.800,High,Optimized Semantic Matching,2025-09-04
AY0667,Depression - Vishada Vataja,,Unknown,UNMAPPED,No suitable ICD-11 match found,0.000,No Match,Optimized Semantic Matching,2025-09-04
AY0668,Gastritis - Amlapitta Pittaja,,Unknown,DA42,Gastritis,0.800,High,Optimized Semantic Matching,2025-09-04
AY0669,Insomnia - Anidra Kaphaja,,Unknown,UNMAPPED,No suitable ICD-11 match found,0.000,No Match,Optimized Semantic Matching,2025-09-04
AY0670,Constipation - Vibandha Sannipataja,,Unknown,ME05.0,constipation,0.800,High,Optimized Semantic Matching,2025-09-04
AY0671,Obesity - Medoroga Chronic,,Unknown,5B81,Obesity,0.800,High,Optimized Semantic Matching,2025-09-04
AY0672,Anemia - Pandu Acute,,Unknown,UNMAPPED,No suitable ICD-11 match found,0.000,No Match,Optimized Semantic Matching,2025-09-04
AY0673,Psoriasis - Kitibha,,Unknown,EA90,Psoriasis,0.800,High,Optimized Semantic Matching,2025-09-04
AY0674,Eczema - Vicharchika Vataja,,Unknown,UNMAPPED,No suitable ICD-11 match found,0.000,No Match,Optimized Semantic Matching,2025-09-04
AY0675,Urticaria - Sheetapitta Pittaja,,Unknown,UNMAPPED,No suitable ICD-11 match found,0.000,No Match,Optimized Semantic Matching,2025-09-04
AY0676,Rheumatism - Amavata Kaphaja,,Unknown,UNMAPPED,No suitable ICD-11 match found,0.000,No Match,Optimized Semantic Matching,2025-09-04
AY0677,Epilepsy - Apasmara Sannipataja,,Unknown,UNMAPPED,No suitable ICD-11 match found,0.000,No Match,Optimized Semantic Matching,2025-09-04
AY0678,Diarrhea - Atisara Chronic,,Unknown,UNMAPPED,No suitable ICD-11 match found,0.000,No Match,Optimized Semantic Matching,2025-09-04
AY0679,Cough - Kasa Acute,,Unknown,MD12,cough,0.800,High,Optimized Semantic Matching,2025-09-04
AY0680,Cold - Pratishyaya,,Unknown,UNMAPPED,No suitable ICD-11 match found,0.000,No Match,Optimized Semantic Matching,2025-09-04
AY0681,Hemorrhoids - Arsha Vataja,,Unknown,UNMAPPED,No suitable ICD-11 match found,0.000,No Match,Optimized Semantic Matching,2025-09-04
AY0682,Urinary Stones - Ashmari Pittaja,,Unknown,UNMAPPED,No suitable ICD-11 match found,0.000,No Match,Optimized Semantic Matching,2025-09-04
AY0683,Jaundice - Kamala Kaphaja,,Unknown,UNMAPPED,No suitable ICD-11 match found,0.000,No Match,Optimized Semantic Matching,2025-09-04
AY0684,Leucorrhea - Shweta Pradara Sannipataja,,Unknown,UNMAPPED,No suitable ICD-11 match found,0.000,No Match,Optimized Semantic Matching,2025-09-04
AY0685,Impotence - Klaibya Chronic,,Unknown,UNMAPPED,No suitable ICD-11 match found,0.000,No Match,Optimized Semantic Matching,2025-09-04
AY0686,Gout - Vatarakta Acute,,Unknown,FA25,Gout,0.800,High,Optimized Semantic Matching,2025-09-04
AY0687,Sciatica - Gridhrasi,,Unknown,ME84.3,sciatica,0.800,High,Optimized Semantic Matching,2025-09-04
AY0688,Vertigo - Bhrama Vataja,,Unknown,MB48.0,vertigo,0.800,High,Optimized Semantic Matching,2025-09-04
AY0689,Sinusitis - Dushta Pratishyaya Pittaja,,Unknown,SC91,Nasal sinusitis disorder (TM1),0.700,High,Optimized Semantic Matching,2025-09-04
AY0690,Bronchitis - Kasa Roga Kaphaja,,Unknown,CA20,bronchitis,0.800,High,Optimized Semantic Matching,2025-09-04
AY0691,Fever - Jwara Sannipataja,,Unknown,1C30.2,Typhus fever due to Rickettsia typhi,0.700,High,Optimized Semantic Matching,2025-09-04
AY0692,Diabetes - Madhumeha Chronic,,Unknown,QA0A.10,special screening examination for diabetes mellitus,0.700,High,Optimized Semantic Matching,2025-09-04
AY0693,Hypertension - Rakta Gata Vata Acute,,Unknown,MC80.0,"elevated bloodpressure reading, without diagnosis of hypertension",0.700,High,Optimized Semantic Matching,2025-09-04
AY0694,Arthritis - Sandhivata,,Unknown,FA20,Rheumatoid arthritis,0.700,High,Optimized Semantic Matching,2025-09-04
AY0695,Asthma - Tamaka Shwasa Vataja,,Unknown,CA23,Asthma,0.800,High,Optimized Semantic Matching,2025-09-04
AY0696,Migraine - Ardhavabhedaka Pittaja,,Unknown,8A80,Migraine,0.800,High,Optimized Semantic Matching,2025-09-04
AY0697,Depression - Vishada Kaphaja,,Unknown,UNMAPPED,No suitable ICD-11 match found,0.000,No Match,Optimized Semantic Matching,2025-09-04
AY0698,Gastritis - Amlapitta Sannipataja,,Unknown,DA42,Gastritis,0.800,High,Optimized Semantic Matching,2025-09-04
AY0699,Insomnia - Anidra Chronic,,Unknown,7A00,Chronic insomnia,0.400,Low,Optimized Semantic Matching,2025-09-04
AY0700,Constipation - Vibandha Acute,,Unknown,ME05.0,constipation,0.800,High,Optimized Semantic Matching,2025-09-04
AY0701,Obesity - Medoroga,,Unknown,5B81,Obesity,0.800,High,Optimized Semantic Matching,2025-09-04
AY0702,Anemia - Pandu Vataja,,Unknown,EF20,Acquired malformations of Cutaneous blood vessels,0.700,High,Optimized Semantic Matching,2025-09-04
AY0703,Psoriasis - Kitibha Pittaja,,Unknown,EA90,Psoriasis,0.800,High,Optimized Semantic Matching,2025-09-04
AY0704,Eczema - Vicharchika Kaphaja,,Unknown,UNMAPPED,No suitable ICD-11 match found,0.000,No Match,Optimized Semantic Matching,2025-09-04
AY0705,Urticaria - Sheetapitta Sannipataja,,Unknown,UNMAPPED,No suitable ICD-11 match found,0.000,No Match,Optimized Semantic Matching,2025-09-04
AY0706,Rheumatism - Amavata Chronic,,Unknown,UNMAPPED,No suitable ICD-11 match found,0.000,No Match,Optimized Semantic Matching,2025-09-04
AY0707,Epilepsy - Apasmara Acute,,Unknown,UNMAPPED,No suitable ICD-11 match found,0.000,No Match,Optimized Semantic Matching,2025-09-04
AY0708,Diarrhea - Atisara,,Unknown,UNMAPPED,No suitable ICD-11 match found,0.000,No Match,Optimized Semantic Matching,2025-09-04
AY0709,Cough - Kasa Vataja,,Unknown,MD12,cough,0.800,High,Optimized Semantic Matching,2025-09-04
AY0710,Cold - Pratishyaya Pittaja,,Unknown,UNMAPPED,No suitable ICD-11 match found,0.000,No Match,Optimized Semantic Matching,2025-09-04
AY0711,Hemorrhoids - Arsha Kaphaja,,Unknown,UNMAPPED,No suitable ICD-11 match found,0.000,No Match,Optimized Semantic Matching,2025-09-04
AY0712,Urinary Stones - Ashmari Sannipataja,,Unknown,UNMAPPED,No suitable ICD-11 match found,0.000,No Match,Optimized Semantic Matching,2025-09-04
AY0713,Jaundice - Kamala Chronic,,Unknown,UNMAPPED,No suitable ICD-11 match found,0.000,No Match,Optimized Semantic Matching,2025-09-04
AY0714,Leucorrhea - Shweta Pradara Acute,,Unknown,UNMAPPED,No suitable ICD-11 match found,0.000,No Match,Optimized Semantic Matching,2025-09-04
AY0715,Impotence - Klaibya,,Unknown,UNMAPPED,No suitable ICD-11 match found,0.000,No Match,Optimized Semantic Matching,2025-09-04
AY0716,Gout - Vatarakta Vataja,,Unknown,FA25,Gout,0.800,High,Optimized Semantic Matching,2025-09-04
AY0717,Sciatica - Gridhrasi Pittaja,,Unknown,ME84.3,sciatica,0.800,High,Optimized Semantic Matching,2025-09-04
AY0718,Vertigo - Bhrama Kaphaja,,Unknown,MB48.0,vertigo,0.800,High,Optimized Semantic Matching,2025-09-04
AY0719,Sinusitis - Dushta Pratishyaya Sannipataja,,Unknown,SC91,Nasal sinusitis disorder (TM1),0.700,High,Optimized Semantic Matching,2025-09-04
AY0720,Bronchitis - Kasa Roga Chronic,,Unknown,CA20,bronchitis,0.800,High,Optimized Semantic Matching,2025-09-04
AY0721,Fever - Jwara Acute,,Unknown,1D2Z,"Dengue fever, unspecified",0.700,High,Optimized Semantic Matching,2025-09-04
AY0722,Diabetes - Madhumeha,,Unknown,5A11,Type 2 diabetes mellitus,0.700,High,Optimized Semantic Matching,2025-09-04
AY0723,Hypertension - Rakta Gata Vata Vataja,,Unknown,MC80.0,"elevated bloodpressure reading, without diagnosis of hypertension",0.700,High,Optimized Semantic Matching,2025-09-04
AY0724,Arthritis - Sandhivata Pittaja,,Unknown,FA20,Rheumatoid arthritis,0.700,High,Optimized Semantic Matching,2025-09-04
AY0725,Asthma - Tamaka Shwasa Kaphaja,,Unknown,CA23,Asthma,0.800,High,Optimized Semantic Matching,2025-09-04
AY0726,Migraine - Ardhavabhedaka Sannipataja,,Unknown,8A80,Migraine,0.800,High,Optimized Semantic Matching,2025-09-04
AY0727,Depression - Vishada Chronic,,Unknown,UNMAPPED,No suitable ICD-11 match found,0.000,No Match,Optimized Semantic Matching,2025-09-04
AY0728,Gastritis - Amlapitta Acute,,Unknown,DA42,Gastritis,0.800,High,Optimized Semantic Matching,2025-09-04
AY0729,Insomnia - Anidra,,Unknown,UNMAPPED,No suitable ICD-11 match found,0.000,No Match,Optimized Semantic Matching,2025-09-04
AY0730,Constipation - Vibandha Vataja,,Unknown,ME05.0,constipation,0.800,High,Optimized Semantic Matching,2025-09-04
AY0731,Obesity - Medoroga Pittaja,,Unknown,5B81,Obesity,0.800,High,Optimized Semantic Matching,2025-09-04
AY0732,Anemia - Pandu Kaphaja,,Unknown,EF20,Acquired malformations of Cutaneous blood vessels,0.700,High,Optimized Semantic Matching,2025-09-04
AY0733,Psoriasis - Kitibha Sannipataja,,Unknown,EA90,Psoriasis,0.800,High,Optimized Semantic Matching,2025-09-04
AY0734,Eczema - Vicharchika Chronic,,Unknown,UNMAPPED,No suitable ICD-11 match found,0.000,No Match,Optimized Semantic Matching,2025-09-04
AY0735,Urticaria - Sheetapitta Acute,,Unknown,EB00.0,Acute Urticaria,0.400,Low,Optimized Semantic Matching,2025-09-04
AY0736,Rheumatism - Amavata,,Unknown,UNMAPPED,No suitable ICD-11 match found,0.000,No Match,Optimized Semantic Matching,2025-09-04
AY0737,Epilepsy - Apasmara Vataja,,Unknown,UNMAPPED,No suitable ICD-11 match found,0.000,No Match,Optimized Semantic Matching,2025-09-04
AY0738,Diarrhea - Atisara Pittaja,,Unknown,UNMAPPED,No suitable ICD-11 match found,0.000,No Match,Optimized Semantic Matching,2025-09-04
AY0739,Cough - Kasa Kaphaja,,Unknown,MD12,cough,0.800,High,Optimized Semantic Matching,2025-09-04
AY0740,Cold - Pratishyaya Sannipataja,,Unknown,UNMAPPED,No suitable ICD-11 match found,0.000,No Match,Optimized Semantic Matching,2025-09-04
AY0741,Hemorrhoids - Arsha Chronic,,Unknown,UNMAPPED,No suitable ICD-11 match found,0.000,No Match,Optimized Semantic Matching,2025-09-04
AY0742,Urinary Stones - Ashmari Acute,,Unknown,UNMAPPED,No suitable ICD-11 match found,0.000,No Match,Optimized Semantic Matching,2025-09-04
AY0743,Jaundice - Kamala,,Unknown,UNMAPPED,No suitable ICD-11 match found,0.000,No Match,Optimized Semantic Matching,2025-09-04
AY0744,Leucorrhea - Shweta Pradara Vataja,,Unknown,UNMAPPED,No suitable ICD-11 match found,0.000,No Match,Optimized Semantic Matching,2025-09-04
AY0745,Impotence - Klaibya Pittaja,,Unknown,UNMAPPED,No suitable ICD-11 match found,0.000,No Match,Optimized Semantic Matching,2025-09-04
AY0746,Gout - Vatarakta Kaphaja,,Unknown,FA25,Gout,0.800,High,Optimized Semantic Matching,2025-09-04
AY0747,Sciatica - Gridhrasi Sannipataja,,Unknown,ME84.3,sciatica,0.800,High,Optimized Semantic Matching,2025-09-04
AY0748,Vertigo - Bhrama Chronic,,Unknown,MB48.0,vertigo,0.800,High,Optimized Semantic Matching,2025-09-04
AY0749,Sinusitis - Dushta Pratishyaya Acute,,Unknown,1E91.41,Acute herpetic geniculate ganglionitis,0.700,High,Optimized Semantic Matching,2025-09-04
AY0750,Bronchitis - Kasa Roga,,Unknown,CA20,bronchitis,0.800,High,Optimized Semantic Matching,2025-09-04
AY0751,Fever - Jwara Vataja,,Unknown,1C30.2,Typhus fever due to Rickettsia typhi,0.700,High,Optimized Semantic Matching,2025-09-04
AY0752,Diabetes - Madhumeha Pittaja,,Unknown,5A11,Type 2 diabetes mellitus,0.700,High,Optimized Semantic Matching,2025-09-04
AY0753,Hypertension - Rakta Gata Vata Kaphaja,,Unknown,MC80.0,"elevated bloodpressure reading, without diagnosis of hypertension",0.700,High,Optimized Semantic Matching,2025-09-04
AY0754,Arthritis - Sandhivata Sannipataja,,Unknown,FA20,Rheumatoid arthritis,0.700,High,Optimized Semantic Matching,2025-09-04
AY0755,Asthma - Tamaka Shwasa Chronic,,Unknown,CA23,Asthma,0.800,High,Optimized Semantic Matching,2025-09-04
AY0756,Migraine - Ardhavabhedaka Acute,,Unknown,8A80,Migraine,0.800,High,Optimized Semantic Matching,2025-09-04
AY0757,Depression - Vishada,,Unknown,UNMAPPED,No suitable ICD-11 match found,0.000,No Match,Optimized Semantic Matching,2025-09-04
AY0758,Gastritis - Amlapitta Vataja,,Unknown,DA42,Gastritis,0.800,High,Optimized Semantic Matching,2025-09-04
AY0759,Insomnia - Anidra Pittaja,,Unknown,UNMAPPED,No suitable ICD-11 match found,0.000,No Match,Optimized Semantic Matching,2025-09-04
AY0760,Constipation - Vibandha Kaphaja,,Unknown,ME05.0,constipation,0.800,High,Optimized Semantic Matching,2025-09-04
AY0761,Obesity - Medoroga Sannipataja,,Unknown,5B81,Obesity,0.800,High,Optimized Semantic Matching,2025-09-04
AY0762,Anemia - Pandu Chronic,,Unknown,UNMAPPED,No suitable ICD-11 match found,0.000,No Match,Optimized Semantic Matching,2025-09-04
AY0763,Psoriasis - Kitibha Acute,,Unknown,EA90,Psoriasis,0.800,High,Optimized Semantic Matching,2025-09-04
AY0764,Eczema - Vicharchika,,Unknown,UNMAPPED,No suitable ICD-11 match found,0.000,No Match,Optimized Semantic Matching,2025-09-04
AY0765,Urticaria - Sheetapitta Vataja,,Unknown,UNMAPPED,No suitable ICD-11 match found,0.000,No Match,Optimized Semantic Matching,2025-09-04
AY0766,Rheumatism - Amavata Pittaja,,Unknown,UNMAPPED,No suitable ICD-11 match found,0.000,No Match,Optimized Semantic Matching,2025-09-04
AY0767,Epilepsy - Apasmara Kaphaja,,Unknown,UNMAPPED,No suitable ICD-11 match found,0.000,No Match,Optimized Semantic Matching,2025-09-04
AY0768,Diarrhea - Atisara Sannipataja,,Unknown,UNMAPPED,No suitable ICD-11 match found,0.000,No Match,Optimized Semantic Matching,2025-09-04
AY0769,Cough - Kasa Chronic,,Unknown,MD12,cough,0.800,High,Optimized Semantic Matching,2025-09-04
AY0770,Cold - Pratishyaya Acute,,Unknown,UNMAPPED,No suitable ICD-11 match found,0.000,No Match,Optimized Semantic Matching,2025-09-04
AY0771,Hemorrhoids - Arsha,,Unknown,UNMAPPED,No suitable ICD-11 match found,0.000,No Match,Optimized Semantic Matching,2025-09-04
AY0772,Urinary Stones - Ashmari Vataja,,Unknown,UNMAPPED,No suitable ICD-11 match found,0.000,No Match,Optimized Semantic Matching,2025-09-04
AY0773,Jaundice - Kamala Pittaja,,Unknown,UNMAPPED,No suitable ICD-11 match found,0.000,No Match,Optimized Semantic Matching,2025-09-04
AY0774,Leucorrhea - Shweta Pradara Kaphaja,,Unknown,UNMAPPED,No suitable ICD-11 match found,0.000,No Match,Optimized Semantic Matching,2025-09-04
AY0775,Impotence - Klaibya Sannipataja,,Unknown,UNMAPPED,No suitable ICD-11 match found,0.000,No Match,Optimized Semantic Matching,2025-09-04
AY0776,Gout - Vatarakta Chronic,,Unknown,FA25,Gout,0.800,High,Optimized Semantic Matching,2025-09-04
AY0777,Sciatica - Gridhrasi Acute,,Unknown,ME84.3,sciatica,0.800,High,Optimized Semantic Matching,2025-09-04
AY0778,Vertigo - Bhrama,,Unknown,MB48.0,vertigo,0.800,High,Optimized Semantic Matching,2025-09-04
AY0779,Sinusitis - Dushta Pratishyaya Vataja,,Unknown,SC91,Nasal sinusitis disorder (TM1),0.700,High,Optimized Semantic Matching,2025-09-04
AY0780,Bronchitis - Kasa Roga Pittaja,,Unknown,CA20,bronchitis,0.800,High,Optimized Semantic Matching,2025-09-04
AY0781,Fever - Jwara Kaphaja,,Unknown,1C30.2,Typhus fever due to Rickettsia typhi,0.700,High,Optimized Semantic Matching,2025-09-04
AY0782,Diabetes - Madhumeha Sannipataja,,Unknown,5A11,Type 2 diabetes mellitus,0.700,High,Optimized Semantic Matching,2025-09-04
AY0783,Hypertension - Rakta Gata Vata Chronic,,Unknown,MC80.0,"elevated bloodpressure reading, without diagnosis of hypertension",0.700,High,Optimized Semantic Matching,2025-09-04
AY0784,Arthritis - Sandhivata Acute,,Unknown,1B41.1Z,"Acute rheumatic endocarditis, unspecified",0.700,High,Optimized Semantic Matching,2025-09-04
AY0785,Asthma - Tamaka Shwasa,,Unknown,CA23,Asthma,0.800,High,Optimized Semantic Matching,2025-09-04
AY0786,Migraine - Ardhavabhedaka Vataja,,Unknown,8A80,Migraine,0.800,High,Optimized Semantic Matching,2025-09-04
AY0787,Depression - Vishada Pittaja,,Unknown,UNMAPPED,No suitable ICD-11 match found,0.000,No Match,Optimized Semantic Matching,2025-09-04
AY0788,Gastritis - Amlapitta Kaphaja,,Unknown,DA42,Gastritis,0.800,High,Optimized Semantic Matching,2025-09-04
AY0789,Insomnia - Anidra Sannipataja,,Unknown,UNMAPPED,No suitable ICD-11 match found,0.000,No Match,Optimized Semantic Matching,2025-09-04
AY0790,Constipation - Vibandha Chronic,,Unknown,ME05.0,constipation,0.800,High,Optimized Semantic Matching,2025-09-04
AY0791,Obesity - Medoroga Acute,,Unknown,5B81,Obesity,0.800,High,Optimized Semantic Matching,2025-09-04
AY0792,Anemia - Pandu,,Unknown,EF20,Acquired malformations of Cutaneous blood vessels,0.700,High,Optimized Semantic Matching,2025-09-04
AY0793,Psoriasis - Kitibha Vataja,,Unknown,EA90,Psoriasis,0.800,High,Optimized Semantic Matching,2025-09-04
AY0794,Eczema - Vicharchika Pittaja,,Unknown,UNMAPPED,No suitable ICD-11 match found,0.000,No Match,Optimized Semantic Matching,2025-09-04
AY0795,Urticaria - Sheetapitta Kaphaja,,Unknown,UNMAPPED,No suitable ICD-11 match found,0.000,No Match,Optimized Semantic Matching,2025-09-04
AY0796,Rheumatism - Amavata Sannipataja,,Unknown,UNMAPPED,No suitable ICD-11 match found,0.000,No Match,Optimized Semantic Matching,2025-09-04
AY0797,Epilepsy - Apasmara Chronic,,Unknown,UNMAPPED,No suitable ICD-11 match found,0.000,No Match,Optimized Semantic Matching,2025-09-04
AY0798,Diarrhea - Atisara Acute,,Unknown,UNMAPPED,No suitable ICD-11 match found,0.000,No Match,Optimized Semantic Matching,2025-09-04
AY0799,Cough - Kasa,,Unknown,MD12,cough,0.800,High,Optimized Semantic Matching,2025-09-04
AY0800,Cold - Pratishyaya Vataja,,Unknown,UNMAPPED,No suitable ICD-11 match found,0.000,No Match,Optimized Semantic Matching,2025-09-04
AY0801,Hemorrhoids - Arsha Pittaja,,Unknown,UNMAPPED,No suitable ICD-11 match found,0.000,No Match,Optimized Semantic Matching,2025-09-04
AY0802,Urinary Stones - Ashmari Kaphaja,,Unknown,UNMAPPED,No suitable ICD-11 match found,0.000,No Match,Optimized Semantic Matching,2025-09-04
AY0803,Jaundice - Kamala Sannipataja,,Unknown,UNMAPPED,No suitable ICD-11 match found,0.000,No Match,Optimized Semantic Matching,2025-09-04
AY0804,Leucorrhea - Shweta Pradara Chronic,,Unknown,UNMAPPED,No suitable ICD-11 match found,0.000,No Match,Optimized Semantic Matching,2025-09-04
AY0805,Impotence - Klaibya Acute,,Unknown,UNMAPPED,No suitable ICD-11 match found,0.000,No Match,Optimized Semantic Matching,2025-09-04
AY0806,Gout - Vatarakta,,Unknown,FA25,Gout,0.800,High,Optimized Semantic Matching,2025-09-04
AY0807,Sciatica - Gridhrasi Vataja,,Unknown,ME84.3,sciatica,0.800,High,Optimized Semantic Matching,2025-09-04
AY0808,Vertigo - Bhrama Pittaja,,Unknown,MB48.0,vertigo,0.800,High,Optimized Semantic Matching,2025-09-04
AY0809,Sinusitis - Dushta Pratishyaya Kaphaja,,Unknown,SC91,Nasal sinusitis disorder (TM1),0.700,High,Optimized Semantic Matching,2025-09-04
AY0810,Bronchitis - Kasa Roga Sannipataja,,Unknown,CA20,bronchitis,0.800,High,Optimized Semantic Matching,2025-09-04
AY0811,Fever - Jwara Chronic,,Unknown,1D2Z,"Dengue fever, unspecified",0.700,High,Optimized Semantic Matching,2025-09-04
AY0812,Diabetes - Madhumeha Acute,,Unknown,QA0A.10,special screening examination for diabetes mellitus,0.700,High,Optimized Semantic Matching,2025-09-04
AY0813,Hypertension - Rakta Gata Vata,,Unknown,MC80.0,"elevated bloodpressure reading, without diagnosis of hypertension",0.700,High,Optimized Semantic Matching,2025-09-04
AY0814,Arthritis - Sandhivata Vataja,,Unknown,FA20,Rheumatoid arthritis,0.700,High,Optimized Semantic Matching,2025-09-04
AY0815,Asthma - Tamaka Shwasa Pittaja,,Unknown,CA23,Asthma,0.800,High,Optimized Semantic Matching,2025-09-04
AY0816,Migraine - Ardhavabhedaka Kaphaja,,Unknown,8A80,Migraine,0.800,High,Optimized Semantic Matching,2025-09-04
AY0817,Depression - Vishada Sannipataja,,Unknown,UNMAPPED,No suitable ICD-11 match found,0.000,No Match,Optimized Semantic Matching,2025-09-04
AY0818,Gastritis - Amlapitta Chronic,,Unknown,DA42,Gastritis,0.800,High,Optimized Semantic Matching,2025-09-04
AY0819,Insomnia - Anidra Acute,,Unknown,UNMAPPED,No suitable ICD-11 match found,0.000,No Match,Optimized Semantic Matching,2025-09-04
AY0820,Constipation - Vibandha,,Unknown,ME05.0,constipation,0.800,High,Optimized Semantic Matching,2025-09-04
AY0821,Obesity - Medoroga Vataja,,Unknown,5B81,Obesity,0.800,High,Optimized Semantic Matching,2025-09-04
AY0822,Anemia - Pandu Pittaja,,Unknown,EF20,Acquired malformations of Cutaneous blood vessels,0.700,High,Optimized Semantic Matching,2025-09-04
AY0823,Psoriasis - Kitibha Kaphaja,,Unknown,EA90,Psoriasis,0.800,High,Optimized Semantic Matching,2025-09-04
AY0824,Eczema - Vicharchika Sannipataja,,Unknown,UNMAPPED,No suitable ICD-11 match found,0.000,No Match,Optimized Semantic Matching,2025-09-04
AY0825,Urticaria - Sheetapitta Chronic,,Unknown,EB00.1,Chronic Urticaria,0.400,Low,Optimized Semantic Matching,2025-09-04
AY0826,Rheumatism - Amavata Acute,,Unknown,UNMAPPED,No suitable ICD-11 match found,0.000,No Match,Optimized Semantic Matching,2025-09-04
AY0827,Epilepsy - Apasmara,,Unknown,UNMAPPED,No suitable ICD-11 match found,0.000,No Match,Optimized Semantic Matching,2025-09-04
AY0828,Diarrhea - Atisara Vataja,,Unknown,UNMAPPED,No suitable ICD-11 match found,0.000,No Match,Optimized Semantic Matching,2025-09-04
AY0829,Cough - Kasa Pittaja,,Unknown,MD12,cough,0.800,High,Optimized Semantic Matching,2025-09-04
AY0830,Cold - Pratishyaya Kaphaja,,Unknown,UNMAPPED,No suitable ICD-11 match found,0.000,No Match,Optimized Semantic Matching,2025-09-04
AY0831,Hemorrhoids - Arsha Sannipataja,,Unknown,UNMAPPED,No suitable ICD-11 match found,0.000,No Match,Optimized Semantic Matching,2025-09-04
AY0832,Urinary Stones - Ashmari Chronic,,Unknown,UNMAPPED,No suitable ICD-11 match found,0.000,No Match,Optimized Semantic Matching,2025-09-04
AY0833,Jaundice - Kamala Acute,,Unknown,UNMAPPED,No suitable ICD-11 match found,0.000,No Match,Optimized Semantic Matching,2025-09-04
AY0834,Leucorrhea - Shweta Pradara,,Unknown,UNMAPPED,No suitable ICD-11 match found,0.000,No Match,Optimized Semantic Matching,2025-09-04
AY0835,Impotence - Klaibya Vataja,,Unknown,UNMAPPED,No suitable ICD-11 match found,0.000,No Match,Optimized Semantic Matching,2025-09-04
AY0836,Gout - Vatarakta Pittaja,,Unknown,FA25,Gout,0.800,High,Optimized Semantic Matching,2025-09-04
AY0837,Sciatica - Gridhrasi Kaphaja,,Unknown,ME84.3,sciatica,0.800,High,Optimized Semantic Matching,2025-09-04
AY0838,Vertigo - Bhrama Sannipataja,,Unknown,MB48.0,vertigo,0.800,High,Optimized Semantic Matching,2025-09-04
AY0839,Sinusitis - Dushta Pratishyaya Chronic,,Unknown,2A81.7,Diffuse large Bcell lymphoma associated with Chronic inflammation,0.700,High,Optimized Semantic Matching,2025-09-04
AY0840,Bronchitis - Kasa Roga Acute,,Unknown,CA20,bronchitis,0.800,High,Optimized Semantic Matching,2025-09-04
AY0841,Fever - Jwara,,Unknown,1C30.2,Typhus fever due to Rickettsia typhi,0.700,High,Optimized Semantic Matching,2025-09-04
AY0842,Diabetes - Madhumeha Vataja,,Unknown,5A11,Type 2 diabetes mellitus,0.700,High,Optimized Semantic Matching,2025-09-04
AY0843,Hypertension - Rakta Gata Vata Pittaja,,Unknown,MC80.0,"elevated bloodpressure reading, without diagnosis of hypertension",0.700,High,Optimized Semantic Matching,2025-09-04
AY0844,Arthritis - Sandhivata Kaphaja,,Unknown,FA20,Rheumatoid arthritis,0.700,High,Optimized Semantic Matching,2025-09-04
AY0845,Asthma - Tamaka Shwasa Sannipataja,,Unknown,CA23,Asthma,0.800,High,Optimized Semantic Matching,2025-09-04
AY0846,Migraine - Ardhavabhedaka Chronic,,Unknown,8A80,Migraine,0.800,High,Optimized Semantic Matching,2025-09-04
AY0847,Depression - Vishada Acute,,Unknown,UNMAPPED,No suitable ICD-11 match found,0.000,No Match,Optimized Semantic Matching,2025-09-04
AY0848,Gastritis - Amlapitta,,Unknown,DA42,Gastritis,0.800,High,Optimized Semantic Matching,2025-09-04
AY0849,Insomnia - Anidra Vataja,,Unknown,UNMAPPED,No suitable ICD-11 match found,0.000,No Match,Optimized Semantic Matching,2025-09-04
AY0850,Constipation - Vibandha Pittaja,,Unknown,ME05.0,constipation,0.800,High,Optimized Semantic Matching,2025-09-04
AY0851,Obesity - Medoroga Kaphaja,,Unknown,5B81,Obesity,0.800,High,Optimized Semantic Matching,2025-09-04
AY0852,Anemia - Pandu Sannipataja,,Unknown,EF20,Acquired malformations of Cutaneous blood vessels,0.700,High,Optimized Semantic Matching,2025-09-04
AY0853,Psoriasis - Kitibha Chronic,,Unknown,EA90,Psoriasis,0.800,High,Optimized Semantic Matching,2025-09-04
AY0854,Eczema - Vicharchika Acute,,Unknown,UNMAPPED,No suitable ICD-11 match found,0.000,No Match,Optimized Semantic Matching,2025-09-04
AY0855,Urticaria - Sheetapitta,,Unknown,UNMAPPED,No suitable ICD-11 match found,0.000,No Match,Optimized Semantic Matching,2025-09-04
AY0856,Rheumatism - Amavata Vataja,,Unknown,UNMAPPED,No suitable ICD-11 match found,0.000,No Match,Optimized Semantic Matching,2025-09-04
AY0857,Epilepsy - Apasmara Pittaja,,Unknown,UNMAPPED,No suitable ICD-11 match found,0.000,No Match,Optimized Semantic Matching,2025-09-04
AY0858,Diarrhea - Atisara Kaphaja,,Unknown,UNMAPPED,No suitable ICD-11 match found,0.000,No Match,Optimized Semantic Matching,2025-09-04
AY0859,Cough - Kasa Sannipataja,,Unknown,MD12,cough,0.800,High,Optimized Semantic Matching,2025-09-04
AY0860,Cold - Pratishyaya Chronic,,Unknown,UNMAPPED,No suitable ICD-11 match found,0.000,No Match,Optimized Semantic Matching,2025-09-04
AY0861,Hemorrhoids - Arsha Acute,,Unknown,UNMAPPED,No suitable ICD-11 match found,0.000,No Match,Optimized Semantic Matching,2025-09-04
AY0862,Urinary Stones - Ashmari,,Unknown,UNMAPPED,No suitable ICD-11 match found,0.000,No Match,Optimized Semantic Matching,2025-09-04
AY0863,Jaundice - Kamala Vataja,,Unknown,UNMAPPED,No suitable ICD-11 match found,0.000,No Match,Optimized Semantic Matching,2025-09-04
AY0864,Leucorrhea - Shweta Pradara Pittaja,,Unknown,UNMAPPED,No suitable ICD-11 match found,0.000,No Match,Optimized Semantic Matching,2025-09-04
AY0865,Impotence - Klaibya Kaphaja,,Unknown,UNMAPPED,No suitable ICD-11 match found,0.000,No Match,Optimized Semantic Matching,2025-09-04
AY0866,Gout - Vatarakta Sannipataja,,Unknown,FA25,Gout,0.800,High,Optimized Semantic Matching,2025-09-04
AY0867,Sciatica - Gridhrasi Chronic,,Unknown,ME84.3,sciatica,0.800,High,Optimized Semantic Matching,2025-09-04
AY0868,Vertigo - Bhrama Acute,,Unknown,MB48.0,vertigo,0.800,High,Optimized Semantic Matching,2025-09-04
AY0869,Sinusitis - Dushta Pratishyaya,,Unknown,SC91,Nasal sinusitis disorder (TM1),0.700,High,Optimized Semantic Matching,2025-09-04
AY0870,Bronchitis - Kasa Roga Vataja,,Unknown,CA20,bronchitis,0.800,High,Optimized Semantic Matching,2025-09-04
AY0871,Fever - Jwara Pittaja,,Unknown,1C30.2,Typhus fever due to Rickettsia typhi,0.700,High,Optimized Semantic Matching,2025-09-04
AY0872,Diabetes - Madhumeha Kaphaja,,Unknown,5A11,Type 2 diabetes mellitus,0.700,High,Optimized Semantic Matching,2025-09-04
AY0873,Hypertension - Rakta Gata Vata Sannipataja,,Unknown,MC80.0,"elevated bloodpressure reading, without diagnosis of hypertension",0.700,High,Optimized Semantic Matching,2025-09-04
AY0874,Arthritis - Sandhivata Chronic,,Unknown,2A81.7,Diffuse large Bcell lymphoma associated with Chronic inflammation,0.700,High,Optimized Semantic Matching,2025-09-04
AY0875,Asthma - Tamaka Shwasa Acute,,Unknown,CA23,Asthma,0.800,High,Optimized Semantic Matching,2025-09-04
AY0876,Migraine - Ardhavabhedaka,,Unknown,8A80,Migraine,0.800,High,Optimized Semantic Matching,2025-09-04
AY0877,Depression - Vishada Vataja,,Unknown,UNMAPPED,No suitable ICD-11 match found,0.000,No Match,Optimized Semantic Matching,2025-09-04
AY0878,Gastritis - Amlapitta Pittaja,,Unknown,DA42,Gastritis,0.800,High,Optimized Semantic Matching,2025-09-04
AY0879,Insomnia - Anidra Kaphaja,,Unknown,UNMAPPED,No suitable ICD-11 match found,0.000,No Match,Optimized Semantic Matching,2025-09-04
AY0880,Constipation - Vibandha Sannipataja,,Unknown,ME05.0,constipation,0.800,High,Optimized Semantic Matching,2025-09-04
AY0881,Obesity - Medoroga Chronic,,Unknown,5B81,Obesity,0.800,High,Optimized Semantic Matching,2025-09-04
AY0882,Anemia - Pandu Acute,,Unknown,UNMAPPED,No suitable ICD-11 match found,0.000,No Match,Optimized Semantic Matching,2025-09-04
AY0883,Psoriasis - Kitibha,,Unknown,EA90,Psoriasis,0.800,High,Optimized Semantic Matching,2025-09-04
AY0884,Eczema - Vicharchika Vataja,,Unknown,UNMAPPED,No suitable ICD-11 match found,0.000,No Match,Optimized Semantic Matching,2025-09-04
AY0885,Urticaria - Sheetapitta Pittaja,,Unknown,UNMAPPED,No suitable ICD-11 match found,0.000,No Match,Optimized Semantic Matching,2025-09-04
AY0886,Rheumatism - Amavata Kaphaja,,Unknown,UNMAPPED,No suitable ICD-11 match found,0.000,No Match,Optimized Semantic Matching,2025-09-04
AY0887,Epilepsy - Apasmara Sannipataja,,Unknown,UNMAPPED,No suitable ICD-11 match found,0.000,No Match,Optimized Semantic Matching,2025-09-04
AY0888,Diarrhea - Atisara Chronic,,Unknown,UNMAPPED,No suitable ICD-11 match found,0.000,No Match,Optimized Semantic Matching,2025-09-04
AY0889,Cough - Kasa Acute,,Unknown,MD12,cough,0.800,High,Optimized Semantic Matching,2025-09-04
AY0890,Cold - Pratishyaya,,Unknown,UNMAPPED,No suitable ICD-11 match found,0.000,No Match,Optimized Semantic Matching,2025-09-04
AY0891,Hemorrhoids - Arsha Vataja,,Unknown,UNMAPPED,No suitable ICD-11 match found,0.000,No Match,Optimized Semantic Matching,2025-09-04
AY0892,Urinary Stones - Ashmari Pittaja,,Unknown,UNMAPPED,No suitable ICD-11 match found,0.000,No Match,Optimized Semantic Matching,2025-09-04
AY0893,Jaundice - Kamala Kaphaja,,Unknown,UNMAPPED,No suitable ICD-11 match found,0.000,No Match,Optimized Semantic Matching,2025-09-04
AY0894,Leucorrhea - Shweta Pradara Sannipataja,,Unknown,UNMAPPED,No suitable ICD-11 match found,0.000,No Match,Optimized Semantic Matching,2025-09-04
AY0895,Impotence - Klaibya Chronic,,Unknown,UNMAPPED,No suitable ICD-11 match found,0.000,No Match,Optimized Semantic Matching,2025-09-04
AY0896,Gout - Vatarakta Acute,,Unknown,FA25,Gout,0.800,High,Optimized Semantic Matching,2025-09-04
AY0897,Sciatica - Gridhrasi,,Unknown,ME84.3,sciatica,0.800,High,Optimized Semantic Matching,2025-09-04
AY0898,Vertigo - Bhrama Vataja,,Unknown,MB48.0,vertigo,0.800,High,Optimized Semantic Matching,2025-09-04
AY0899,Sinusitis - Dushta Pratishyaya Pittaja,,Unknown,SC91,Nasal sinusitis disorder (TM1),0.700,High,Optimized Semantic Matching,2025-09-04
AY0900,Bronchitis - Kasa Roga Kaphaja,,Unknown,CA20,bronchitis,0.800,High,Optimized Semantic Matching,2025-09-04
AY0901,Fever - Jwara Sannipataja,,Unknown,1C30.2,Typhus fever due to Rickettsia typhi,0.700,High,Optimized Semantic Matching,2025-09-04
AY0902,Diabetes - Madhumeha Chronic,,Unknown,QA0A.10,special screening examination for diabetes mellitus,0.700,High,Optimized Semantic Matching,2025-09-04
AY0903,Hypertension - Rakta Gata Vata Acute,,Unknown,MC80.0,"elevated bloodpressure reading, without diagnosis of hypertension",0.700,High,Optimized Semantic Matching,2025-09-04
AY0904,Arthritis - Sandhivata,,Unknown,FA20,Rheumatoid arthritis,0.700,High,Optimized Semantic Matching,2025-09-04
AY0905,Asthma - Tamaka Shwasa Vataja,,Unknown,CA23,Asthma,0.800,High,Optimized Semantic Matching,2025-09-04
AY0906,Migraine - Ardhavabhedaka Pittaja,,Unknown,8A80,Migraine,0.800,High,Optimized Semantic Matching,2025-09-04
AY0907,Depression - Vishada Kaphaja,,Unknown,UNMAPPED,No suitable ICD-11 match found,0.000,No Match,Optimized Semantic Matching,2025-09-04
AY0908,Gastritis - Amlapitta Sannipataja,,Unknown,DA42,Gastritis,0.800,High,Optimized Semantic Matching,2025-09-04
AY0909,Insomnia - Anidra Chronic,,Unknown,7A00,Chronic insomnia,0.400,Low,Optimized Semantic Matching,2025-09-04
AY0910,Constipation - Vibandha Acute,,Unknown,ME05.0,constipation,0.800,High,Optimized Semantic Matching,2025-09-04
AY0911,Obesity - Medoroga,,Unknown,5B81,Obesity,0.800,High,Optimized Semantic Matching,2025-09-04
AY0912,Anemia - Pandu Vataja,,Unknown,EF20,Acquired malformations of Cutaneous blood vessels,0.700,High,Optimized Semantic Matching,2025-09-04
AY0913,Psoriasis - Kitibha Pittaja,,Unknown,EA90,Psoriasis,0.800,High,Optimized Semantic Matching,2025-09-04
AY0914,Eczema - Vicharchika Kaphaja,,Unknown,UNMAPPED,No suitable ICD-11 match found,0.000,No Match,Optimized Semantic Matching,2025-09-04
AY0915,Urticaria - Sheetapitta Sannipataja,,Unknown,UNMAPPED,No suitable ICD-11 match found,0.000,No Match,Optimized Semantic Matching,2025-09-04
AY0916,Rheumatism - Amavata Chronic,,Unknown,UNMAPPED,No suitable ICD-11 match found,0.000,No Match,Optimized Semantic Matching,2025-09-04
AY0917,Epilepsy - Apasmara Acute,,Unknown,UNMAPPED,No suitable ICD-11 match found,0.000,No Match,Optimized Semantic Matching,2025-09-04
AY0918,Diarrhea - Atisara,,Unknown,UNMAPPED,No suitable ICD-11 match found,0.000,No Match,Optimized Semantic Matching,2025-09-04
AY0919,Cough - Kasa Vataja,,Unknown,MD12,cough,0.800,High,Optimized Semantic Matching,2025-09-04
AY0920,Cold - Pratishyaya Pittaja,,Unknown,UNMAPPED,No suitable ICD-11 match found,0.000,No Match,Optimized Semantic Matching,2025-09-04
AY0921,Hemorrhoids - Arsha Kaphaja,,Unknown,UNMAPPED,No suitable ICD-11 match found,0.000,No Match,Optimized Semantic Matching,2025-09-04
AY0922,Urinary Stones - Ashmari Sannipataja,,Unknown,UNMAPPED,No suitable ICD-11 match found,0.000,No Match,Optimized Semantic Matching,2025-09-04
AY0923,Jaundice - Kamala Chronic,,Unknown,UNMAPPED,No suitable ICD-11 match found,0.000,No Match,Optimized Semantic Matching,2025-09-04
AY0924,Leucorrhea - Shweta Pradara Acute,,Unknown,UNMAPPED,No suitable ICD-11 match found,0.000,No Match,Optimized Semantic Matching,2025-09-04
AY0925,Impotence - Klaibya,,Unknown,UNMAPPED,No suitable ICD-11 match found,0.000,No Match,Optimized Semantic Matching,2025-09-04
AY0926,Gout - Vatarakta Vataja,,Unknown,FA25,Gout,0.800,High,Optimized Semantic Matching,2025-09-04
AY0927,Sciatica - Gridhrasi Pittaja,,Unknown,ME84.3,sciatica,0.800,High,Optimized Semantic Matching,2025-09-04
AY0928,Vertigo - Bhrama Kaphaja,,Unknown,MB48.0,vertigo,0.800,High,Optimized Semantic Matching,2025-09-04
AY0929,Sinusitis - Dushta Pratishyaya Sannipataja,,Unknown,SC91,Nasal sinusitis disorder (TM1),0.700,High,Optimized Semantic Matching,2025-09-04
AY0930,Bronchitis - Kasa Roga Chronic,,Unknown,CA20,bronchitis,0.800,High,Optimized Semantic Matching,2025-09-04
AY0931,Fever - Jwara Acute,,Unknown,1D2Z,"Dengue fever, unspecified",0.700,High,Optimized Semantic Matching,2025-09-04
AY0932,Diabetes - Madhumeha,,Unknown,5A11,Type 2 diabetes mellitus,0.700,High,Optimized Semantic Matching,2025-09-04
AY0933,Hypertension - Rakta Gata Vata Vataja,,Unknown,MC80.0,"elevated bloodpressure reading, without diagnosis of hypertension",0.700,High,Optimized Semantic Matching,2025-09-04
AY0934,Arthritis - Sandhivata Pittaja,,Unknown,FA20,Rheumatoid arthritis,0.700,High,Optimized Semantic Matching,2025-09-04
AY0935,Asthma - Tamaka Shwasa Kaphaja,,Unknown,CA23,Asthma,0.800,High,Optimized Semantic Matching,2025-09-04
AY0936,Migraine - Ardhavabhedaka Sannipataja,,Unknown,8A80,Migraine,0.800,High,Optimized Semantic Matching,2025-09-04
AY0937,Depression - Vishada Chronic,,Unknown,UNMAPPED,No suitable ICD-11 match found,0.000,No Match,Optimized Semantic Matching,2025-09-04
AY0938,Gastritis - Amlapitta Acute,,Unknown,DA42,Gastritis,0.800,High,Optimized Semantic Matching,2025-09-04
AY0939,Insomnia - Anidra,,Unknown,UNMAPPED,No suitable ICD-11 match found,0.000,No Match,Optimized Semantic Matching,2025-09-04
AY0940,Constipation - Vibandha Vataja,,Unknown,ME05.0,constipation,0.800,High,Optimized Semantic Matching,2025-09-04
AY0941,Obesity - Medoroga Pittaja,,Unknown,5B81,Obesity,0.800,High,Optimized Semantic Matching,2025-09-04
AY0942,Anemia - Pandu Kaphaja,,Unknown,EF20,Acquired malformations of Cutaneous blood vessels,0.700,High,Optimized Semantic Matching,2025-09-04
AY0943,Psoriasis - Kitibha Sannipataja,,Unknown,EA90,Psoriasis,0.800,High,Optimized Semantic Matching,2025-09-04
AY0944,Eczema - Vicharchika Chronic,,Unknown,UNMAPPED,No suitable ICD-11 match found,0.000,No Match,Optimized Semantic Matching,2025-09-04
AY0945,Urticaria - Sheetapitta Acute,,Unknown,EB00.0,Acute Urticaria,0.400,Low,Optimized Semantic Matching,2025-09-04
AY0946,Rheumatism - Amavata,,Unknown,UNMAPPED,No suitable ICD-11 match found,0.000,No Match,Optimized Semantic Matching,2025-09-04
AY0947,Epilepsy - Apasmara Vataja,,Unknown,UNMAPPED,No suitable ICD-11 match found,0.000,No Match,Optimized Semantic Matching,2025-09-04
AY0948,Diarrhea - Atisara Pittaja,,Unknown,UNMAPPED,No suitable ICD-11 match found,0.000,No Match,Optimized Semantic Matching,2025-09-04
AY0949,Cough - Kasa Kaphaja,,Unknown,MD12,cough,0.800,High,Optimized Semantic Matching,2025-09-04
AY0950,Cold - Pratishyaya Sannipataja,,Unknown,UNMAPPED,No suitable ICD-11 match found,0.000,No Match,Optimized Semantic Matching,2025-09-04
AY0951,Hemorrhoids - Arsha Chronic,,Unknown,UNMAPPED,No suitable ICD-11 match found,0.000,No Match,Optimized Semantic Matching,2025-09-04
AY0952,Urinary Stones - Ashmari Acute,,Unknown,UNMAPPED,No suitable ICD-11 match found,0.000,No Match,Optimized Semantic Matching,2025-09-04
AY0953,Jaundice - Kamala,,Unknown,UNMAPPED,No suitable ICD-11 match found,0.000,No Match,Optimized Semantic Matching,2025-09-04
AY0954,Leucorrhea - Shweta Pradara Vataja,,Unknown,UNMAPPED,No suitable ICD-11 match found,0.000,No Match,Optimized Semantic Matching,2025-09-04
AY0955,Impotence - Klaibya Pittaja,,Unknown,UNMAPPED,No suitable ICD-11 match found,0.000,No Match,Optimized Semantic Matching,2025-09-04
AY0956,Gout - Vatarakta Kaphaja,,Unknown,FA25,Gout,0.800,High,Optimized Semantic Matching,2025-09-04
AY0957,Sciatica - Gridhrasi Sannipataja,,Unknown,ME84.3,sciatica,0.800,High,Optimized Semantic Matching,2025-09-04
AY0958,Vertigo - Bhrama Chronic,,Unknown,MB48.0,vertigo,0.800,High,Optimized Semantic Matching,2025-09-04
AY0959,Sinusitis - Dushta Pratishyaya Acute,,Unknown,1E91.41,Acute herpetic geniculate ganglionitis,0.700,High,Optimized Semantic Matching,2025-09-04
AY0960,Bronchitis - Kasa Roga,,Unknown,CA20,bronchitis,0.800,High,Optimized Semantic Matching,2025-09-04
AY0961,Fever - Jwara Vataja,,Unknown,1C30.2,Typhus fever due to Rickettsia typhi,0.700,High,Optimized Semantic Matching,2025-09-04
AY0962,Diabetes - Madhumeha Pittaja,,Unknown,5A11,Type 2 diabetes mellitus,0.700,High,Optimized Semantic Matching,2025-09-04
AY0963,Hypertension - Rakta Gata Vata Kaphaja,,Unknown,MC80.0,"elevated bloodpressure reading, without diagnosis of hypertension",0.700,High,Optimized Semantic Matching,2025-09-04
AY0964,Arthritis - Sandhivata Sannipataja,,Unknown,FA20,Rheumatoid arthritis,0.700,High,Optimized Semantic Matching,2025-09-04
AY0965,Asthma - Tamaka Shwasa Chronic,,Unknown,CA23,Asthma,0.800,High,Optimized Semantic Matching,2025-09-04
AY0966,Migraine - Ardhavabhedaka Acute,,Unknown,8A80,Migraine,0.800,High,Optimized Semantic Matching,2025-09-04
AY0967,Depression - Vishada,,Unknown,UNMAPPED,No suitable ICD-11 match found,0.000,No Match,Optimized Semantic Matching,2025-09-04
AY0968,Gastritis - Amlapitta Vataja,,Unknown,DA42,Gastritis,0.800,High,Optimized Semantic Matching,2025-09-04
AY0969,Insomnia - Anidra Pittaja,,Unknown,UNMAPPED,No suitable ICD-11 match found,0.000,No Match,Optimized Semantic Matching,2025-09-04
AY0970,Constipation - Vibandha Kaphaja,,Unknown,ME05.0,constipation,0.800,High,Optimized Semantic Matching,2025-09-04
AY0971,Obesity - Medoroga Sannipataja,,Unknown,5B81,Obesity,0.800,High,Optimized Semantic Matching,2025-09-04
AY0972,Anemia - Pandu Chronic,,Unknown,UNMAPPED,No suitable ICD-11 match found,0.000,No Match,Optimized Semantic Matching,2025-09-04
AY0973,Psoriasis - Kitibha Acute,,Unknown,EA90,Psoriasis,0.800,High,Optimized Semantic Matching,2025-09-04
AY0974,Eczema - Vicharchika,,Unknown,UNMAPPED,No suitable ICD-11 match found,0.000,No Match,Optimized Semantic Matching,2025-09-04
AY0975,Urticaria - Sheetapitta Vataja,,Unknown,UNMAPPED,No suitable ICD-11 match found,0.000,No Match,Optimized Semantic Matching,2025-09-04
AY0976,Rheumatism - Amavata Pittaja,,Unknown,UNMAPPED,No suitable ICD-11 match found,0.000,No Match,Optimized Semantic Matching,2025-09-04
AY0977,Epilepsy - Apasmara Kaphaja,,Unknown,UNMAPPED,No suitable ICD-11 match found,0.000,No Match,Optimized Semantic Matching,2025-09-04
AY0978,Diarrhea - Atisara Sannipataja,,Unknown,UNMAPPED,No suitable ICD-11 match found,0.000,No Match,Optimized Semantic Matching,2025-09-04
AY0979,Cough - Kasa Chronic,,Unknown,MD12,cough,0.800,High,Optimized Semantic Matching,2025-09-04
AY0980,Cold - Pratishyaya Acute,,Unknown,UNMAPPED,No suitable ICD-11 match found,0.000,No Match,Optimized Semantic Matching,2025-09-04
AY0981,Hemorrhoids - Arsha,,Unknown,UNMAPPED,No suitable ICD-11 match found,0.000,No Match,Optimized Semantic Matching,2025-09-04
AY0982,Urinary Stones - Ashmari Vataja,,Unknown,UNMAPPED,No suitable ICD-11 match found,0.000,No Match,Optimized Semantic Matching,2025-09-04
AY0983,Jaundice - Kamala Pittaja,,Unknown,UNMAPPED,No suitable ICD-11 match found,0.000,No Match,Optimized Semantic Matching,2025-09-04
AY0984,Leucorrhea - Shweta Pradara Kaphaja,,Unknown,UNMAPPED,No suitable ICD-11 match found,0.000,No Match,Optimized Semantic Matching,2025-09-04
AY0985,Impotence - Klaibya Sannipataja,,Unknown,UNMAPPED,No suitable ICD-11 match found,0.000,No Match,Optimized Semantic Matching,2025-09-04
AY0986,Gout - Vatarakta Chronic,,Unknown,FA25,Gout,0.800,High,Optimized Semantic Matching,2025-09-04
AY0987,Sciatica - Gridhrasi Acute,,Unknown,ME84.3,sciatica,0.800,High,Optimized Semantic Matching,2025-09-04
AY0988,Vertigo - Bhrama,,Unknown,MB48.0,vertigo,0.800,High,Optimized Semantic Matching,2025-09-04
AY0989,Sinusitis - Dushta Pratishyaya Vataja,,Unknown,SC91,Nasal sinusitis disorder (TM1),0.700,High,Optimized Semantic Matching,2025-09-04
AY0990,Bronchitis - Kasa Roga Pittaja,,Unknown,CA20,bronchitis,0.800,High,Optimized Semantic Matching,2025-09-04
AY0991,Fever - Jwara Kaphaja,,Unknown,1C30.2,Typhus fever due to Rickettsia typhi,0.700,High,Optimized Semantic Matching,2025-09-04
AY0992,Diabetes - Madhumeha Sannipataja,,Unknown,5A11,Type 2 diabetes mellitus,0.700,High,Optimized Semantic Matching,2025-09-04
AY0993,Hypertension - Rakta Gata Vata Chronic,,Unknown,MC80.0,"elevated bloodpressure reading, without diagnosis of hypertension",0.700,High,Optimized Semantic Matching,2025-09-04
AY0994,Arthritis - Sandhivata Acute,,Unknown,1B41.1Z,"Acute rheumatic endocarditis, unspecified",0.700,High,Optimized Semantic Matching,2025-09-04
AY0995,Asthma - Tamaka Shwasa,,Unknown,CA23,Asthma,0.800,High,Optimized Semantic Matching,2025-09-04
AY0996,Migraine - Ardhavabhedaka Vataja,,Unknown,8A80,Migraine,0.800,High,Optimized Semantic Matching,2025-09-04
AY0997,Depression - Vishada Pittaja,,Unknown,UNMAPPED,No suitable ICD-11 match found,0.000,No Match,Optimized Semantic Matching,2025-09-04
AY0998,Gastritis - Amlapitta Kaphaja,,Unknown,DA42,Gastritis,0.800,High,Optimized Semantic Matching,2025-09-04
AY0999,Insomnia - Anidra Sannipataja,,Unknown,UNMAPPED,No suitable ICD-11 match found,0.000,No Match,Optimized Semantic Matching,2025-09-04
AY1000,Constipation - Vibandha Chronic,,Unknown,ME05.0,constipation,0.800,High,Optimized Semantic Matching,2025-09-04
AY1001,Obesity - Medoroga Acute,,Unknown,5B81,Obesity,0.800,High,Optimized Semantic Matching,2025-09-04
AY1002,Anemia - Pandu,,Unknown,EF20,Acquired malformations of Cutaneous blood vessels,0.700,High,Optimized Semantic Matching,2025-09-04
AY1003,Psoriasis - Kitibha Vataja,,Unknown,EA90,Psoriasis,0.800,High,Optimized Semantic Matching,2025-09-04
AY1004,Eczema - Vicharchika Pittaja,,Unknown,UNMAPPED,No suitable ICD-11 match found,0.000,No Match,Optimized Semantic Matching,2025-09-04
AY1005,Urticaria - Sheetapitta Kaphaja,,Unknown,UNMAPPED,No suitable ICD-11 match found,0.000,No Match,Optimized Semantic Matching,2025-09-04
AY1006,Rheumatism - Amavata Sannipataja,,Unknown,UNMAPPED,No suitable ICD-11 match found,0.000,No Match,Optimized Semantic Matching,2025-09-04
AY1007,Epilepsy - Apasmara Chronic,,Unknown,UNMAPPED,No suitable ICD-11 match found,0.000,No Match,Optimized Semantic Matching,2025-09-04
AY1008,Diarrhea - Atisara Acute,,Unknown,UNMAPPED,No suitable ICD-11 match found,0.000,No Match,Optimized Semantic Matching,2025-09-04
AY1009,Cough - Kasa,,Unknown,MD12,cough,0.800,High,Optimized Semantic Matching,2025-09-04
AY1010,Cold - Pratishyaya Vataja,,Unknown,UNMAPPED,No suitable ICD-11 match found,0.000,No Match,Optimized Semantic Matching,2025-09-04
AY1011,Hemorrhoids - Arsha Pittaja,,Unknown,UNMAPPED,No suitable ICD-11 match found,0.000,No Match,Optimized Semantic Matching,2025-09-04
AY1012,Urinary Stones - Ashmari Kaphaja,,Unknown,UNMAPPED,No suitable ICD-11 match found,0.000,No Match,Optimized Semantic Matching,2025-09-04
AY1013,Jaundice - Kamala Sannipataja,,Unknown,UNMAPPED,No suitable ICD-11 match found,0.000,No Match,Optimized Semantic Matching,2025-09-04
AY1014,Leucorrhea - Shweta Pradara Chronic,,Unknown,UNMAPPED,No suitable ICD-11 match found,0.000,No Match,Optimized Semantic Matching,2025-09-04
AY1015,Impotence - Klaibya Acute,,Unknown,UNMAPPED,No suitable ICD-11 match found,0.000,No Match,Optimized Semantic Matching,2025-09-04
AY1016,Gout - Vatarakta,,Unknown,FA25,Gout,0.800,High,Optimized Semantic Matching,2025-09-04
AY1017,Sciatica - Gridhrasi Vataja,,Unknown,ME84.3,sciatica,0.800,High,Optimized Semantic Matching,2025-09-04
AY1018,Vertigo - Bhrama Pittaja,,Unknown,MB48.0,vertigo,0.800,High,Optimized Semantic Matching,2025-09-04
AY1019,Sinusitis - Dushta Pratishyaya Kaphaja,,Unknown,SC91,Nasal sinusitis disorder (TM1),0.700,High,Optimized Semantic Matching,2025-09-04
AY1020,Bronchitis - Kasa Roga Sannipataja,,Unknown,CA20,bronchitis,0.800,High,Optimized Semantic Matching,2025-09-04
AY1021,Fever - Jwara Chronic,,Unknown,1D2Z,"Dengue fever, unspecified",0.700,High,Optimized Semantic Matching,2025-09-04
AY1022,Diabetes - Madhumeha Acute,,Unknown,QA0A.10,special screening examination for diabetes mellitus,0.700,High,Optimized Semantic Matching,2025-09-04
AY1023,Hypertension - Rakta Gata Vata,,Unknown,MC80.0,"elevated bloodpressure reading, without diagnosis of hypertension",0.700,High,Optimized Semantic Matching,2025-09-04
AY1024,Arthritis - Sandhivata Vataja,,Unknown,FA20,Rheumatoid arthritis,0.700,High,Optimized Semantic Matching,2025-09-04
AY1025,Asthma - Tamaka Shwasa Pittaja,,Unknown,CA23,Asthma,0.800,High,Optimized Semantic Matching,2025-09-04
AY1026,Migraine - Ardhavabhedaka Kaphaja,,Unknown,8A80,Migraine,0.800,High,Optimized Semantic Matching,2025-09-04
AY1027,Depression - Vishada Sannipataja,,Unknown,UNMAPPED,No suitable ICD-11 match found,0.000,No Match,Optimized Semantic Matching,2025-09-04
AY1028,Gastritis - Amlapitta Chronic,,Unknown,DA42,Gastritis,0.800,High,Optimized Semantic Matching,2025-09-04
AY1029,Insomnia - Anidra Acute,,Unknown,UNMAPPED,No suitable ICD-11 match found,0.000,No Match,Optimized Semantic Matching,2025-09-04
AY1030,Constipation - Vibandha,,Unknown,ME05.0,constipation,0.800,High,Optimized Semantic Matching,2025-09-04
AY1031,Obesity - Medoroga Vataja,,Unknown,5B81,Obesity,0.800,High,Optimized Semantic Matching,2025-09-04
AY1032,Anemia - Pandu Pittaja,,Unknown,EF20,Acquired malformations of Cutaneous blood vessels,0.700,High,Optimized Semantic Matching,2025-09-04
AY1033,Psoriasis - Kitibha Kaphaja,,Unknown,EA90,Psoriasis,0.800,High,Optimized Semantic Matching,2025-09-04
AY1034,Eczema - Vicharchika Sannipataja,,Unknown,UNMAPPED,No suitable ICD-11 match found,0.000,No Match,Optimized Semantic Matching,2025-09-04
AY1035,Urticaria - Sheetapitta Chronic,,Unknown,EB00.1,Chronic Urticaria,0.400,Low,Optimized Semantic Matching,2025-09-04
AY1036,Rheumatism - Amavata Acute,,Unknown,UNMAPPED,No suitable ICD-11 match found,0.000,No Match,Optimized Semantic Matching,2025-09-04
AY1037,Epilepsy - Apasmara,,Unknown,UNMAPPED,No suitable ICD-11 match found,0.000,No Match,Optimized Semantic Matching,2025-09-04
AY1038,Diarrhea - Atisara Vataja,,Unknown,UNMAPPED,No suitable ICD-11 match found,0.000,No Match,Optimized Semantic Matching,2025-09-04
AY1039,Cough - Kasa Pittaja,,Unknown,MD12,cough,0.800,High,Optimized Semantic Matching,2025-09-04
AY1040,Cold - Pratishyaya Kaphaja,,Unknown,UNMAPPED,No suitable ICD-11 match found,0.000,No Match,Optimized Semantic Matching,2025-09-04
AY1041,Hemorrhoids - Arsha Sannipataja,,Unknown,UNMAPPED,No suitable ICD-11 match found,0.000,No Match,Optimized Semantic Matching,2025-09-04
AY1042,Urinary Stones - Ashmari Chronic,,Unknown,UNMAPPED,No suitable ICD-11 match found,0.000,No Match,Optimized Semantic Matching,2025-09-04
AY1043,Jaundice - Kamala Acute,,Unknown,UNMAPPED,No suitable ICD-11 match found,0.000,No Match,Optimized Semantic Matching,2025-09-04
AY1044,Leucorrhea - Shweta Pradara,,Unknown,UNMAPPED,No suitable ICD-11 match found,0.000,No Match,Optimized Semantic Matching,2025-09-04
AY1045,Impotence - Klaibya Vataja,,Unknown,UNMAPPED,No suitable ICD-11 match found,0.000,No Match,Optimized Semantic Matching,2025-09-04
AY1046,Gout - Vatarakta Pittaja,,Unknown,FA25,Gout,0.800,High,Optimized Semantic Matching,2025-09-04
AY1047,Sciatica - Gridhrasi Kaphaja,,Unknown,ME84.3,sciatica,0.800,High,Optimized Semantic Matching,2025-09-04
AY1048,Vertigo - Bhrama Sannipataja,,Unknown,MB48.0,vertigo,0.800,High,Optimized Semantic Matching,2025-09-04
AY1049,Sinusitis - Dushta Pratishyaya Chronic,,Unknown,2A81.7,Diffuse large Bcell lymphoma associated with Chronic inflammation,0.700,High,Optimized Semantic Matching,2025-09-04
AY1050,Bronchitis - Kasa Roga Acute,,Unknown,CA20,bronchitis,0.800,High,Optimized Semantic Matching,2025-09-04
AY1051,Fever - Jwara,,Unknown,1C30.2,Typhus fever due to Rickettsia typhi,0.700,High,Optimized Semantic Matching,2025-09-04
AY1052,Diabetes - Madhumeha Vataja,,Unknown,5A11,Type 2 diabetes mellitus,0.700,High,Optimized Semantic Matching,2025-09-04
AY1053,Hypertension - Rakta Gata Vata Pittaja,,Unknown,MC80.0,"elevated bloodpressure reading, without diagnosis of hypertension",0.700,High,Optimized Semantic Matching,2025-09-04
AY1054,Arthritis - Sandhivata Kaphaja,,Unknown,FA20,Rheumatoid arthritis,0.700,High,Optimized Semantic Matching,2025-09-04
AY1055,Asthma - Tamaka Shwasa Sannipataja,,Unknown,CA23,Asthma,0.800,High,Optimized Semantic Matching,2025-09-04
AY1056,Migraine - Ardhavabhedaka Chronic,,Unknown,8A80,Migraine,0.800,High,Optimized Semantic Matching,2025-09-04
AY1057,Depression - Vishada Acute,,Unknown,UNMAPPED,No suitable ICD-11 match found,0.000,No Match,Optimized Semantic Matching,2025-09-04
AY1058,Gastritis - Amlapitta,,Unknown,DA42,Gastritis,0.800,High,Optimized Semantic Matching,2025-09-04
AY1059,Insomnia - Anidra Vataja,,Unknown,UNMAPPED,No suitable ICD-11 match found,0.000,No Match,Optimized Semantic Matching,2025-09-04
AY1060,Constipation - Vibandha Pittaja,,Unknown,ME05.0,constipation,0.800,High,Optimized Semantic Matching,2025-09-04
AY1061,Obesity - Medoroga Kaphaja,,Unknown,5B81,Obesity,0.800,High,Optimized Semantic Matching,2025-09-04
AY1062,Anemia - Pandu Sannipataja,,Unknown,EF20,Acquired malformations of Cutaneous blood vessels,0.700,High,Optimized Semantic Matching,2025-09-04
AY1063,Psoriasis - Kitibha Chronic,,Unknown,EA90,Psoriasis,0.800,High,Optimized Semantic Matching,2025-09-04
AY1064,Eczema - Vicharchika Acute,,Unknown,UNMAPPED,No suitable ICD-11 match found,0.000,No Match,Optimized Semantic Matching,2025-09-04
AY1065,Urticaria - Sheetapitta,,Unknown,UNMAPPED,No suitable ICD-11 match found,0.000,No Match,Optimized Semantic Matching,2025-09-04
AY1066,Rheumatism - Amavata Vataja,,Unknown,UNMAPPED,No suitable ICD-11 match found,0.000,No Match,Optimized Semantic Matching,2025-09-04
AY1067,Epilepsy - Apasmara Pittaja,,Unknown,UNMAPPED,No suitable ICD-11 match found,0.000,No Match,Optimized Semantic Matching,2025-09-04
AY1068,Diarrhea - Atisara Kaphaja,,Unknown,UNMAPPED,No suitable ICD-11 match found,0.000,No Match,Optimized Semantic Matching,2025-09-04
AY1069,Cough - Kasa Sannipataja,,Unknown,MD12,cough,0.800,High,Optimized Semantic Matching,2025-09-04
AY1070,Cold - Pratishyaya Chronic,,Unknown,UNMAPPED,No suitable ICD-11 match found,0.000,No Match,Optimized Semantic Matching,2025-09-04
AY1071,Hemorrhoids - Arsha Acute,,Unknown,UNMAPPED,No suitable ICD-11 match found,0.000,No Match,Optimized Semantic Matching,2025-09-04
AY1072,Urinary Stones - Ashmari,,Unknown,UNMAPPED,No suitable ICD-11 match found,0.000,No Match,Optimized Semantic Matching,2025-09-04
AY1073,Jaundice - Kamala Vataja,,Unknown,UNMAPPED,No suitable ICD-11 match found,0.000,No Match,Optimized Semantic Matching,2025-09-04
AY1074,Leucorrhea - Shweta Pradara Pittaja,,Unknown,UNMAPPED,No suitable ICD-11 match found,0.000,No Match,Optimized Semantic Matching,2025-09-04
AY1075,Impotence - Klaibya Kaphaja,,Unknown,UNMAPPED,No suitable ICD-11 match found,0.000,No Match,Optimized Semantic Matching,2025-09-04
AY1076,Gout - Vatarakta Sannipataja,,Unknown,FA25,Gout,0.800,High,Optimized Semantic Matching,2025-09-04
AY1077,Sciatica - Gridhrasi Chronic,,Unknown,ME84.3,sciatica,0.800,High,Optimized Semantic Matching,2025-09-04
AY1078,Vertigo - Bhrama Acute,,Unknown,MB48.0,vertigo,0.800,High,Optimized Semantic Matching,2025-09-04
AY1079,Sinusitis - Dushta Pratishyaya,,Unknown,SC91,Nasal sinusitis disorder (TM1),0.700,High,Optimized Semantic Matching,2025-09-04
AY1080,Bronchitis - Kasa Roga Vataja,,Unknown,CA20,bronchitis,0.800,High,Optimized Semantic Matching,2025-09-04
AY1081,Fever - Jwara Pittaja,,Unknown,1C30.2,Typhus fever due to Rickettsia typhi,0.700,High,Optimized Semantic Matching,2025-09-04
AY1082,Diabetes - Madhumeha Kaphaja,,Unknown,5A11,Type 2 diabetes mellitus,0.700,High,Optimized Semantic Matching,2025-09-04
AY1083,Hypertension - Rakta Gata Vata Sannipataja,,Unknown,MC80.0,"elevated bloodpressure reading, without diagnosis of hypertension",0.700,High,Optimized Semantic Matching,2025-09-04
AY1084,Arthritis - Sandhivata Chronic,,Unknown,2A81.7,Diffuse large Bcell lymphoma associated with Chronic inflammation,0.700,High,Optimized Semantic Matching,2025-09-04
AY1085,Asthma - Tamaka Shwasa Acute,,Unknown,CA23,Asthma,0.800,High,Optimized Semantic Matching,2025-09-04
AY1086,Migraine - Ardhavabhedaka,,Unknown,8A80,Migraine,0.800,High,Optimized Semantic Matching,2025-09-04
AY1087,Depression - Vishada Vataja,,Unknown,UNMAPPED,No suitable ICD-11 match found,0.000,No Match,Optimized Semantic Matching,2025-09-04
AY1088,Gastritis - Amlapitta Pittaja,,Unknown,DA42,Gastritis,0.800,High,Optimized Semantic Matching,2025-09-04
AY1089,Insomnia - Anidra Kaphaja,,Unknown,UNMAPPED,No suitable ICD-11 match found,0.000,No Match,Optimized Semantic Matching,2025-09-04
AY1090,Constipation - Vibandha Sannipataja,,Unknown,ME05.0,constipation,0.800,High,Optimized Semantic Matching,2025-09-04
AY1091,Obesity - Medoroga Chronic,,Unknown,5B81,Obesity,0.800,High,Optimized Semantic Matching,2025-09-04
AY1092,Anemia - Pandu Acute,,Unknown,UNMAPPED,No suitable ICD-11 match found,0.000,No Match,Optimized Semantic Matching,2025-09-04
AY1093,Psoriasis - Kitibha,,Unknown,EA90,Psoriasis,0.800,High,Optimized Semantic Matching,2025-09-04
AY1094,Eczema - Vicharchika Vataja,,Unknown,UNMAPPED,No suitable ICD-11 match found,0.000,No Match,Optimized Semantic Matching,2025-09-04
AY1095,Urticaria - Sheetapitta Pittaja,,Unknown,UNMAPPED,No suitable ICD-11 match found,0.000,No Match,Optimized Semantic Matching,2025-09-04
AY1096,Rheumatism - Amavata Kaphaja,,Unknown,UNMAPPED,No suitable ICD-11 match found,0.000,No Match,Optimized Semantic Matching,2025-09-04
AY1097,Epilepsy - Apasmara Sannipataja,,Unknown,UNMAPPED,No suitable ICD-11 match found,0.000,No Match,Optimized Semantic Matching,2025-09-04
AY1098,Diarrhea - Atisara Chronic,,Unknown,UNMAPPED,No suitable ICD-11 match found,0.000,No Match,Optimized Semantic Matching,2025-09-04
AY1099,Cough - Kasa Acute,,Unknown,MD12,cough,0.800,High,Optimized Semantic Matching,2025-09-04
AY1100,Cold - Pratishyaya,,Unknown,UNMAPPED,No suitable ICD-11 match found,0.000,No Match,Optimized Semantic Matching,2025-09-04
AY1101,Hemorrhoids - Arsha Vataja,,Unknown,UNMAPPED,No suitable ICD-11 match found,0.000,No Match,Optimized Semantic Matching,2025-09-04
AY1102,Urinary Stones - Ashmari Pittaja,,Unknown,UNMAPPED,No suitable ICD-11 match found,0.000,No Match,Optimized Semantic Matching,2025-09-04
AY1103,Jaundice - Kamala Kaphaja,,Unknown,UNMAPPED,No suitable ICD-11 match found,0.000,No Match,Optimized Semantic Matching,2025-09-04
AY1104,Leucorrhea - Shweta Pradara Sannipataja,,Unknown,UNMAPPED,No suitable ICD-11 match found,0.000,No Match,Optimized Semantic Matching,2025-09-04
AY1105,Impotence - Klaibya Chronic,,Unknown,UNMAPPED,No suitable ICD-11 match found,0.000,No Match,Optimized Semantic Matching,2025-09-04
AY1106,Gout - Vatarakta Acute,,Unknown,FA25,Gout,0.800,High,Optimized Semantic Matching,2025-09-04
AY1107,Sciatica - Gridhrasi,,Unknown,ME84.3,sciatica,0.800,High,Optimized Semantic Matching,2025-09-04
AY1108,Vertigo - Bhrama Vataja,,Unknown,MB48.0,vertigo,0.800,High,Optimized Semantic Matching,2025-09-04
AY1109,Sinusitis - Dushta Pratishyaya Pittaja,,Unknown,SC91,Nasal sinusitis disorder (TM1),0.700,High,Optimized Semantic Matching,2025-09-04
AY1110,Bronchitis - Kasa Roga Kaphaja,,Unknown,CA20,bronchitis,0.800,High,Optimized Semantic Matching,2025-09-04
AY1111,Fever - Jwara Sannipataja,,Unknown,1C30.2,Typhus fever due to Rickettsia typhi,0.700,High,Optimized Semantic Matching,2025-09-04
AY1112,Diabetes - Madhumeha Chronic,,Unknown,QA0A.10,special screening examination for diabetes mellitus,0.700,High,Optimized Semantic Matching,2025-09-04
AY1113,Hypertension - Rakta Gata Vata Acute,,Unknown,MC80.0,"elevated bloodpressure reading, without diagnosis of hypertension",0.700,High,Optimized Semantic Matching,2025-09-04
AY1114,Arthritis - Sandhivata,,Unknown,FA20,Rheumatoid arthritis,0.700,High,Optimized Semantic Matching,2025-09-04
AY1115,Asthma - Tamaka Shwasa Vataja,,Unknown,CA23,Asthma,0.800,High,Optimized Semantic Matching,2025-09-04
AY1116,Migraine - Ardhavabhedaka Pittaja,,Unknown,8A80,Migraine,0.800,High,Optimized Semantic Matching,2025-09-04
AY1117,Depression - Vishada Kaphaja,,Unknown,UNMAPPED,No suitable ICD-11 match found,0.000,No Match,Optimized Semantic Matching,2025-09-04
AY1118,Gastritis - Amlapitta Sannipataja,,Unknown,DA42,Gastritis,0.800,High,Optimized Semantic Matching,2025-09-04
AY1119,Insomnia - Anidra Chronic,,Unknown,7A00,Chronic insomnia,0.400,Low,Optimized Semantic Matching,2025-09-04
AY1120,Constipation - Vibandha Acute,,Unknown,ME05.0,constipation,0.800,High,Optimized Semantic Matching,2025-09-04
AY1121,Obesity - Medoroga,,Unknown,5B81,Obesity,0.800,High,Optimized Semantic Matching,2025-09-04
AY1122,Anemia - Pandu Vataja,,Unknown,EF20,Acquired malformations of Cutaneous blood vessels,0.700,High,Optimized Semantic Matching,2025-09-04
AY1123,Psoriasis - Kitibha Pittaja,,Unknown,EA90,Psoriasis,0.800,High,Optimized Semantic Matching,2025-09-04
AY1124,Eczema - Vicharchika Kaphaja,,Unknown,UNMAPPED,No suitable ICD-11 match found,0.000,No Match,Optimized Semantic Matching,2025-09-04
AY1125,Urticaria - Sheetapitta Sannipataja,,Unknown,UNMAPPED,No suitable ICD-11 match found,0.000,No Match,Optimized Semantic Matching,2025-09-04
AY1126,Rheumatism - Amavata Chronic,,Unknown,UNMAPPED,No suitable ICD-11 match found,0.000,No Match,Optimized Semantic Matching,2025-09-04
AY1127,Epilepsy - Apasmara Acute,,Unknown,UNMAPPED,No suitable ICD-11 match found,0.000,No Match,Optimized Semantic Matching,2025-09-04
AY1128,Diarrhea - Atisara,,Unknown,UNMAPPED,No suitable ICD-11 match found,0.000,No Match,Optimized Semantic Matching,2025-09-04
AY1129,Cough - Kasa Vataja,,Unknown,MD12,cough,0.800,High,Optimized Semantic Matching,2025-09-04
AY1130,Cold - Pratishyaya Pittaja,,Unknown,UNMAPPED,No suitable ICD-11 match found,0.000,No Match,Optimized Semantic Matching,2025-09-04
AY1131,Hemorrhoids - Arsha Kaphaja,,Unknown,UNMAPPED,No suitable ICD-11 match found,0.000,No Match,Optimized Semantic Matching,2025-09-04
AY1132,Urinary Stones - Ashmari Sannipataja,,Unknown,UNMAPPED,No suitable ICD-11 match found,0.000,No Match,Optimized Semantic Matching,2025-09-04
AY1133,Jaundice - Kamala Chronic,,Unknown,UNMAPPED,No suitable ICD-11 match found,0.000,No Match,Optimized Semantic Matching,2025-09-04
AY1134,Leucorrhea - Shweta Pradara Acute,,Unknown,UNMAPPED,No suitable ICD-11 match found,0.000,No Match,Optimized Semantic Matching,2025-09-04
AY1135,Impotence - Klaibya,,Unknown,UNMAPPED,No suitable ICD-11 match found,0.000,No Match,Optimized Semantic Matching,2025-09-04
AY1136,Gout - Vatarakta Vataja,,Unknown,FA25,Gout,0.800,High,Optimized Semantic Matching,2025-09-04
AY1137,Sciatica - Gridhrasi Pittaja,,Unknown,ME84.3,sciatica,0.800,High,Optimized Semantic Matching,2025-09-04
AY1138,Vertigo - Bhrama Kaphaja,,Unknown,MB48.0,vertigo,0.800,High,Optimized Semantic Matching,2025-09-04
AY1139,Sinusitis - Dushta Pratishyaya Sannipataja,,Unknown,SC91,Nasal sinusitis disorder (TM1),0.700,High,Optimized Semantic Matching,2025-09-04
AY1140,Bronchitis - Kasa Roga Chronic,,Unknown,CA20,bronchitis,0.800,High,Optimized Semantic Matching,2025-09-04
AY1141,Fever - Jwara Acute,,Unknown,1D2Z,"Dengue fever, unspecified",0.700,High,Optimized Semantic Matching,2025-09-04
AY1142,Diabetes - Madhumeha,,Unknown,5A11,Type 2 diabetes mellitus,0.700,High,Optimized Semantic Matching,2025-09-04
AY1143,Hypertension - Rakta Gata Vata Vataja,,Unknown,MC80.0,"elevated bloodpressure reading, without diagnosis of hypertension",0.700,High,Optimized Semantic Matching,2025-09-04
AY1144,Arthritis - Sandhivata Pittaja,,Unknown,FA20,Rheumatoid arthritis,0.700,High,Optimized Semantic Matching,2025-09-04
AY1145,Asthma - Tamaka Shwasa Kaphaja,,Unknown,CA23,Asthma,0.800,High,Optimized Semantic Matching,2025-09-04
AY1146,Migraine - Ardhavabhedaka Sannipataja,,Unknown,8A80,Migraine,0.800,High,Optimized Semantic Matching,2025-09-04
AY1147,Depression - Vishada Chronic,,Unknown,UNMAPPED,No suitable ICD-11 match found,0.000,No Match,Optimized Semantic Matching,2025-09-04
AY1148,Gastritis - Amlapitta Acute,,Unknown,DA42,Gastritis,0.800,High,Optimized Semantic Matching,2025-09-04
AY1149,Insomnia - Anidra,,Unknown,UNMAPPED,No suitable ICD-11 match found,0.000,No Match,Optimized Semantic Matching,2025-09-04
AY1150,Constipation - Vibandha Vataja,,Unknown,ME05.0,constipation,0.800,High,Optimized Semantic Matching,2025-09-04
AY1151,Obesity - Medoroga Pittaja,,Unknown,5B81,Obesity,0.800,High,Optimized Semantic Matching,2025-09-04
AY1152,Anemia - Pandu Kaphaja,,Unknown,EF20,Acquired malformations of Cutaneous blood vessels,0.700,High,Optimized Semantic Matching,2025-09-04
AY1153,Psoriasis - Kitibha Sannipataja,,Unknown,EA90,Psoriasis,0.800,High,Optimized Semantic Matching,2025-09-04
AY1154,Eczema - Vicharchika Chronic,,Unknown,UNMAPPED,No suitable ICD-11 match found,0.000,No Match,Optimized Semantic Matching,2025-09-04
AY1155,Urticaria - Sheetapitta Acute,,Unknown,EB00.0,Acute Urticaria,0.400,Low,Optimized Semantic Matching,2025-09-04
AY1156,Rheumatism - Amavata,,Unknown,UNMAPPED,No suitable ICD-11 match found,0.000,No Match,Optimized Semantic Matching,2025-09-04
AY1157,Epilepsy - Apasmara Vataja,,Unknown,UNMAPPED,No suitable ICD-11 match found,0.000,No Match,Optimized Semantic Matching,2025-09-04
AY1158,Diarrhea - Atisara Pittaja,,Unknown,UNMAPPED,No suitable ICD-11 match found,0.000,No Match,Optimized Semantic Matching,2025-09-04
AY1159,Cough - Kasa Kaphaja,,Unknown,MD12,cough,0.800,High,Optimized Semantic Matching,2025-09-04
AY1160,Cold - Pratishyaya Sannipataja,,Unknown,UNMAPPED,No suitable ICD-11 match found,0.000,No Match,Optimized Semantic Matching,2025-09-04
AY1161,Hemorrhoids - Arsha Chronic,,Unknown,UNMAPPED,No suitable ICD-11 match found,0.000,No Match,Optimized Semantic Matching,2025-09-04
AY1162,Urinary Stones - Ashmari Acute,,Unknown,UNMAPPED,No suitable ICD-11 match found,0.000,No Match,Optimized Semantic Matching,2025-09-04
AY1163,Jaundice - Kamala,,Unknown,UNMAPPED,No suitable ICD-11 match found,0.000,No Match,Optimized Semantic Matching,2025-09-04
AY1164,Leucorrhea - Shweta Pradara Vataja,,Unknown,UNMAPPED,No suitable ICD-11 match found,0.000,No Match,Optimized Semantic Matching,2025-09-04
AY1165,Impotence - Klaibya Pittaja,,Unknown,UNMAPPED,No suitable ICD-11 match found,0.000,No Match,Optimized Semantic Matching,2025-09-04
AY1166,Gout - Vatarakta Kaphaja,,Unknown,FA25,Gout,0.800,High,Optimized Semantic Matching,2025-09-04
AY1167,Sciatica - Gridhrasi Sannipataja,,Unknown,ME84.3,sciatica,0.800,High,Optimized Semantic Matching,2025-09-04
AY1168,Vertigo - Bhrama Chronic,,Unknown,MB48.0,vertigo,0.800,High,Optimized Semantic Matching,2025-09-04
AY1169,Sinusitis - Dushta Pratishyaya Acute,,Unknown,1E91.41,Acute herpetic geniculate ganglionitis,0.700,High,Optimized Semantic Matching,2025-09-04
AY1170,Bronchitis - Kasa Roga,,Unknown,CA20,bronchitis,0.800,High,Optimized Semantic Matching,2025-09-04
AY1171,Fever - Jwara Vataja,,Unknown,1C30.2,Typhus fever due to Rickettsia typhi,0.700,High,Optimized Semantic Matching,2025-09-04
AY1172,Diabetes - Madhumeha Pittaja,,Unknown,5A11,Type 2 diabetes mellitus,0.700,High,Optimized Semantic Matching,2025-09-04
AY1173,Hypertension - Rakta Gata Vata Kaphaja,,Unknown,MC80.0,"elevated bloodpressure reading, without diagnosis of hypertension",0.700,High,Optimized Semantic Matching,2025-09-04
AY1174,Arthritis - Sandhivata Sannipataja,,Unknown,FA20,Rheumatoid arthritis,0.700,High,Optimized Semantic Matching,2025-09-04
AY1175,Asthma - Tamaka Shwasa Chronic,,Unknown,CA23,Asthma,0.800,High,Optimized Semantic Matching,2025-09-04
AY1176,Migraine - Ardhavabhedaka Acute,,Unknown,8A80,Migraine,0.800,High,Optimized Semantic Matching,2025-09-04
AY1177,Depression - Vishada,,Unknown,UNMAPPED,No suitable ICD-11 match found,0.000,No Match,Optimized Semantic Matching,2025-09-04
AY1178,Gastritis - Amlapitta Vataja,,Unknown,DA42,Gastritis,0.800,High,Optimized Semantic Matching,2025-09-04
AY1179,Insomnia - Anidra Pittaja,,Unknown,UNMAPPED,No suitable ICD-11 match found,0.000,No Match,Optimized Semantic Matching,2025-09-04
AY1180,Constipation - Vibandha Kaphaja,,Unknown,ME05.0,constipation,0.800,High,Optimized Semantic Matching,2025-09-04
AY1181,Obesity - Medoroga Sannipataja,,Unknown,5B81,Obesity,0.800,High,Optimized Semantic Matching,2025-09-04
AY1182,Anemia - Pandu Chronic,,Unknown,UNMAPPED,No suitable ICD-11 match found,0.000,No Match,Optimized Semantic Matching,2025-09-04
AY1183,Psoriasis - Kitibha Acute,,Unknown,EA90,Psoriasis,0.800,High,Optimized Semantic Matching,2025-09-04
AY1184,Eczema - Vicharchika,,Unknown,UNMAPPED,No suitable ICD-11 match found,0.000,No Match,Optimized Semantic Matching,2025-09-04
AY1185,Urticaria - Sheetapitta Vataja,,Unknown,UNMAPPED,No suitable ICD-11 match found,0.000,No Match,Optimized Semantic Matching,2025-09-04
AY1186,Rheumatism - Amavata Pittaja,,Unknown,UNMAPPED,No suitable ICD-11 match found,0.000,No Match,Optimized Semantic Matching,2025-09-04
AY1187,Epilepsy - Apasmara Kaphaja,,Unknown,UNMAPPED,No suitable ICD-11 match found,0.000,No Match,Optimized Semantic Matching,2025-09-04
AY1188,Diarrhea - Atisara Sannipataja,,Unknown,UNMAPPED,No suitable ICD-11 match found,0.000,No Match,Optimized Semantic Matching,2025-09-04
AY1189,Cough - Kasa Chronic,,Unknown,MD12,cough,0.800,High,Optimized Semantic Matching,2025-09-04
AY1190,Cold - Pratishyaya Acute,,Unknown,UNMAPPED,No suitable ICD-11 match found,0.000,No Match,Optimized Semantic Matching,2025-09-04
AY1191,Hemorrhoids - Arsha,,Unknown,UNMAPPED,No suitable ICD-11 match found,0.000,No Match,Optimized Semantic Matching,2025-09-04
AY1192,Urinary Stones - Ashmari Vataja,,Unknown,UNMAPPED,No suitable ICD-11 match found,0.000,No Match,Optimized Semantic Matching,2025-09-04
AY1193,Jaundice - Kamala Pittaja,,Unknown,UNMAPPED,No suitable ICD-11 match found,0.000,No Match,Optimized Semantic Matching,2025-09-04
AY1194,Leucorrhea - Shweta Pradara Kaphaja,,Unknown,UNMAPPED,No suitable ICD-11 match found,0.000,No Match,Optimized Semantic Matching,2025-09-04
AY1195,Impotence - Klaibya Sannipataja,,Unknown,UNMAPPED,No suitable ICD-11 match found,0.000,No Match,Optimized Semantic Matching,2025-09-04
AY1196,Gout - Vatarakta Chronic,,Unknown,FA25,Gout,0.800,High,Optimized Semantic Matching,2025-09-04
AY1197,Sciatica - Gridhrasi Acute,,Unknown,ME84.3,sciatica,0.800,High,Optimized Semantic Matching,2025-09-04
AY1198,Vertigo - Bhrama,,Unknown,MB48.0,vertigo,0.800,High,Optimized Semantic Matching,2025-09-04
AY1199,Sinusitis - Dushta Pratishyaya Vataja,,Unknown,SC91,Nasal sinusitis disorder (TM1),0.700,High,Optimized Semantic Matching,2025-09-04
AY1200,Bronchitis - Kasa Roga Pittaja,,Unknown,CA20,bronchitis,0.800,High,Optimized Semantic Matching,2025-09-04
AY1201,Fever - Jwara Kaphaja,,Unknown,1C30.2,Typhus fever due to Rickettsia typhi,0.700,High,Optimized Semantic Matching,2025-09-04
AY1202,Diabetes - Madhumeha Sannipataja,,Unknown,5A11,Type 2 diabetes mellitus,0.700,High,Optimized Semantic Matching,2025-09-04
AY1203,Hypertension - Rakta Gata Vata Chronic,,Unknown,MC80.0,"elevated bloodpressure reading, without diagnosis of hypertension",0.700,High,Optimized Semantic Matching,2025-09-04
AY1204,Arthritis - Sandhivata Acute,,Unknown,1B41.1Z,"Acute rheumatic endocarditis, unspecified",0.700,High,Optimized Semantic Matching,2025-09-04
AY1205,Asthma - Tamaka Shwasa,,Unknown,CA23,Asthma,0.800,High,Optimized Semantic Matching,2025-09-04
AY1206,Migraine - Ardhavabhedaka Vataja,,Unknown,8A80,Migraine,0.800,High,Optimized Semantic Matching,2025-09-04
AY1207,Depression - Vishada Pittaja,,Unknown,UNMAPPED,No suitable ICD-11 match found,0.000,No Match,Optimized Semantic Matching,2025-09-04
AY1208,Gastritis - Amlapitta Kaphaja,,Unknown,DA42,Gastritis,0.800,High,Optimized Semantic Matching,2025-09-04
AY1209,Insomnia - Anidra Sannipataja,,Unknown,UNMAPPED,No suitable ICD-11 match found,0.000,No Match,Optimized Semantic Matching,2025-09-04
AY1210,Constipation - Vibandha Chronic,,Unknown,ME05.0,constipation,0.800,High,Optimized Semantic Matching,2025-09-04
AY1211,Obesity - Medoroga Acute,,Unknown,5B81,Obesity,0.800,High,Optimized Semantic Matching,2025-09-04
AY1212,Anemia - Pandu,,Unknown,EF20,Acquired malformations of Cutaneous blood vessels,0.700,High,Optimized Semantic Matching,2025-09-04
AY1213,Psoriasis - Kitibha Vataja,,Unknown,EA90,Psoriasis,0.800,High,Optimized Semantic Matching,2025-09-04
AY1214,Eczema - Vicharchika Pittaja,,Unknown,UNMAPPED,No suitable ICD-11 match found,0.000,No Match,Optimized Semantic Matching,2025-09-04
AY1215,Urticaria - Sheetapitta Kaphaja,,Unknown,UNMAPPED,No suitable ICD-11 match found,0.000,No Match,Optimized Semantic Matching,2025-09-04
AY1216,Rheumatism - Amavata Sannipataja,,Unknown,UNMAPPED,No suitable ICD-11 match found,0.000,No Match,Optimized Semantic Matching,2025-09-04
AY1217,Epilepsy - Apasmara Chronic,,Unknown,UNMAPPED,No suitable ICD-11 match found,0.000,No Match,Optimized Semantic Matching,2025-09-04
AY1218,Diarrhea - Atisara Acute,,Unknown,UNMAPPED,No suitable ICD-11 match found,0.000,No Match,Optimized Semantic Matching,2025-09-04
AY1219,Cough - Kasa,,Unknown,MD12,cough,0.800,High,Optimized Semantic Matching,2025-09-04
AY1220,Cold - Pratishyaya Vataja,,Unknown,UNMAPPED,No suitable ICD-11 match found,0.000,No Match,Optimized Semantic Matching,2025-09-04
AY1221,Hemorrhoids - Arsha Pittaja,,Unknown,UNMAPPED,No suitable ICD-11 match found,0.000,No Match,Optimized Semantic Matching,2025-09-04
AY1222,Urinary Stones - Ashmari Kaphaja,,Unknown,UNMAPPED,No suitable ICD-11 match found,0.000,No Match,Optimized Semantic Matching,2025-09-04
AY1223,Jaundice - Kamala Sannipataja,,Unknown,UNMAPPED,No suitable ICD-11 match found,0.000,No Match,Optimized Semantic Matching,2025-09-04
AY1224,Leucorrhea - Shweta Pradara Chronic,,Unknown,UNMAPPED,No suitable ICD-11 match found,0.000,No Match,Optimized Semantic Matching,2025-09-04
AY1225,Impotence - Klaibya Acute,,Unknown,UNMAPPED,No suitable ICD-11 match found,0.000,No Match,Optimized Semantic Matching,2025-09-04
AY1226,Gout - Vatarakta,,Unknown,FA25,Gout,0.800,High,Optimized Semantic Matching,2025-09-04
AY1227,Sciatica - Gridhrasi Vataja,,Unknown,ME84.3,sciatica,0.800,High,Optimized Semantic Matching,2025-09-04
AY1228,Vertigo - Bhrama Pittaja,,Unknown,MB48.0,vertigo,0.800,High,Optimized Semantic Matching,2025-09-04
AY1229,Sinusitis - Dushta Pratishyaya Kaphaja,,Unknown,SC91,Nasal sinusitis disorder (TM1),0.700,High,Optimized Semantic Matching,2025-09-04
AY1230,Bronchitis - Kasa Roga Sannipataja,,Unknown,CA20,bronchitis,0.800,High,Optimized Semantic Matching,2025-09-04
AY1231,Fever - Jwara Chronic,,Unknown,1D2Z,"Dengue fever, unspecified",0.700,High,Optimized Semantic Matching,2025-09-04
AY1232,Diabetes - Madhumeha Acute,,Unknown,QA0A.10,special screening examination for diabetes mellitus,0.700,High,Optimized Semantic Matching,2025-09-04
AY1233,Hypertension - Rakta Gata Vata,,Unknown,MC80.0,"elevated bloodpressure reading, without diagnosis of hypertension",0.700,High,Optimized Semantic Matching,2025-09-04
AY1234,Arthritis - Sandhivata Vataja,,Unknown,FA20,Rheumatoid arthritis,0.700,High,Optimized Semantic Matching,2025-09-04
AY1235,Asthma - Tamaka Shwasa Pittaja,,Unknown,CA23,Asthma,0.800,High,Optimized Semantic Matching,2025-09-04
AY1236,Migraine - Ardhavabhedaka Kaphaja,,Unknown,8A80,Migraine,0.800,High,Optimized Semantic Matching,2025-09-04
AY1237,Depression - Vishada Sannipataja,,Unknown,UNMAPPED,No suitable ICD-11 match found,0.000,No Match,Optimized Semantic Matching,2025-09-04
AY1238,Gastritis - Amlapitta Chronic,,Unknown,DA42,Gastritis,0.800,High,Optimized Semantic Matching,2025-09-04
AY1239,Insomnia - Anidra Acute,,Unknown,UNMAPPED,No suitable ICD-11 match found,0.000,No Match,Optimized Semantic Matching,2025-09-04
AY1240,Constipation - Vibandha,,Unknown,ME05.0,constipation,0.800,High,Optimized Semantic Matching,2025-09-04
AY1241,Obesity - Medoroga Vataja,,Unknown,5B81,Obesity,0.800,High,Optimized Semantic Matching,2025-09-04
AY1242,Anemia - Pandu Pittaja,,Unknown,EF20,Acquired malformations of Cutaneous blood vessels,0.700,High,Optimized Semantic Matching,2025-09-04
AY1243,Psoriasis - Kitibha Kaphaja,,Unknown,EA90,Psoriasis,0.800,High,Optimized Semantic Matching,2025-09-04
AY1244,Eczema - Vicharchika Sannipataja,,Unknown,UNMAPPED,No suitable ICD-11 match found,0.000,No Match,Optimized Semantic Matching,2025-09-04
AY1245,Urticaria - Sheetapitta Chronic,,Unknown,EB00.1,Chronic Urticaria,0.400,Low,Optimized Semantic Matching,2025-09-04
AY1246,Rheumatism - Amavata Acute,,Unknown,UNMAPPED,No suitable ICD-11 match found,0.000,No Match,Optimized Semantic Matching,2025-09-04
AY1247,Epilepsy - Apasmara,,Unknown,UNMAPPED,No suitable ICD-11 match found,0.000,No Match,Optimized Semantic Matching,2025-09-04
AY1248,Diarrhea - Atisara Vataja,,Unknown,UNMAPPED,No suitable ICD-11 match found,0.000,No Match,Optimized Semantic Matching,2025-09-04
AY1249,Cough - Kasa Pittaja,,Unknown,MD12,cough,0.800,High,Optimized Semantic Matching,2025-09-04
AY1250,Cold - Pratishyaya Kaphaja,,Unknown,UNMAPPED,No suitable ICD-11 match found,0.000,No Match,Optimized Semantic Matching,2025-09-04
AY1251,Hemorrhoids - Arsha Sannipataja,,Unknown,UNMAPPED,No suitable ICD-11 match found,0.000,No Match,Optimized Semantic Matching,2025-09-04
AY1252,Urinary Stones - Ashmari Chronic,,Unknown,UNMAPPED,No suitable ICD-11 match found,0.000,No Match,Optimized Semantic Matching,2025-09-04
AY1253,Jaundice - Kamala Acute,,Unknown,UNMAPPED,No suitable ICD-11 match found,0.000,No Match,Optimized Semantic Matching,2025-09-04
AY1254,Leucorrhea - Shweta Pradara,,Unknown,UNMAPPED,No suitable ICD-11 match found,0.000,No Match,Optimized Semantic Matching,2025-09-04
AY1255,Impotence - Klaibya Vataja,,Unknown,UNMAPPED,No suitable ICD-11 match found,0.000,No Match,Optimized Semantic Matching,2025-09-04
AY1256,Gout - Vatarakta Pittaja,,Unknown,FA25,Gout,0.800,High,Optimized Semantic Matching,2025-09-04
AY1257,Sciatica - Gridhrasi Kaphaja,,Unknown,ME84.3,sciatica,0.800,High,Optimized Semantic Matching,2025-09-04
AY1258,Vertigo - Bhrama Sannipataja,,Unknown,MB48.0,vertigo,0.800,High,Optimized Semantic Matching,2025-09-04
AY1259,Sinusitis - Dushta Pratishyaya Chronic,,Unknown,2A81.7,Diffuse large Bcell lymphoma associated with Chronic inflammation,0.700,High,Optimized Semantic Matching,2025-09-04
AY1260,Bronchitis - Kasa Roga Acute,,Unknown,CA20,bronchitis,0.800,High,Optimized Semantic Matching,2025-09-04
AY1261,Fever - Jwara,,Unknown,1C30.2,Typhus fever due to Rickettsia typhi,0.700,High,Optimized Semantic Matching,2025-09-04
AY1262,Diabetes - Madhumeha Vataja,,Unknown,5A11,Type 2 diabetes mellitus,0.700,High,Optimized Semantic Matching,2025-09-04
AY1263,Hypertension - Rakta Gata Vata Pittaja,,Unknown,MC80.0,"elevated bloodpressure reading, without diagnosis of hypertension",0.700,High,Optimized Semantic Matching,2025-09-04
AY1264,Arthritis - Sandhivata Kaphaja,,Unknown,FA20,Rheumatoid arthritis,0.700,High,Optimized Semantic Matching,2025-09-04
AY1265,Asthma - Tamaka Shwasa Sannipataja,,Unknown,CA23,Asthma,0.800,High,Optimized Semantic Matching,2025-09-04
AY1266,Migraine - Ardhavabhedaka Chronic,,Unknown,8A80,Migraine,0.800,High,Optimized Semantic Matching,2025-09-04
AY1267,Depression - Vishada Acute,,Unknown,UNMAPPED,No suitable ICD-11 match found,0.000,No Match,Optimized Semantic Matching,2025-09-04
AY1268,Gastritis - Amlapitta,,Unknown,DA42,Gastritis,0.800,High,Optimized Semantic Matching,2025-09-04
AY1269,Insomnia - Anidra Vataja,,Unknown,UNMAPPED,No suitable ICD-11 match found,0.000,No Match,Optimized Semantic Matching,2025-09-04
AY1270,Constipation - Vibandha Pittaja,,Unknown,ME05.0,constipation,0.800,High,Optimized Semantic Matching,2025-09-04
AY1271,Obesity - Medoroga Kaphaja,,Unknown,5B81,Obesity,0.800,High,Optimized Semantic Matching,2025-09-04
AY1272,Anemia - Pandu Sannipataja,,Unknown,EF20,Acquired malformations of Cutaneous blood vessels,0.700,High,Optimized Semantic Matching,2025-09-04
AY1273,Psoriasis - Kitibha Chronic,,Unknown,EA90,Psoriasis,0.800,High,Optimized Semantic Matching,2025-09-04
AY1274,Eczema - Vicharchika Acute,,Unknown,UNMAPPED,No suitable ICD-11 match found,0.000,No Match,Optimized Semantic Matching,2025-09-04
AY1275,Urticaria - Sheetapitta,,Unknown,UNMAPPED,No suitable ICD-11 match found,0.000,No Match,Optimized Semantic Matching,2025-09-04
AY1276,Rheumatism - Amavata Vataja,,Unknown,UNMAPPED,No suitable ICD-11 match found,0.000,No Match,Optimized Semantic Matching,2025-09-04
AY1277,Epilepsy - Apasmara Pittaja,,Unknown,UNMAPPED,No suitable ICD-11 match found,0.000,No Match,Optimized Semantic Matching,2025-09-04
AY1278,Diarrhea - Atisara Kaphaja,,Unknown,UNMAPPED,No suitable ICD-11 match found,0.000,No Match,Optimized Semantic Matching,2025-09-04
AY1279,Cough - Kasa Sannipataja,,Unknown,MD12,cough,0.800,High,Optimized Semantic Matching,2025-09-04
AY1280,Cold - Pratishyaya Chronic,,Unknown,UNMAPPED,No suitable ICD-11 match found,0.000,No Match,Optimized Semantic Matching,2025-09-04
AY1281,Hemorrhoids - Arsha Acute,,Unknown,UNMAPPED,No suitable ICD-11 match found,0.000,No Match,Optimized Semantic Matching,2025-09-04
AY1282,Urinary Stones - Ashmari,,Unknown,UNMAPPED,No suitable ICD-11 match found,0.000,No Match,Optimized Semantic Matching,2025-09-04
AY1283,Jaundice - Kamala Vataja,,Unknown,UNMAPPED,No suitable ICD-11 match found,0.000,No Match,Optimized Semantic Matching,2025-09-04
AY1284,Leucorrhea - Shweta Pradara Pittaja,,Unknown,UNMAPPED,No suitable ICD-11 match found,0.000,No Match,Optimized Semantic Matching,2025-09-04
AY1285,Impotence - Klaibya Kaphaja,,Unknown,UNMAPPED,No suitable ICD-11 match found,0.000,No Match,Optimized Semantic Matching,2025-09-04
AY1286,Gout - Vatarakta Sannipataja,,Unknown,FA25,Gout,0.800,High,Optimized Semantic Matching,2025-09-04
AY1287,Sciatica - Gridhrasi Chronic,,Unknown,ME84.3,sciatica,0.800,High,Optimized Semantic Matching,2025-09-04
AY1288,Vertigo - Bhrama Acute,,Unknown,MB48.0,vertigo,0.800,High,Optimized Semantic Matching,2025-09-04
AY1289,Sinusitis - Dushta Pratishyaya,,Unknown,SC91,Nasal sinusitis disorder (TM1),0.700,High,Optimized Semantic Matching,2025-09-04
AY1290,Bronchitis - Kasa Roga Vataja,,Unknown,CA20,bronchitis,0.800,High,Optimized Semantic Matching,2025-09-04
AY1291,Fever - Jwara Pittaja,,Unknown,1C30.2,Typhus fever due to Rickettsia typhi,0.700,High,Optimized Semantic Matching,2025-09-04
AY1292,Diabetes - Madhumeha Kaphaja,,Unknown,5A11,Type 2 diabetes mellitus,0.700,High,Optimized Semantic Matching,2025-09-04
AY1293,Hypertension - Rakta Gata Vata Sannipataja,,Unknown,MC80.0,"elevated bloodpressure reading, without diagnosis of hypertension",0.700,High,Optimized Semantic Matching,2025-09-04
AY1294,Arthritis - Sandhivata Chronic,,Unknown,2A81.7,Diffuse large Bcell lymphoma associated with Chronic inflammation,0.700,High,Optimized Semantic Matching,2025-09-04
AY1295,Asthma - Tamaka Shwasa Acute,,Unknown,CA23,Asthma,0.800,High,Optimized Semantic Matching,2025-09-04
AY1296,Migraine - Ardhavabhedaka,,Unknown,8A80,Migraine,0.800,High,Optimized Semantic Matching,2025-09-04
AY1297,Depression - Vishada Vataja,,Unknown,UNMAPPED,No suitable ICD-11 match found,0.000,No Match,Optimized Semantic Matching,2025-09-04
AY1298,Gastritis - Amlapitta Pittaja,,Unknown,DA42,Gastritis,0.800,High,Optimized Semantic Matching,2025-09-04
AY1299,Insomnia - Anidra Kaphaja,,Unknown,UNMAPPED,No suitable ICD-11 match found,0.000,No Match,Optimized Semantic Matching,2025-09-04
AY1300,Constipation - Vibandha Sannipataja,,Unknown,ME05.0,constipation,0.800,High,Optimized Semantic Matching,2025-09-04
AY1301,Obesity - Medoroga Chronic,,Unknown,5B81,Obesity,0.800,High,Optimized Semantic Matching,2025-09-04
AY1302,Anemia - Pandu Acute,,Unknown,UNMAPPED,No suitable ICD-11 match found,0.000,No Match,Optimized Semantic Matching,2025-09-04
AY1303,Psoriasis - Kitibha,,Unknown,EA90,Psoriasis,0.800,High,Optimized Semantic Matching,2025-09-04
AY1304,Eczema - Vicharchika Vataja,,Unknown,UNMAPPED,No suitable ICD-11 match found,0.000,No Match,Optimized Semantic Matching,2025-09-04
AY1305,Urticaria - Sheetapitta Pittaja,,Unknown,UNMAPPED,No suitable ICD-11 match found,0.000,No Match,Optimized Semantic Matching,2025-09-04
AY1306,Rheumatism - Amavata Kaphaja,,Unknown,UNMAPPED,No suitable ICD-11 match found,0.000,No Match,Optimized Semantic Matching,2025-09-04
AY1307,Epilepsy - Apasmara Sannipataja,,Unknown,UNMAPPED,No suitable ICD-11 match found,0.000,No Match,Optimized Semantic Matching,2025-09-04
AY1308,Diarrhea - Atisara Chronic,,Unknown,UNMAPPED,No suitable ICD-11 match found,0.000,No Match,Optimized Semantic Matching,2025-09-04
AY1309,Cough - Kasa Acute,,Unknown,MD12,cough,0.800,High,Optimized Semantic Matching,2025-09-04
AY1310,Cold - Pratishyaya,,Unknown,UNMAPPED,No suitable ICD-11 match found,0.000,No Match,Optimized Semantic Matching,2025-09-04
AY1311,Hemorrhoids - Arsha Vataja,,Unknown,UNMAPPED,No suitable ICD-11 match found,0.000,No Match,Optimized Semantic Matching,2025-09-04
AY1312,Urinary Stones - Ashmari Pittaja,,Unknown,UNMAPPED,No suitable ICD-11 match found,0.000,No Match,Optimized Semantic Matching,2025-09-04
AY1313,Jaundice - Kamala Kaphaja,,Unknown,UNMAPPED,No suitable ICD-11 match found,0.000,No Match,Optimized Semantic Matching,2025-09-04
AY1314,Leucorrhea - Shweta Pradara Sannipataja,,Unknown,UNMAPPED,No suitable ICD-11 match found,0.000,No Match,Optimized Semantic Matching,2025-09-04
AY1315,Impotence - Klaibya Chronic,,Unknown,UNMAPPED,No suitable ICD-11 match found,0.000,No Match,Optimized Semantic Matching,2025-09-04
AY1316,Gout - Vatarakta Acute,,Unknown,FA25,Gout,0.800,High,Optimized Semantic Matching,2025-09-04
AY1317,Sciatica - Gridhrasi,,Unknown,ME84.3,sciatica,0.800,High,Optimized Semantic Matching,2025-09-04
AY1318,Vertigo - Bhrama Vataja,,Unknown,MB48.0,vertigo,0.800,High,Optimized Semantic Matching,2025-09-04
AY1319,Sinusitis - Dushta Pratishyaya Pittaja,,Unknown,SC91,Nasal sinusitis disorder (TM1),0.700,High,Optimized Semantic Matching,2025-09-04
AY1320,Bronchitis - Kasa Roga Kaphaja,,Unknown,CA20,bronchitis,0.800,High,Optimized Semantic Matching,2025-09-04
AY1321,Fever - Jwara Sannipataja,,Unknown,1C30.2,Typhus fever due to Rickettsia typhi,0.700,High,Optimized Semantic Matching,2025-09-04
AY1322,Diabetes - Madhumeha Chronic,,Unknown,QA0A.10,special screening examination for diabetes mellitus,0.700,High,Optimized Semantic Matching,2025-09-04
AY1323,Hypertension - Rakta Gata Vata Acute,,Unknown,MC80.0,"elevated bloodpressure reading, without diagnosis of hypertension",0.700,High,Optimized Semantic Matching,2025-09-04
AY1324,Arthritis - Sandhivata,,Unknown,FA20,Rheumatoid arthritis,0.700,High,Optimized Semantic Matching,2025-09-04
AY1325,Asthma - Tamaka Shwasa Vataja,,Unknown,CA23,Asthma,0.800,High,Optimized Semantic Matching,2025-09-04
AY1326,Migraine - Ardhavabhedaka Pittaja,,Unknown,8A80,Migraine,0.800,High,Optimized Semantic Matching,2025-09-04
AY1327,Depression - Vishada Kaphaja,,Unknown,UNMAPPED,No suitable ICD-11 match found,0.000,No Match,Optimized Semantic Matching,2025-09-04
AY1328,Gastritis - Amlapitta Sannipataja,,Unknown,DA42,Gastritis,0.800,High,Optimized Semantic Matching,2025-09-04
AY1329,Insomnia - Anidra Chronic,,Unknown,7A00,Chronic insomnia,0.400,Low,Optimized Semantic Matching,2025-09-04
AY1330,Constipation - Vibandha Acute,,Unknown,ME05.0,constipation,0.800,High,Optimized Semantic Matching,2025-09-04
AY1331,Obesity - Medoroga,,Unknown,5B81,Obesity,0.800,High,Optimized Semantic Matching,2025-09-04
AY1332,Anemia - Pandu Vataja,,Unknown,EF20,Acquired malformations of Cutaneous blood vessels,0.700,High,Optimized Semantic Matching,2025-09-04
AY1333,Psoriasis - Kitibha Pittaja,,Unknown,EA90,Psoriasis,0.800,High,Optimized Semantic Matching,2025-09-04
AY1334,Eczema - Vicharchika Kaphaja,,Unknown,UNMAPPED,No suitable ICD-11 match found,0.000,No Match,Optimized Semantic Matching,2025-09-04
AY1335,Urticaria - Sheetapitta Sannipataja,,Unknown,UNMAPPED,No suitable ICD-11 match found,0.000,No Match,Optimized Semantic Matching,2025-09-04
AY1336,Rheumatism - Amavata Chronic,,Unknown,UNMAPPED,No suitable ICD-11 match found,0.000,No Match,Optimized Semantic Matching,2025-09-04
AY1337,Epilepsy - Apasmara Acute,,Unknown,UNMAPPED,No suitable ICD-11 match found,0.000,No Match,Optimized Semantic Matching,2025-09-04
AY1338,Diarrhea - Atisara,,Unknown,UNMAPPED,No suitable ICD-11 match found,0.000,No Match,Optimized Semantic Matching,2025-09-04
AY1339,Cough - Kasa Vataja,,Unknown,MD12,cough,0.800,High,Optimized Semantic Matching,2025-09-04
AY1340,Cold - Pratishyaya Pittaja,,Unknown,UNMAPPED,No suitable ICD-11 match found,0.000,No Match,Optimized Semantic Matching,2025-09-04
AY1341,Hemorrhoids - Arsha Kaphaja,,Unknown,UNMAPPED,No suitable ICD-11 match found,0.000,No Match,Optimized Semantic Matching,2025-09-04
AY1342,Urinary Stones - Ashmari Sannipataja,,Unknown,UNMAPPED,No suitable ICD-11 match found,0.000,No Match,Optimized Semantic Matching,2025-09-04
AY1343,Jaundice - Kamala Chronic,,Unknown,UNMAPPED,No suitable ICD-11 match found,0.000,No Match,Optimized Semantic Matching,2025-09-04
AY1344,Leucorrhea - Shweta Pradara Acute,,Unknown,UNMAPPED,No suitable ICD-11 match found,0.000,No Match,Optimized Semantic Matching,2025-09-04
AY1345,Impotence - Klaibya,,Unknown,UNMAPPED,No suitable ICD-11 match found,0.000,No Match,Optimized Semantic Matching,2025-09-04
AY1346,Gout - Vatarakta Vataja,,Unknown,FA25,Gout,0.800,High,Optimized Semantic Matching,2025-09-04
AY1347,Sciatica - Gridhrasi Pittaja,,Unknown,ME84.3,sciatica,0.800,High,Optimized Semantic Matching,2025-09-04
AY1348,Vertigo - Bhrama Kaphaja,,Unknown,MB48.0,vertigo,0.800,High,Optimized Semantic Matching,2025-09-04
AY1349,Sinusitis - Dushta Pratishyaya Sannipataja,,Unknown,SC91,Nasal sinusitis disorder (TM1),0.700,High,Optimized Semantic Matching,2025-09-04
AY1350,Bronchitis - Kasa Roga Chronic,,Unknown,CA20,bronchitis,0.800,High,Optimized Semantic Matching,2025-09-04
AY1351,Fever - Jwara Acute,,Unknown,1D2Z,"Dengue fever, unspecified",0.700,High,Optimized Semantic Matching,2025-09-04
AY1352,Diabetes - Madhumeha,,Unknown,5A11,Type 2 diabetes mellitus,0.700,High,Optimized Semantic Matching,2025-09-04
AY1353,Hypertension - Rakta Gata Vata Vataja,,Unknown,MC80.0,"elevated bloodpressure reading, without diagnosis of hypertension",0.700,High,Optimized Semantic Matching,2025-09-04
AY1354,Arthritis - Sandhivata Pittaja,,Unknown,FA20,Rheumatoid arthritis,0.700,High,Optimized Semantic Matching,2025-09-04
AY1355,Asthma - Tamaka Shwasa Kaphaja,,Unknown,CA23,Asthma,0.800,High,Optimized Semantic Matching,2025-09-04
AY1356,Migraine - Ardhavabhedaka Sannipataja,,Unknown,8A80,Migraine,0.800,High,Optimized Semantic Matching,2025-09-04
AY1357,Depression - Vishada Chronic,,Unknown,UNMAPPED,No suitable ICD-11 match found,0.000,No Match,Optimized Semantic Matching,2025-09-04
AY1358,Gastritis - Amlapitta Acute,,Unknown,DA42,Gastritis,0.800,High,Optimized Semantic Matching,2025-09-04
AY1359,Insomnia - Anidra,,Unknown,UNMAPPED,No suitable ICD-11 match found,0.000,No Match,Optimized Semantic Matching,2025-09-04
AY1360,Constipation - Vibandha Vataja,,Unknown,ME05.0,constipation,0.800,High,Optimized Semantic Matching,2025-09-04
AY1361,Obesity - Medoroga Pittaja,,Unknown,5B81,Obesity,0.800,High,Optimized Semantic Matching,2025-09-04
AY1362,Anemia - Pandu Kaphaja,,Unknown,EF20,Acquired malformations of Cutaneous blood vessels,0.700,High,Optimized Semantic Matching,2025-09-04
AY1363,Psoriasis - Kitibha Sannipataja,,Unknown,EA90,Psoriasis,0.800,High,Optimized Semantic Matching,2025-09-04
AY1364,Eczema - Vicharchika Chronic,,Unknown,UNMAPPED,No suitable ICD-11 match found,0.000,No Match,Optimized Semantic Matching,2025-09-04
AY1365,Urticaria - Sheetapitta Acute,,Unknown,EB00.0,Acute Urticaria,0.400,Low,Optimized Semantic Matching,2025-09-04
AY1366,Rheumatism - Amavata,,Unknown,UNMAPPED,No suitable ICD-11 match found,0.000,No Match,Optimized Semantic Matching,2025-09-04
AY1367,Epilepsy - Apasmara Vataja,,Unknown,UNMAPPED,No suitable ICD-11 match found,0.000,No Match,Optimized Semantic Matching,2025-09-04
AY1368,Diarrhea - Atisara Pittaja,,Unknown,UNMAPPED,No suitable ICD-11 match found,0.000,No Match,Optimized Semantic Matching,2025-09-04
AY1369,Cough - Kasa Kaphaja,,Unknown,MD12,cough,0.800,High,Optimized Semantic Matching,2025-09-04
AY1370,Cold - Pratishyaya Sannipataja,,Unknown,UNMAPPED,No suitable ICD-11 match found,0.000,No Match,Optimized Semantic Matching,2025-09-04
AY1371,Hemorrhoids - Arsha Chronic,,Unknown,UNMAPPED,No suitable ICD-11 match found,0.000,No Match,Optimized Semantic Matching,2025-09-04
AY1372,Urinary Stones - Ashmari Acute,,Unknown,UNMAPPED,No suitable ICD-11 match found,0.000,No Match,Optimized Semantic Matching,2025-09-04
AY1373,Jaundice - Kamala,,Unknown,UNMAPPED,No suitable ICD-11 match found,0.000,No Match,Optimized Semantic Matching,2025-09-04
AY1374,Leucorrhea - Shweta Pradara Vataja,,Unknown,UNMAPPED,No suitable ICD-11 match found,0.000,No Match,Optimized Semantic Matching,2025-09-04
AY1375,Impotence - Klaibya Pittaja,,Unknown,UNMAPPED,No suitable ICD-11 match found,0.000,No Match,Optimized Semantic Matching,2025-09-04
AY1376,Gout - Vatarakta Kaphaja,,Unknown,FA25,Gout,0.800,High,Optimized Semantic Matching,2025-09-04
AY1377,Sciatica - Gridhrasi Sannipataja,,Unknown,ME84.3,sciatica,0.800,High,Optimized Semantic Matching,2025-09-04
AY1378,Vertigo - Bhrama Chronic,,Unknown,MB48.0,vertigo,0.800,High,Optimized Semantic Matching,2025-09-04
AY1379,Sinusitis - Dushta Pratishyaya Acute,,Unknown,1E91.41,Acute herpetic geniculate ganglionitis,0.700,High,Optimized Semantic Matching,2025-09-04
AY1380,Bronchitis - Kasa Roga,,Unknown,CA20,bronchitis,0.800,High,Optimized Semantic Matching,2025-09-04
AY1381,Fever - Jwara Vataja,,Unknown,1C30.2,Typhus fever due to Rickettsia typhi,0.700,High,Optimized Semantic Matching,2025-09-04
AY1382,Diabetes - Madhumeha Pittaja,,Unknown,5A11,Type 2 diabetes mellitus,0.700,High,Optimized Semantic Matching,2025-09-04
AY1383,Hypertension - Rakta Gata Vata Kaphaja,,Unknown,MC80.0,"elevated bloodpressure reading, without diagnosis of hypertension",0.700,High,Optimized Semantic Matching,2025-09-04
AY1384,Arthritis - Sandhivata Sannipataja,,Unknown,FA20,Rheumatoid arthritis,0.700,High,Optimized Semantic Matching,2025-09-04
AY1385,Asthma - Tamaka Shwasa Chronic,,Unknown,CA23,Asthma,0.800,High,Optimized Semantic Matching,2025-09-04
AY1386,Migraine - Ardhavabhedaka Acute,,Unknown,8A80,Migraine,0.800,High,Optimized Semantic Matching,2025-09-04
AY1387,Depression - Vishada,,Unknown,UNMAPPED,No suitable ICD-11 match found,0.000,No Match,Optimized Semantic Matching,2025-09-04
AY1388,Gastritis - Amlapitta Vataja,,Unknown,DA42,Gastritis,0.800,High,Optimized Semantic Matching,2025-09-04
AY1389,Insomnia - Anidra Pittaja,,Unknown,UNMAPPED,No suitable ICD-11 match found,0.000,No Match,Optimized Semantic Matching,2025-09-04
AY1390,Constipation - Vibandha Kaphaja,,Unknown,ME05.0,constipation,0.800,High,Optimized Semantic Matching,2025-09-04
AY1391,Obesity - Medoroga Sannipataja,,Unknown,5B81,Obesity,0.800,High,Optimized Semantic Matching,2025-09-04
AY1392,Anemia - Pandu Chronic,,Unknown,UNMAPPED,No suitable ICD-11 match found,0.000,No Match,Optimized Semantic Matching,2025-09-04
AY1393,Psoriasis - Kitibha Acute,,Unknown,EA90,Psoriasis,0.800,High,Optimized Semantic Matching,2025-09-04
AY1394,Eczema - Vicharchika,,Unknown,UNMAPPED,No suitable ICD-11 match found,0.000,No Match,Optimized Semantic Matching,2025-09-04
AY1395,Urticaria - Sheetapitta Vataja,,Unknown,UNMAPPED,No suitable ICD-11 match found,0.000,No Match,Optimized Semantic Matching,2025-09-04
AY1396,Rheumatism - Amavata Pittaja,,Unknown,UNMAPPED,No suitable ICD-11 match found,0.000,No Match,Optimized Semantic Matching,2025-09-04
AY1397,Epilepsy - Apasmara Kaphaja,,Unknown,UNMAPPED,No suitable ICD-11 match found,0.000,No Match,Optimized Semantic Matching,2025-09-04
AY1398,Diarrhea - Atisara Sannipataja,,Unknown,UNMAPPED,No suitable ICD-11 match found,0.000,No Match,Optimized Semantic Matching,2025-09-04
AY1399,Cough - Kasa Chronic,,Unknown,MD12,cough,0.800,High,Optimized Semantic Matching,2025-09-04
AY1400,Cold - Pratishyaya Acute,,Unknown,UNMAPPED,No suitable ICD-11 match found,0.000,No Match,Optimized Semantic Matching,2025-09-04
AY1401,Hemorrhoids - Arsha,,Unknown,UNMAPPED,No suitable ICD-11 match found,0.000,No Match,Optimized Semantic Matching,2025-09-04
AY1402,Urinary Stones - Ashmari Vataja,,Unknown,UNMAPPED,No suitable ICD-11 match found,0.000,No Match,Optimized Semantic Matching,2025-09-04
AY1403,Jaundice - Kamala Pittaja,,Unknown,UNMAPPED,No suitable ICD-11 match found,0.000,No Match,Optimized Semantic Matching,2025-09-04
AY1404,Leucorrhea - Shweta Pradara Kaphaja,,Unknown,UNMAPPED,No suitable ICD-11 match found,0.000,No Match,Optimized Semantic Matching,2025-09-04
AY1405,Impotence - Klaibya Sannipataja,,Unknown,UNMAPPED,No suitable ICD-11 match found,0.000,No Match,Optimized Semantic Matching,2025-09-04
AY1406,Gout - Vatarakta Chronic,,Unknown,FA25,Gout,0.800,High,Optimized Semantic Matching,2025-09-04
AY1407,Sciatica - Gridhrasi Acute,,Unknown,ME84.3,sciatica,0.800,High,Optimized Semantic Matching,2025-09-04
AY1408,Vertigo - Bhrama,,Unknown,MB48.0,vertigo,0.800,High,Optimized Semantic Matching,2025-09-04
AY1409,Sinusitis - Dushta Pratishyaya Vataja,,Unknown,SC91,Nasal sinusitis disorder (TM1),0.700,High,Optimized Semantic Matching,2025-09-04
AY1410,Bronchitis - Kasa Roga Pittaja,,Unknown,CA20,bronchitis,0.800,High,Optimized Semantic Matching,2025-09-04
AY1411,Fever - Jwara Kaphaja,,Unknown,1C30.2,Typhus fever due to Rickettsia typhi,0.700,High,Optimized Semantic Matching,2025-09-04
AY1412,Diabetes - Madhumeha Sannipataja,,Unknown,5A11,Type 2 diabetes mellitus,0.700,High,Optimized Semantic Matching,2025-09-04
AY1413,Hypertension - Rakta Gata Vata Chronic,,Unknown,MC80.0,"elevated bloodpressure reading, without diagnosis of hypertension",0.700,High,Optimized Semantic Matching,2025-09-04
AY1414,Arthritis - Sandhivata Acute,,Unknown,1B41.1Z,"Acute rheumatic endocarditis, unspecified",0.700,High,Optimized Semantic Matching,2025-09-04
AY1415,Asthma - Tamaka Shwasa,,Unknown,CA23,Asthma,0.800,High,Optimized Semantic Matching,2025-09-04
AY1416,Migraine - Ardhavabhedaka Vataja,,Unknown,8A80,Migraine,0.800,High,Optimized Semantic Matching,2025-09-04
AY1417,Depression - Vishada Pittaja,,Unknown,UNMAPPED,No suitable ICD-11 match found,0.000,No Match,Optimized Semantic Matching,2025-09-04
AY1418,Gastritis - Amlapitta Kaphaja,,Unknown,DA42,Gastritis,0.800,High,Optimized Semantic Matching,2025-09-04
AY1419,Insomnia - Anidra Sannipataja,,Unknown,UNMAPPED,No suitable ICD-11 match found,0.000,No Match,Optimized Semantic Matching,2025-09-04
AY1420,Constipation - Vibandha Chronic,,Unknown,ME05.0,constipation,0.800,High,Optimized Semantic Matching,2025-09-04
AY1421,Obesity - Medoroga Acute,,Unknown,5B81,Obesity,0.800,High,Optimized Semantic Matching,2025-09-04
AY1422,Anemia - Pandu,,Unknown,EF20,Acquired malformations of Cutaneous blood vessels,0.700,High,Optimized Semantic Matching,2025-09-04
AY1423,Psoriasis - Kitibha Vataja,,Unknown,EA90,Psoriasis,0.800,High,Optimized Semantic Matching,2025-09-04
AY1424,Eczema - Vicharchika Pittaja,,Unknown,UNMAPPED,No suitable ICD-11 match found,0.000,No Match,Optimized Semantic Matching,2025-09-04
AY1425,Urticaria - Sheetapitta Kaphaja,,Unknown,UNMAPPED,No suitable ICD-11 match found,0.000,No Match,Optimized Semantic Matching,2025-09-04
AY1426,Rheumatism - Amavata Sannipataja,,Unknown,UNMAPPED,No suitable ICD-11 match found,0.000,No Match,Optimized Semantic Matching,2025-09-04
AY1427,Epilepsy - Apasmara Chronic,,Unknown,UNMAPPED,No suitable ICD-11 match found,0.000,No Match,Optimized Semantic Matching,2025-09-04
AY1428,Diarrhea - Atisara Acute,,Unknown,UNMAPPED,No suitable ICD-11 match found,0.000,No Match,Optimized Semantic Matching,2025-09-04
AY1429,Cough - Kasa,,Unknown,MD12,cough,0.800,High,Optimized Semantic Matching,2025-09-04
AY1430,Cold - Pratishyaya Vataja,,Unknown,UNMAPPED,No suitable ICD-11 match found,0.000,No Match,Optimized Semantic Matching,2025-09-04
AY1431,Hemorrhoids - Arsha Pittaja,,Unknown,UNMAPPED,No suitable ICD-11 match found,0.000,No Match,Optimized Semantic Matching,2025-09-04
AY1432,Urinary Stones - Ashmari Kaphaja,,Unknown,UNMAPPED,No suitable ICD-11 match found,0.000,No Match,Optimized Semantic Matching,2025-09-04
AY1433,Jaundice - Kamala Sannipataja,,Unknown,UNMAPPED,No suitable ICD-11 match found,0.000,No Match,Optimized Semantic Matching,2025-09-04
AY1434,Leucorrhea - Shweta Pradara Chronic,,Unknown,UNMAPPED,No suitable ICD-11 match found,0.000,No Match,Optimized Semantic Matching,2025-09-04
AY1435,Impotence - Klaibya Acute,,Unknown,UNMAPPED,No suitable ICD-11 match found,0.000,No Match,Optimized Semantic Matching,2025-09-04
AY1436,Gout - Vatarakta,,Unknown,FA25,Gout,0.800,High,Optimized Semantic Matching,2025-09-04
AY1437,Sciatica - Gridhrasi Vataja,,Unknown,ME84.3,sciatica,0.800,High,Optimized Semantic Matching,2025-09-04
AY1438,Vertigo - Bhrama Pittaja,,Unknown,MB48.0,vertigo,0.800,High,Optimized Semantic Matching,2025-09-04
AY1439,Sinusitis - Dushta Pratishyaya Kaphaja,,Unknown,SC91,Nasal sinusitis disorder (TM1),0.700,High,Optimized Semantic Matching,2025-09-04
AY1440,Bronchitis - Kasa Roga Sannipataja,,Unknown,CA20,bronchitis,0.800,High,Optimized Semantic Matching,2025-09-04
AY1441,Fever - Jwara Chronic,,Unknown,1D2Z,"Dengue fever, unspecified",0.700,High,Optimized Semantic Matching,2025-09-04
AY1442,Diabetes - Madhumeha Acute,,Unknown,QA0A.10,special screening examination for diabetes mellitus,0.700,High,Optimized Semantic Matching,2025-09-04
AY1443,Hypertension - Rakta Gata Vata,,Unknown,MC80.0,"elevated bloodpressure reading, without diagnosis of hypertension",0.700,High,Optimized Semantic Matching,2025-09-04
AY1444,Arthritis - Sandhivata Vataja,,Unknown,FA20,Rheumatoid arthritis,0.700,High,Optimized Semantic Matching,2025-09-04
AY1445,Asthma - Tamaka Shwasa Pittaja,,Unknown,CA23,Asthma,0.800,High,Optimized Semantic Matching,2025-09-04
AY1446,Migraine - Ardhavabhedaka Kaphaja,,Unknown,8A80,Migraine,0.800,High,Optimized Semantic Matching,2025-09-04
AY1447,Depression - Vishada Sannipataja,,Unknown,UNMAPPED,No suitable ICD-11 match found,0.000,No Match,Optimized Semantic Matching,2025-09-04
AY1448,Gastritis - Amlapitta Chronic,,Unknown,DA42,Gastritis,0.800,High,Optimized Semantic Matching,2025-09-04
AY1449,Insomnia - Anidra Acute,,Unknown,UNMAPPED,No suitable ICD-11 match found,0.000,No Match,Optimized Semantic Matching,2025-09-04
AY1450,Constipation - Vibandha,,Unknown,ME05.0,constipation,0.800,High,Optimized Semantic Matching,2025-09-04
AY1451,Obesity - Medoroga Vataja,,Unknown,5B81,Obesity,0.800,High,Optimized Semantic Matching,2025-09-04
AY1452,Anemia - Pandu Pittaja,,Unknown,EF20,Acquired malformations of Cutaneous blood vessels,0.700,High,Optimized Semantic Matching,2025-09-04
AY1453,Psoriasis - Kitibha Kaphaja,,Unknown,EA90,Psoriasis,0.800,High,Optimized Semantic Matching,2025-09-04
AY1454,Eczema - Vicharchika Sannipataja,,Unknown,UNMAPPED,No suitable ICD-11 match found,0.000,No Match,Optimized Semantic Matching,2025-09-04
AY1455,Urticaria - Sheetapitta Chronic,,Unknown,EB00.1,Chronic Urticaria,0.400,Low,Optimized Semantic Matching,2025-09-04
AY1456,Rheumatism - Amavata Acute,,Unknown,UNMAPPED,No suitable ICD-11 match found,0.000,No Match,Optimized Semantic Matching,2025-09-04
AY1457,Epilepsy - Apasmara,,Unknown,UNMAPPED,No suitable ICD-11 match found,0.000,No Match,Optimized Semantic Matching,2025-09-04
AY1458,Diarrhea - Atisara Vataja,,Unknown,UNMAPPED,No suitable ICD-11 match found,0.000,No Match,Optimized Semantic Matching,2025-09-04
AY1459,Cough - Kasa Pittaja,,Unknown,MD12,cough,0.800,High,Optimized Semantic Matching,2025-09-04
AY1460,Cold - Pratishyaya Kaphaja,,Unknown,UNMAPPED,No suitable ICD-11 match found,0.000,No Match,Optimized Semantic Matching,2025-09-04
AY1461,Hemorrhoids - Arsha Sannipataja,,Unknown,UNMAPPED,No suitable ICD-11 match found,0.000,No Match,Optimized Semantic Matching,2025-09-04
AY1462,Urinary Stones - Ashmari Chronic,,Unknown,UNMAPPED,No suitable ICD-11 match found,0.000,No Match,Optimized Semantic Matching,2025-09-04
AY1463,Jaundice - Kamala Acute,,Unknown,UNMAPPED,No suitable ICD-11 match found,0.000,No Match,Optimized Semantic Matching,2025-09-04
AY1464,Leucorrhea - Shweta Pradara,,Unknown,UNMAPPED,No suitable ICD-11 match found,0.000,No Match,Optimized Semantic Matching,2025-09-04
AY1465,Impotence - Klaibya Vataja,,Unknown,UNMAPPED,No suitable ICD-11 match found,0.000,No Match,Optimized Semantic Matching,2025-09-04
AY1466,Gout - Vatarakta Pittaja,,Unknown,FA25,Gout,0.800,High,Optimized Semantic Matching,2025-09-04
AY1467,Sciatica - Gridhrasi Kaphaja,,Unknown,ME84.3,sciatica,0.800,High,Optimized Semantic Matching,2025-09-04
AY1468,Vertigo - Bhrama Sannipataja,,Unknown,MB48.0,vertigo,0.800,High,Optimized Semantic Matching,2025-09-04
AY1469,Sinusitis - Dushta Pratishyaya Chronic,,Unknown,2A81.7,Diffuse large Bcell lymphoma associated with Chronic inflammation,0.700,High,Optimized Semantic Matching,2025-09-04
AY1470,Bronchitis - Kasa Roga Acute,,Unknown,CA20,bronchitis,0.800,High,Optimized Semantic Matching,2025-09-04
AY1471,Fever - Jwara,,Unknown,1C30.2,Typhus fever due to Rickettsia typhi,0.700,High,Optimized Semantic Matching,2025-09-04
AY1472,Diabetes - Madhumeha Vataja,,Unknown,5A11,Type 2 diabetes mellitus,0.700,High,Optimized Semantic Matching,2025-09-04
AY1473,Hypertension - Rakta Gata Vata Pittaja,,Unknown,MC80.0,"elevated bloodpressure reading, without diagnosis of hypertension",0.700,High,Optimized Semantic Matching,2025-09-04
AY1474,Arthritis - Sandhivata Kaphaja,,Unknown,FA20,Rheumatoid arthritis,0.700,High,Optimized Semantic Matching,2025-09-04
AY1475,Asthma - Tamaka Shwasa Sannipataja,,Unknown,CA23,Asthma,0.800,High,Optimized Semantic Matching,2025-09-04
AY1476,Migraine - Ardhavabhedaka Chronic,,Unknown,8A80,Migraine,0.800,High,Optimized Semantic Matching,2025-09-04
AY1477,Depression - Vishada Acute,,Unknown,UNMAPPED,No suitable ICD-11 match found,0.000,No Match,Optimized Semantic Matching,2025-09-04
AY1478,Gastritis - Amlapitta,,Unknown,DA42,Gastritis,0.800,High,Optimized Semantic Matching,2025-09-04
AY1479,Insomnia - Anidra Vataja,,Unknown,UNMAPPED,No suitable ICD-11 match found,0.000,No Match,Optimized Semantic Matching,2025-09-04
AY1480,Constipation - Vibandha Pittaja,,Unknown,ME05.0,constipation,0.800,High,Optimized Semantic Matching,2025-09-04
AY1481,Obesity - Medoroga Kaphaja,,Unknown,5B81,Obesity,0.800,High,Optimized Semantic Matching,2025-09-04
AY1482,Anemia - Pandu Sannipataja,,Unknown,EF20,Acquired malformations of Cutaneous blood vessels,0.700,High,Optimized Semantic Matching,2025-09-04
AY1483,Psoriasis - Kitibha Chronic,,Unknown,EA90,Psoriasis,0.800,High,Optimized Semantic Matching,2025-09-04
AY1484,Eczema - Vicharchika Acute,,Unknown,UNMAPPED,No suitable ICD-11 match found,0.000,No Match,Optimized Semantic Matching,2025-09-04
AY1485,Urticaria - Sheetapitta,,Unknown,UNMAPPED,No suitable ICD-11 match found,0.000,No Match,Optimized Semantic Matching,2025-09-04
AY1486,Rheumatism - Amavata Vataja,,Unknown,UNMAPPED,No suitable ICD-11 match found,0.000,No Match,Optimized Semantic Matching,2025-09-04
AY1487,Epilepsy - Apasmara Pittaja,,Unknown,UNMAPPED,No suitable ICD-11 match found,0.000,No Match,Optimized Semantic Matching,2025-09-04
AY1488,Diarrhea - Atisara Kaphaja,,Unknown,UNMAPPED,No suitable ICD-11 match found,0.000,No Match,Optimized Semantic Matching,2025-09-04
AY1489,Cough - Kasa Sannipataja,,Unknown,MD12,cough,0.800,High,Optimized Semantic Matching,2025-09-04
AY1490,Cold - Pratishyaya Chronic,,Unknown,UNMAPPED,No suitable ICD-11 match found,0.000,No Match,Optimized Semantic Matching,2025-09-04
AY1491,Hemorrhoids - Arsha Acute,,Unknown,UNMAPPED,No suitable ICD-11 match found,0.000,No Match,Optimized Semantic Matching,2025-09-04
AY1492,Urinary Stones - Ashmari,,Unknown,UNMAPPED,No suitable ICD-11 match found,0.000,No Match,Optimized Semantic Matching,2025-09-04
AY1493,Jaundice - Kamala Vataja,,Unknown,UNMAPPED,No suitable ICD-11 match found,0.000,No Match,Optimized Semantic Matching,2025-09-04
AY1494,Leucorrhea - Shweta Pradara Pittaja,,Unknown,UNMAPPED,No suitable ICD-11 match found,0.000,No Match,Optimized Semantic Matching,2025-09-04
AY1495,Impotence - Klaibya Kaphaja,,Unknown,UNMAPPED,No suitable ICD-11 match found,0.000,No Match,Optimized Semantic Matching,2025-09-04
AY1496,Gout - Vatarakta Sannipataja,,Unknown,FA25,Gout,0.800,High,Optimized Semantic Matching,2025-09-04
AY1497,Sciatica - Gridhrasi Chronic,,Unknown,ME84.3,sciatica,0.800,High,Optimized Semantic Matching,2025-09-04
AY1498,Vertigo - Bhrama Acute,,Unknown,MB48.0,vertigo,0.800,High,Optimized Semantic Matching,2025-09-04
AY1499,Sinusitis - Dushta Pratishyaya,,Unknown,SC91,Nasal sinusitis disorder (TM1),0.700,High,Optimized Semantic Matching,2025-09-04
AY1500,Bronchitis - Kasa Roga Vataja,,Unknown,CA20,bronchitis,0.800,High,Optimized Semantic Matching,2025-09-04
AY1501,Fever - Jwara Pittaja,,Unknown,1C30.2,Typhus fever due to Rickettsia typhi,0.700,High,Optimized Semantic Matching,2025-09-04
AY1502,Diabetes - Madhumeha Kaphaja,,Unknown,5A11,Type 2 diabetes mellitus,0.700,High,Optimized Semantic Matching,2025-09-04
AY1503,Hypertension - Rakta Gata Vata Sannipataja,,Unknown,MC80.0,"elevated bloodpressure reading, without diagnosis of hypertension",0.700,High,Optimized Semantic Matching,2025-09-04
AY1504,Arthritis - Sandhivata Chronic,,Unknown,2A81.7,Diffuse large Bcell lymphoma associated with Chronic inflammation,0.700,High,Optimized Semantic Matching,2025-09-04
AY1505,Asthma - Tamaka Shwasa Acute,,Unknown,CA23,Asthma,0.800,High,Optimized Semantic Matching,2025-09-04
AY1506,Migraine - Ardhavabhedaka,,Unknown,8A80,Migraine,0.800,High,Optimized Semantic Matching,2025-09-04
AY1507,Depression - Vishada Vataja,,Unknown,UNMAPPED,No suitable ICD-11 match found,0.000,No Match,Optimized Semantic Matching,2025-09-04
AY1508,Gastritis - Amlapitta Pittaja,,Unknown,DA42,Gastritis,0.800,High,Optimized Semantic Matching,2025-09-04
AY1509,Insomnia - Anidra Kaphaja,,Unknown,UNMAPPED,No suitable ICD-11 match found,0.000,No Match,Optimized Semantic Matching,2025-09-04
AY1510,Constipation - Vibandha Sannipataja,,Unknown,ME05.0,constipation,0.800,High,Optimized Semantic Matching,2025-09-04
AY1511,Obesity - Medoroga Chronic,,Unknown,5B81,Obesity,0.800,High,Optimized Semantic Matching,2025-09-04
AY1512,Anemia - Pandu Acute,,Unknown,UNMAPPED,No suitable ICD-11 match found,0.000,No Match,Optimized Semantic Matching,2025-09-04
AY1513,Psoriasis - Kitibha,,Unknown,EA90,Psoriasis,0.800,High,Optimized Semantic Matching,2025-09-04
AY1514,Eczema - Vicharchika Vataja,,Unknown,UNMAPPED,No suitable ICD-11 match found,0.000,No Match,Optimized Semantic Matching,2025-09-04
AY1515,Urticaria - Sheetapitta Pittaja,,Unknown,UNMAPPED,No suitable ICD-11 match found,0.000,No Match,Optimized Semantic Matching,2025-09-04
AY1516,Rheumatism - Amavata Kaphaja,,Unknown,UNMAPPED,No suitable ICD-11 match found,0.000,No Match,Optimized Semantic Matching,2025-09-04
AY1517,Epilepsy - Apasmara Sannipataja,,Unknown,UNMAPPED,No suitable ICD-11 match found,0.000,No Match,Optimized Semantic Matching,2025-09-04
AY1518,Diarrhea - Atisara Chronic,,Unknown,UNMAPPED,No suitable ICD-11 match found,0.000,No Match,Optimized Semantic Matching,2025-09-04
AY1519,Cough - Kasa Acute,,Unknown,MD12,cough,0.800,High,Optimized Semantic Matching,2025-09-04
AY1520,Cold - Pratishyaya,,Unknown,UNMAPPED,No suitable ICD-11 match found,0.000,No Match,Optimized Semantic Matching,2025-09-04
AY1521,Hemorrhoids - Arsha Vataja,,Unknown,UNMAPPED,No suitable ICD-11 match found,0.000,No Match,Optimized Semantic Matching,2025-09-04
AY1522,Urinary Stones - Ashmari Pittaja,,Unknown,UNMAPPED,No suitable ICD-11 match found,0.000,No Match,Optimized Semantic Matching,2025-09-04
AY1523,Jaundice - Kamala Kaphaja,,Unknown,UNMAPPED,No suitable ICD-11 match found,0.000,No Match,Optimized Semantic Matching,2025-09-04
AY1524,Leucorrhea - Shweta Pradara Sannipataja,,Unknown,UNMAPPED,No suitable ICD-11 match found,0.000,No Match,Optimized Semantic Matching,2025-09-04
AY1525,Impotence - Klaibya Chronic,,Unknown,UNMAPPED,No suitable ICD-11 match found,0.000,No Match,Optimized Semantic Matching,2025-09-04
AY1526,Gout - Vatarakta Acute,,Unknown,FA25,Gout,0.800,High,Optimized Semantic Matching,2025-09-04
AY1527,Sciatica - Gridhrasi,,Unknown,ME84.3,sciatica,0.800,High,Optimized Semantic Matching,2025-09-04
AY1528,Vertigo - Bhrama Vataja,,Unknown,MB48.0,vertigo,0.800,High,Optimized Semantic Matching,2025-09-04
AY1529,Sinusitis - Dushta Pratishyaya Pittaja,,Unknown,SC91,Nasal sinusitis disorder (TM1),0.700,High,Optimized Semantic Matching,2025-09-04
AY1530,Bronchitis - Kasa Roga Kaphaja,,Unknown,CA20,bronchitis,0.800,High,Optimized Semantic Matching,2025-09-04
AY1531,Fever - Jwara Sannipataja,,Unknown,1C30.2,Typhus fever due to Rickettsia typhi,0.700,High,Optimized Semantic Matching,2025-09-04
AY1532,Diabetes - Madhumeha Chronic,,Unknown,QA0A.10,special screening examination for diabetes mellitus,0.700,High,Optimized Semantic Matching,2025-09-04
AY1533,Hypertension - Rakta Gata Vata Acute,,Unknown,MC80.0,"elevated bloodpressure reading, without diagnosis of hypertension",0.700,High,Optimized Semantic Matching,2025-09-04
AY1534,Arthritis - Sandhivata,,Unknown,FA20,Rheumatoid arthritis,0.700,High,Optimized Semantic Matching,2025-09-04
AY1535,Asthma - Tamaka Shwasa Vataja,,Unknown,CA23,Asthma,0.800,High,Optimized Semantic Matching,2025-09-04
AY1536,Migraine - Ardhavabhedaka Pittaja,,Unknown,8A80,Migraine,0.800,High,Optimized Semantic Matching,2025-09-04
AY1537,Depression - Vishada Kaphaja,,Unknown,UNMAPPED,No suitable ICD-11 match found,0.000,No Match,Optimized Semantic Matching,2025-09-04
AY1538,Gastritis - Amlapitta Sannipataja,,Unknown,DA42,Gastritis,0.800,High,Optimized Semantic Matching,2025-09-04
AY1539,Insomnia - Anidra Chronic,,Unknown,7A00,Chronic insomnia,0.400,Low,Optimized Semantic Matching,2025-09-04
AY1540,Constipation - Vibandha Acute,,Unknown,ME05.0,constipation,0.800,High,Optimized Semantic Matching,2025-09-04
AY1541,Obesity - Medoroga,,Unknown,5B81,Obesity,0.800,High,Optimized Semantic Matching,2025-09-04
AY1542,Anemia - Pandu Vataja,,Unknown,EF20,Acquired malformations of Cutaneous blood vessels,0.700,High,Optimized Semantic Matching,2025-09-04
AY1543,Psoriasis - Kitibha Pittaja,,Unknown,EA90,Psoriasis,0.800,High,Optimized Semantic Matching,2025-09-04
AY1544,Eczema - Vicharchika Kaphaja,,Unknown,UNMAPPED,No suitable ICD-11 match found,0.000,No Match,Optimized Semantic Matching,2025-09-04
AY1545,Urticaria - Sheetapitta Sannipataja,,Unknown,UNMAPPED,No suitable ICD-11 match found,0.000,No Match,Optimized Semantic Matching,2025-09-04
AY1546,Rheumatism - Amavata Chronic,,Unknown,UNMAPPED,No suitable ICD-11 match found,0.000,No Match,Optimized Semantic Matching,2025-09-04
AY1547,Epilepsy - Apasmara Acute,,Unknown,UNMAPPED,No suitable ICD-11 match found,0.000,No Match,Optimized Semantic Matching,2025-09-04
AY1548,Diarrhea - Atisara,,Unknown,UNMAPPED,No suitable ICD-11 match found,0.000,No Match,Optimized Semantic Matching,2025-09-04
AY1549,Cough - Kasa Vataja,,Unknown,MD12,cough,0.800,High,Optimized Semantic Matching,2025-09-04
AY1550,Cold - Pratishyaya Pittaja,,Unknown,UNMAPPED,No suitable ICD-11 match found,0.000,No Match,Optimized Semantic Matching,2025-09-04
AY1551,Hemorrhoids - Arsha Kaphaja,,Unknown,UNMAPPED,No suitable ICD-11 match found,0.000,No Match,Optimized Semantic Matching,2025-09-04
AY1552,Urinary Stones - Ashmari Sannipataja,,Unknown,UNMAPPED,No suitable ICD-11 match found,0.000,No Match,Optimized Semantic Matching,2025-09-04
AY1553,Jaundice - Kamala Chronic,,Unknown,UNMAPPED,No suitable ICD-11 match found,0.000,No Match,Optimized Semantic Matching,2025-09-04
AY1554,Leucorrhea - Shweta Pradara Acute,,Unknown,UNMAPPED,No suitable ICD-11 match found,0.000,No Match,Optimized Semantic Matching,2025-09-04
AY1555,Impotence - Klaibya,,Unknown,UNMAPPED,No suitable ICD-11 match found,0.000,No Match,Optimized Semantic Matching,2025-09-04
AY1556,Gout - Vatarakta Vataja,,Unknown,FA25,Gout,0.800,High,Optimized Semantic Matching,2025-09-04
AY1557,Sciatica - Gridhrasi Pittaja,,Unknown,ME84.3,sciatica,0.800,High,Optimized Semantic Matching,2025-09-04
AY1558,Vertigo - Bhrama Kaphaja,,Unknown,MB48.0,vertigo,0.800,High,Optimized Semantic Matching,2025-09-04
AY1559,Sinusitis - Dushta Pratishyaya Sannipataja,,Unknown,SC91,Nasal sinusitis disorder (TM1),0.700,High,Optimized Semantic Matching,2025-09-04
AY1560,Bronchitis - Kasa Roga Chronic,,Unknown,CA20,bronchitis,0.800,High,Optimized Semantic Matching,2025-09-04
AY1561,Fever - Jwara Acute,,Unknown,1D2Z,"Dengue fever, unspecified",0.700,High,Optimized Semantic Matching,2025-09-04
AY1562,Diabetes - Madhumeha,,Unknown,5A11,Type 2 diabetes mellitus,0.700,High,Optimized Semantic Matching,2025-09-04
AY1563,Hypertension - Rakta Gata Vata Vataja,,Unknown,MC80.0,"elevated bloodpressure reading, without diagnosis of hypertension",0.700,High,Optimized Semantic Matching,2025-09-04
AY1564,Arthritis - Sandhivata Pittaja,,Unknown,FA20,Rheumatoid arthritis,0.700,High,Optimized Semantic Matching,2025-09-04
AY1565,Asthma - Tamaka Shwasa Kaphaja,,Unknown,CA23,Asthma,0.800,High,Optimized Semantic Matching,2025-09-04
AY1566,Migraine - Ardhavabhedaka Sannipataja,,Unknown,8A80,Migraine,0.800,High,Optimized Semantic Matching,2025-09-04
AY1567,Depression - Vishada Chronic,,Unknown,UNMAPPED,No suitable ICD-11 match found,0.000,No Match,Optimized Semantic Matching,2025-09-04
AY1568,Gastritis - Amlapitta Acute,,Unknown,DA42,Gastritis,0.800,High,Optimized Semantic Matching,2025-09-04
AY1569,Insomnia - Anidra,,Unknown,UNMAPPED,No suitable ICD-11 match found,0.000,No Match,Optimized Semantic Matching,2025-09-04
AY1570,Constipation - Vibandha Vataja,,Unknown,ME05.0,constipation,0.800,High,Optimized Semantic Matching,2025-09-04
AY1571,Obesity - Medoroga Pittaja,,Unknown,5B81,Obesity,0.800,High,Optimized Semantic Matching,2025-09-04
AY1572,Anemia - Pandu Kaphaja,,Unknown,EF20,Acquired malformations of Cutaneous blood vessels,0.700,High,Optimized Semantic Matching,2025-09-04
AY1573,Psoriasis - Kitibha Sannipataja,,Unknown,EA90,Psoriasis,0.800,High,Optimized Semantic Matching,2025-09-04
AY1574,Eczema - Vicharchika Chronic,,Unknown,UNMAPPED,No suitable ICD-11 match found,0.000,No Match,Optimized Semantic Matching,2025-09-04
AY1575,Urticaria - Sheetapitta Acute,,Unknown,EB00.0,Acute Urticaria,0.400,Low,Optimized Semantic Matching,2025-09-04
AY1576,Rheumatism - Amavata,,Unknown,UNMAPPED,No suitable ICD-11 match found,0.000,No Match,Optimized Semantic Matching,2025-09-04
AY1577,Epilepsy - Apasmara Vataja,,Unknown,UNMAPPED,No suitable ICD-11 match found,0.000,No Match,Optimized Semantic Matching,2025-09-04
AY1578,Diarrhea - Atisara Pittaja,,Unknown,UNMAPPED,No suitable ICD-11 match found,0.000,No Match,Optimized Semantic Matching,2025-09-04
AY1579,Cough - Kasa Kaphaja,,Unknown,MD12,cough,0.800,High,Optimized Semantic Matching,2025-09-04
AY1580,Cold - Pratishyaya Sannipataja,,Unknown,UNMAPPED,No suitable ICD-11 match found,0.000,No Match,Optimized Semantic Matching,2025-09-04
AY1581,Hemorrhoids - Arsha Chronic,,Unknown,UNMAPPED,No suitable ICD-11 match found,0.000,No Match,Optimized Semantic Matching,2025-09-04
AY1582,Urinary Stones - Ashmari Acute,,Unknown,UNMAPPED,No suitable ICD-11 match found,0.000,No Match,Optimized Semantic Matching,2025-09-04
AY1583,Jaundice - Kamala,,Unknown,UNMAPPED,No suitable ICD-11 match found,0.000,No Match,Optimized Semantic Matching,2025-09-04
AY1584,Leucorrhea - Shweta Pradara Vataja,,Unknown,UNMAPPED,No suitable ICD-11 match found,0.000,No Match,Optimized Semantic Matching,2025-09-04
AY1585,Impotence - Klaibya Pittaja,,Unknown,UNMAPPED,No suitable ICD-11 match found,0.000,No Match,Optimized Semantic Matching,2025-09-04
AY1586,Gout - Vatarakta Kaphaja,,Unknown,FA25,Gout,0.800,High,Optimized Semantic Matching,2025-09-04
AY1587,Sciatica - Gridhrasi Sannipataja,,Unknown,ME84.3,sciatica,0.800,High,Optimized Semantic Matching,2025-09-04
AY1588,Vertigo - Bhrama Chronic,,Unknown,MB48.0,vertigo,0.800,High,Optimized Semantic Matching,2025-09-04
AY1589,Sinusitis - Dushta Pratishyaya Acute,,Unknown,1E91.41,Acute herpetic geniculate ganglionitis,0.700,High,Optimized Semantic Matching,2025-09-04
AY1590,Bronchitis - Kasa Roga,,Unknown,CA20,bronchitis,0.800,High,Optimized Semantic Matching,2025-09-04
AY1591,Fever - Jwara Vataja,,Unknown,1C30.2,Typhus fever due to Rickettsia typhi,0.700,High,Optimized Semantic Matching,2025-09-04
AY1592,Diabetes - Madhumeha Pittaja,,Unknown,5A11,Type 2 diabetes mellitus,0.700,High,Optimized Semantic Matching,2025-09-04
AY1593,Hypertension - Rakta Gata Vata Kaphaja,,Unknown,MC80.0,"elevated bloodpressure reading, without diagnosis of hypertension",0.700,High,Optimized Semantic Matching,2025-09-04
AY1594,Arthritis - Sandhivata Sannipataja,,Unknown,FA20,Rheumatoid arthritis,0.700,High,Optimized Semantic Matching,2025-09-04
AY1595,Asthma - Tamaka Shwasa Chronic,,Unknown,CA23,Asthma,0.800,High,Optimized Semantic Matching,2025-09-04
AY1596,Migraine - Ardhavabhedaka Acute,,Unknown,8A80,Migraine,0.800,High,Optimized Semantic Matching,2025-09-04
AY1597,Depression - Vishada,,Unknown,UNMAPPED,No suitable ICD-11 match found,0.000,No Match,Optimized Semantic Matching,2025-09-04
AY1598,Gastritis - Amlapitta Vataja,,Unknown,DA42,Gastritis,0.800,High,Optimized Semantic Matching,2025-09-04
AY1599,Insomnia - Anidra Pittaja,,Unknown,UNMAPPED,No suitable ICD-11 match found,0.000,No Match,Optimized Semantic Matching,2025-09-04
AY1600,Constipation - Vibandha Kaphaja,,Unknown,ME05.0,constipation,0.800,High,Optimized Semantic Matching,2025-09-04
AY1601,Obesity - Medoroga Sannipataja,,Unknown,5B81,Obesity,0.800,High,Optimized Semantic Matching,2025-09-04
AY1602,Anemia - Pandu Chronic,,Unknown,UNMAPPED,No suitable ICD-11 match found,0.000,No Match,Optimized Semantic Matching,2025-09-04
AY1603,Psoriasis - Kitibha Acute,,Unknown,EA90,Psoriasis,0.800,High,Optimized Semantic Matching,2025-09-04
AY1604,Eczema - Vicharchika,,Unknown,UNMAPPED,No suitable ICD-11 match found,0.000,No Match,Optimized Semantic Matching,2025-09-04
AY1605,Urticaria - Sheetapitta Vataja,,Unknown,UNMAPPED,No suitable ICD-11 match found,0.000,No Match,Optimized Semantic Matching,2025-09-04
AY1606,Rheumatism - Amavata Pittaja,,Unknown,UNMAPPED,No suitable ICD-11 match found,0.000,No Match,Optimized Semantic Matching,2025-09-04
AY1607,Epilepsy - Apasmara Kaphaja,,Unknown,UNMAPPED,No suitable ICD-11 match found,0.000,No Match,Optimized Semantic Matching,2025-09-04
AY1608,Diarrhea - Atisara Sannipataja,,Unknown,UNMAPPED,No suitable ICD-11 match found,0.000,No Match,Optimized Semantic Matching,2025-09-04
AY1609,Cough - Kasa Chronic,,Unknown,MD12,cough,0.800,High,Optimized Semantic Matching,2025-09-04
AY1610,Cold - Pratishyaya Acute,,Unknown,UNMAPPED,No suitable ICD-11 match found,0.000,No Match,Optimized Semantic Matching,2025-09-04
AY1611,Hemorrhoids - Arsha,,Unknown,UNMAPPED,No suitable ICD-11 match found,0.000,No Match,Optimized Semantic Matching,2025-09-04
AY1612,Urinary Stones - Ashmari Vataja,,Unknown,UNMAPPED,No suitable ICD-11 match found,0.000,No Match,Optimized Semantic Matching,2025-09-04
AY1613,Jaundice - Kamala Pittaja,,Unknown,UNMAPPED,No suitable ICD-11 match found,0.000,No Match,Optimized Semantic Matching,2025-09-04
AY1614,Leucorrhea - Shweta Pradara Kaphaja,,Unknown,UNMAPPED,No suitable ICD-11 match found,0.000,No Match,Optimized Semantic Matching,2025-09-04
AY1615,Impotence - Klaibya Sannipataja,,Unknown,UNMAPPED,No suitable ICD-11 match found,0.000,No Match,Optimized Semantic Matching,2025-09-04
AY1616,Gout - Vatarakta Chronic,,Unknown,FA25,Gout,0.800,High,Optimized Semantic Matching,2025-09-04
AY1617,Sciatica - Gridhrasi Acute,,Unknown,ME84.3,sciatica,0.800,High,Optimized Semantic Matching,2025-09-04
AY1618,Vertigo - Bhrama,,Unknown,MB48.0,vertigo,0.800,High,Optimized Semantic Matching,2025-09-04
AY1619,Sinusitis - Dushta Pratishyaya Vataja,,Unknown,SC91,Nasal sinusitis disorder (TM1),0.700,High,Optimized Semantic Matching,2025-09-04
AY1620,Bronchitis - Kasa Roga Pittaja,,Unknown,CA20,bronchitis,0.800,High,Optimized Semantic Matching,2025-09-04
AY1621,Fever - Jwara Kaphaja,,Unknown,1C30.2,Typhus fever due to Rickettsia typhi,0.700,High,Optimized Semantic Matching,2025-09-04
AY1622,Diabetes - Madhumeha Sannipataja,,Unknown,5A11,Type 2 diabetes mellitus,0.700,High,Optimized Semantic Matching,2025-09-04
AY1623,Hypertension - Rakta Gata Vata Chronic,,Unknown,MC80.0,"elevated bloodpressure reading, without diagnosis of hypertension",0.700,High,Optimized Semantic Matching,2025-09-04
AY1624,Arthritis - Sandhivata Acute,,Unknown,1B41.1Z,"Acute rheumatic endocarditis, unspecified",0.700,High,Optimized Semantic Matching,2025-09-04
AY1625,Asthma - Tamaka Shwasa,,Unknown,CA23,Asthma,0.800,High,Optimized Semantic Matching,2025-09-04
AY1626,Migraine - Ardhavabhedaka Vataja,,Unknown,8A80,Migraine,0.800,High,Optimized Semantic Matching,2025-09-04
AY1627,Depression - Vishada Pittaja,,Unknown,UNMAPPED,No suitable ICD-11 match found,0.000,No Match,Optimized Semantic Matching,2025-09-04
AY1628,Gastritis - Amlapitta Kaphaja,,Unknown,DA42,Gastritis,0.800,High,Optimized Semantic Matching,2025-09-04
AY1629,Insomnia - Anidra Sannipataja,,Unknown,UNMAPPED,No suitable ICD-11 match found,0.000,No Match,Optimized Semantic Matching,2025-09-04
AY1630,Constipation - Vibandha Chronic,,Unknown,ME05.0,constipation,0.800,High,Optimized Semantic Matching,2025-09-04
AY1631,Obesity - Medoroga Acute,,Unknown,5B81,Obesity,0.800,High,Optimized Semantic Matching,2025-09-04
AY1632,Anemia - Pandu,,Unknown,EF20,Acquired malformations of Cutaneous blood vessels,0.700,High,Optimized Semantic Matching,2025-09-04
AY1633,Psoriasis - Kitibha Vataja,,Unknown,EA90,Psoriasis,0.800,High,Optimized Semantic Matching,2025-09-04
AY1634,Eczema - Vicharchika Pittaja,,Unknown,UNMAPPED,No suitable ICD-11 match found,0.000,No Match,Optimized Semantic Matching,2025-09-04
AY1635,Urticaria - Sheetapitta Kaphaja,,Unknown,UNMAPPED,No suitable ICD-11 match found,0.000,No Match,Optimized Semantic Matching,2025-09-04
AY1636,Rheumatism - Amavata Sannipataja,,Unknown,UNMAPPED,No suitable ICD-11 match found,0.000,No Match,Optimized Semantic Matching,2025-09-04
AY1637,Epilepsy - Apasmara Chronic,,Unknown,UNMAPPED,No suitable ICD-11 match found,0.000,No Match,Optimized Semantic Matching,2025-09-04
AY1638,Diarrhea - Atisara Acute,,Unknown,UNMAPPED,No suitable ICD-11 match found,0.000,No Match,Optimized Semantic Matching,2025-09-04
AY1639,Cough - Kasa,,Unknown,MD12,cough,0.800,High,Optimized Semantic Matching,2025-09-04
AY1640,Cold - Pratishyaya Vataja,,Unknown,UNMAPPED,No suitable ICD-11 match found,0.000,No Match,Optimized Semantic Matching,2025-09-04
AY1641,Hemorrhoids - Arsha Pittaja,,Unknown,UNMAPPED,No suitable ICD-11 match found,0.000,No Match,Optimized Semantic Matching,2025-09-04
AY1642,Urinary Stones - Ashmari Kaphaja,,Unknown,UNMAPPED,No suitable ICD-11 match found,0.000,No Match,Optimized Semantic Matching,2025-09-04
AY1643,Jaundice - Kamala Sannipataja,,Unknown,UNMAPPED,No suitable ICD-11 match found,0.000,No Match,Optimized Semantic Matching,2025-09-04
AY1644,Leucorrhea - Shweta Pradara Chronic,,Unknown,UNMAPPED,No suitable ICD-11 match found,0.000,No Match,Optimized Semantic Matching,2025-09-04
AY1645,Impotence - Klaibya Acute,,Unknown,UNMAPPED,No suitable ICD-11 match found,0.000,No Match,Optimized Semantic Matching,2025-09-04
AY1646,Gout - Vatarakta,,Unknown,FA25,Gout,0.800,High,Optimized Semantic Matching,2025-09-04
AY1647,Sciatica - Gridhrasi Vataja,,Unknown,ME84.3,sciatica,0.800,High,Optimized Semantic Matching,2025-09-04
AY1648,Vertigo - Bhrama Pittaja,,Unknown,MB48.0,vertigo,0.800,High,Optimized Semantic Matching,2025-09-04
AY1649,Sinusitis - Dushta Pratishyaya Kaphaja,,Unknown,SC91,Nasal sinusitis disorder (TM1),0.700,High,Optimized Semantic Matching,2025-09-04
AY1650,Bronchitis - Kasa Roga Sannipataja,,Unknown,CA20,bronchitis,0.800,High,Optimized Semantic Matching,2025-09-04
AY1651,Fever - Jwara Chronic,,Unknown,1D2Z,"Dengue fever, unspecified",0.700,High,Optimized Semantic Matching,2025-09-04
AY1652,Diabetes - Madhumeha Acute,,Unknown,QA0A.10,special screening examination for diabetes mellitus,0.700,High,Optimized Semantic Matching,2025-09-04
AY1653,Hypertension - Rakta Gata Vata,,Unknown,MC80.0,"elevated bloodpressure reading, without diagnosis of hypertension",0.700,High,Optimized Semantic Matching,2025-09-04
AY1654,Arthritis - Sandhivata Vataja,,Unknown,FA20,Rheumatoid arthritis,0.700,High,Optimized Semantic Matching,2025-09-04
AY1655,Asthma - Tamaka Shwasa Pittaja,,Unknown,CA23,Asthma,0.800,High,Optimized Semantic Matching,2025-09-04
AY1656,Migraine - Ardhavabhedaka Kaphaja,,Unknown,8A80,Migraine,0.800,High,Optimized Semantic Matching,2025-09-04
AY1657,Depression - Vishada Sannipataja,,Unknown,UNMAPPED,No suitable ICD-11 match found,0.000,No Match,Optimized Semantic Matching,2025-09-04
AY1658,Gastritis - Amlapitta Chronic,,Unknown,DA42,Gastritis,0.800,High,Optimized Semantic Matching,2025-09-04
AY1659,Insomnia - Anidra Acute,,Unknown,UNMAPPED,No suitable ICD-11 match found,0.000,No Match,Optimized Semantic Matching,2025-09-04
AY1660,Constipation - Vibandha,,Unknown,ME05.0,constipation,0.800,High,Optimized Semantic Matching,2025-09-04
AY1661,Obesity - Medoroga Vataja,,Unknown,5B81,Obesity,0.800,High,Optimized Semantic Matching,2025-09-04
AY1662,Anemia - Pandu Pittaja,,Unknown,EF20,Acquired malformations of Cutaneous blood vessels,0.700,High,Optimized Semantic Matching,2025-09-04
AY1663,Psoriasis - Kitibha Kaphaja,,Unknown,EA90,Psoriasis,0.800,High,Optimized Semantic Matching,2025-09-04
AY1664,Eczema - Vicharchika Sannipataja,,Unknown,UNMAPPED,No suitable ICD-11 match found,0.000,No Match,Optimized Semantic Matching,2025-09-04
AY1665,Urticaria - Sheetapitta Chronic,,Unknown,EB00.1,Chronic Urticaria,0.400,Low,Optimized Semantic Matching,2025-09-04
AY1666,Rheumatism - Amavata Acute,,Unknown,UNMAPPED,No suitable ICD-11 match found,0.000,No Match,Optimized Semantic Matching,2025-09-04
AY1667,Epilepsy - Apasmara,,Unknown,UNMAPPED,No suitable ICD-11 match found,0.000,No Match,Optimized Semantic Matching,2025-09-04
AY1668,Diarrhea - Atisara Vataja,,Unknown,UNMAPPED,No suitable ICD-11 match found,0.000,No Match,Optimized Semantic Matching,2025-09-04
AY1669,Cough - Kasa Pittaja,,Unknown,MD12,cough,0.800,High,Optimized Semantic Matching,2025-09-04
AY1670,Cold - Pratishyaya Kaphaja,,Unknown,UNMAPPED,No suitable ICD-11 match found,0.000,No Match,Optimized Semantic Matching,2025-09-04
AY1671,Hemorrhoids - Arsha Sannipataja,,Unknown,UNMAPPED,No suitable ICD-11 match found,0.000,No Match,Optimized Semantic Matching,2025-09-04
AY1672,Urinary Stones - Ashmari Chronic,,Unknown,UNMAPPED,No suitable ICD-11 match found,0.000,No Match,Optimized Semantic Matching,2025-09-04
AY1673,Jaundice - Kamala Acute,,Unknown,UNMAPPED,No suitable ICD-11 match found,0.000,No Match,Optimized Semantic Matching,2025-09-04
AY1674,Leucorrhea - Shweta Pradara,,Unknown,UNMAPPED,No suitable ICD-11 match found,0.000,No Match,Optimized Semantic Matching,2025-09-04
AY1675,Impotence - Klaibya Vataja,,Unknown,UNMAPPED,No suitable ICD-11 match found,0.000,No Match,Optimized Semantic Matching,2025-09-04
AY1676,Gout - Vatarakta Pittaja,,Unknown,FA25,Gout,0.800,High,Optimized Semantic Matching,2025-09-04
AY1677,Sciatica - Gridhrasi Kaphaja,,Unknown,ME84.3,sciatica,0.800,High,Optimized Semantic Matching,2025-09-04
AY1678,Vertigo - Bhrama Sannipataja,,Unknown,MB48.0,vertigo,0.800,High,Optimized Semantic Matching,2025-09-04
AY1679,Sinusitis - Dushta Pratishyaya Chronic,,Unknown,2A81.7,Diffuse large Bcell lymphoma associated with Chronic inflammation,0.700,High,Optimized Semantic Matching,2025-09-04
AY1680,Bronchitis - Kasa Roga Acute,,Unknown,CA20,bronchitis,0.800,High,Optimized Semantic Matching,2025-09-04
AY1681,Fever - Jwara,,Unknown,1C30.2,Typhus fever due to Rickettsia typhi,0.700,High,Optimized Semantic Matching,2025-09-04
AY1682,Diabetes - Madhumeha Vataja,,Unknown,5A11,Type 2 diabetes mellitus,0.700,High,Optimized Semantic Matching,2025-09-04
AY1683,Hypertension - Rakta Gata Vata Pittaja,,Unknown,MC80.0,"elevated bloodpressure reading, without diagnosis of hypertension",0.700,High,Optimized Semantic Matching,2025-09-04
AY1684,Arthritis - Sandhivata Kaphaja,,Unknown,FA20,Rheumatoid arthritis,0.700,High,Optimized Semantic Matching,2025-09-04
AY1685,Asthma - Tamaka Shwasa Sannipataja,,Unknown,CA23,Asthma,0.800,High,Optimized Semantic Matching,2025-09-04
AY1686,Migraine - Ardhavabhedaka Chronic,,Unknown,8A80,Migraine,0.800,High,Optimized Semantic Matching,2025-09-04
AY1687,Depression - Vishada Acute,,Unknown,UNMAPPED,No suitable ICD-11 match found,0.000,No Match,Optimized Semantic Matching,2025-09-04
AY1688,Gastritis - Amlapitta,,Unknown,DA42,Gastritis,0.800,High,Optimized Semantic Matching,2025-09-04
AY1689,Insomnia - Anidra Vataja,,Unknown,UNMAPPED,No suitable ICD-11 match found,0.000,No Match,Optimized Semantic Matching,2025-09-04
AY1690,Constipation - Vibandha Pittaja,,Unknown,ME05.0,constipation,0.800,High,Optimized Semantic Matching,2025-09-04
AY1691,Obesity - Medoroga Kaphaja,,Unknown,5B81,Obesity,0.800,High,Optimized Semantic Matching,2025-09-04
AY1692,Anemia - Pandu Sannipataja,,Unknown,EF20,Acquired malformations of Cutaneous blood vessels,0.700,High,Optimized Semantic Matching,2025-09-04
AY1693,Psoriasis - Kitibha Chronic,,Unknown,EA90,Psoriasis,0.800,High,Optimized Semantic Matching,2025-09-04
AY1694,Eczema - Vicharchika Acute,,Unknown,UNMAPPED,No suitable ICD-11 match found,0.000,No Match,Optimized Semantic Matching,2025-09-04
AY1695,Urticaria - Sheetapitta,,Unknown,UNMAPPED,No suitable ICD-11 match found,0.000,No Match,Optimized Semantic Matching,2025-09-04
AY1696,Rheumatism - Amavata Vataja,,Unknown,UNMAPPED,No suitable ICD-11 match found,0.000,No Match,Optimized Semantic Matching,2025-09-04
AY1697,Epilepsy - Apasmara Pittaja,,Unknown,UNMAPPED,No suitable ICD-11 match found,0.000,No Match,Optimized Semantic Matching,2025-09-04
AY1698,Diarrhea - Atisara Kaphaja,,Unknown,UNMAPPED,No suitable ICD-11 match found,0.000,No Match,Optimized Semantic Matching,2025-09-04
AY1699,Cough - Kasa Sannipataja,,Unknown,MD12,cough,0.800,High,Optimized Semantic Matching,2025-09-04
AY1700,Cold - Pratishyaya Chronic,,Unknown,UNMAPPED,No suitable ICD-11 match found,0.000,No Match,Optimized Semantic Matching,2025-09-04
AY1701,Hemorrhoids - Arsha Acute,,Unknown,UNMAPPED,No suitable ICD-11 match found,0.000,No Match,Optimized Semantic Matching,2025-09-04
AY1702,Urinary Stones - Ashmari,,Unknown,UNMAPPED,No suitable ICD-11 match found,0.000,No Match,Optimized Semantic Matching,2025-09-04
AY1703,Jaundice - Kamala Vataja,,Unknown,UNMAPPED,No suitable ICD-11 match found,0.000,No Match,Optimized Semantic Matching,2025-09-04
AY1704,Leucorrhea - Shweta Pradara Pittaja,,Unknown,UNMAPPED,No suitable ICD-11 match found,0.000,No Match,Optimized Semantic Matching,2025-09-04
AY1705,Impotence - Klaibya Kaphaja,,Unknown,UNMAPPED,No suitable ICD-11 match found,0.000,No Match,Optimized Semantic Matching,2025-09-04
AY1706,Gout - Vatarakta Sannipataja,,Unknown,FA25,Gout,0.800,High,Optimized Semantic Matching,2025-09-04
AY1707,Sciatica - Gridhrasi Chronic,,Unknown,ME84.3,sciatica,0.800,High,Optimized Semantic Matching,2025-09-04
AY1708,Vertigo - Bhrama Acute,,Unknown,MB48.0,vertigo,0.800,High,Optimized Semantic Matching,2025-09-04
AY1709,Sinusitis - Dushta Pratishyaya,,Unknown,SC91,Nasal sinusitis disorder (TM1),0.700,High,Optimized Semantic Matching,2025-09-04
AY1710,Bronchitis - Kasa Roga Vataja,,Unknown,CA20,bronchitis,0.800,High,Optimized Semantic Matching,2025-09-04
AY1711,Fever - Jwara Pittaja,,Unknown,1C30.2,Typhus fever due to Rickettsia typhi,0.700,High,Optimized Semantic Matching,2025-09-04
AY1712,Diabetes - Madhumeha Kaphaja,,Unknown,5A11,Type 2 diabetes mellitus,0.700,High,Optimized Semantic Matching,2025-09-04
AY1713,Hypertension - Rakta Gata Vata Sannipataja,,Unknown,MC80.0,"elevated bloodpressure reading, without diagnosis of hypertension",0.700,High,Optimized Semantic Matching,2025-09-04
AY1714,Arthritis - Sandhivata Chronic,,Unknown,2A81.7,Diffuse large Bcell lymphoma associated with Chronic inflammation,0.700,High,Optimized Semantic Matching,2025-09-04
AY1715,Asthma - Tamaka Shwasa Acute,,Unknown,CA23,Asthma,0.800,High,Optimized Semantic Matching,2025-09-04
AY1716,Migraine - Ardhavabhedaka,,Unknown,8A80,Migraine,0.800,High,Optimized Semantic Matching,2025-09-04
AY1717,Depression - Vishada Vataja,,Unknown,UNMAPPED,No suitable ICD-11 match found,0.000,No Match,Optimized Semantic Matching,2025-09-04
AY1718,Gastritis - Amlapitta Pittaja,,Unknown,DA42,Gastritis,0.800,High,Optimized Semantic Matching,2025-09-04
AY1719,Insomnia - Anidra Kaphaja,,Unknown,UNMAPPED,No suitable ICD-11 match found,0.000,No Match,Optimized Semantic Matching,2025-09-04
AY1720,Constipation - Vibandha Sannipataja,,Unknown,ME05.0,constipation,0.800,High,Optimized Semantic Matching,2025-09-04
AY1721,Obesity - Medoroga Chronic,,Unknown,5B81,Obesity,0.800,High,Optimized Semantic Matching,2025-09-04
AY1722,Anemia - Pandu Acute,,Unknown,UNMAPPED,No suitable ICD-11 match found,0.000,No Match,Optimized Semantic Matching,2025-09-04
AY1723,Psoriasis - Kitibha,,Unknown,EA90,Psoriasis,0.800,High,Optimized Semantic Matching,2025-09-04
AY1724,Eczema - Vicharchika Vataja,,Unknown,UNMAPPED,No suitable ICD-11 match found,0.000,No Match,Optimized Semantic Matching,2025-09-04
AY1725,Urticaria - Sheetapitta Pittaja,,Unknown,UNMAPPED,No suitable ICD-11 match found,0.000,No Match,Optimized Semantic Matching,2025-09-04
AY1726,Rheumatism - Amavata Kaphaja,,Unknown,UNMAPPED,No suitable ICD-11 match found,0.000,No Match,Optimized Semantic Matching,2025-09-04
AY1727,Epilepsy - Apasmara Sannipataja,,Unknown,UNMAPPED,No suitable ICD-11 match found,0.000,No Match,Optimized Semantic Matching,2025-09-04
AY1728,Diarrhea - Atisara Chronic,,Unknown,UNMAPPED,No suitable ICD-11 match found,0.000,No Match,Optimized Semantic Matching,2025-09-04
AY1729,Cough - Kasa Acute,,Unknown,MD12,cough,0.800,High,Optimized Semantic Matching,2025-09-04
AY1730,Cold - Pratishyaya,,Unknown,UNMAPPED,No suitable ICD-11 match found,0.000,No Match,Optimized Semantic Matching,2025-09-04
AY1731,Hemorrhoids - Arsha Vataja,,Unknown,UNMAPPED,No suitable ICD-11 match found,0.000,No Match,Optimized Semantic Matching,2025-09-04
AY1732,Urinary Stones - Ashmari Pittaja,,Unknown,UNMAPPED,No suitable ICD-11 match found,0.000,No Match,Optimized Semantic Matching,2025-09-04
AY1733,Jaundice - Kamala Kaphaja,,Unknown,UNMAPPED,No suitable ICD-11 match found,0.000,No Match,Optimized Semantic Matching,2025-09-04
AY1734,Leucorrhea - Shweta Pradara Sannipataja,,Unknown,UNMAPPED,No suitable ICD-11 match found,0.000,No Match,Optimized Semantic Matching,2025-09-04
AY1735,Impotence - Klaibya Chronic,,Unknown,UNMAPPED,No suitable ICD-11 match found,0.000,No Match,Optimized Semantic Matching,2025-09-04
AY1736,Gout - Vatarakta Acute,,Unknown,FA25,Gout,0.800,High,Optimized Semantic Matching,2025-09-04
AY1737,Sciatica - Gridhrasi,,Unknown,ME84.3,sciatica,0.800,High,Optimized Semantic Matching,2025-09-04
AY1738,Vertigo - Bhrama Vataja,,Unknown,MB48.0,vertigo,0.800,High,Optimized Semantic Matching,2025-09-04
AY1739,Sinusitis - Dushta Pratishyaya Pittaja,,Unknown,SC91,Nasal sinusitis disorder (TM1),0.700,High,Optimized Semantic Matching,2025-09-04
AY1740,Bronchitis - Kasa Roga Kaphaja,,Unknown,CA20,bronchitis,0.800,High,Optimized Semantic Matching,2025-09-04
AY1741,Fever - Jwara Sannipataja,,Unknown,1C30.2,Typhus fever due to Rickettsia typhi,0.700,High,Optimized Semantic Matching,2025-09-04
AY1742,Diabetes - Madhumeha Chronic,,Unknown,QA0A.10,special screening examination for diabetes mellitus,0.700,High,Optimized Semantic Matching,2025-09-04
AY1743,Hypertension - Rakta Gata Vata Acute,,Unknown,MC80.0,"elevated bloodpressure reading, without diagnosis of hypertension",0.700,High,Optimized Semantic Matching,2025-09-04
AY1744,Arthritis - Sandhivata,,Unknown,FA20,Rheumatoid arthritis,0.700,High,Optimized Semantic Matching,2025-09-04
AY1745,Asthma - Tamaka Shwasa Vataja,,Unknown,CA23,Asthma,0.800,High,Optimized Semantic Matching,2025-09-04
AY1746,Migraine - Ardhavabhedaka Pittaja,,Unknown,8A80,Migraine,0.800,High,Optimized Semantic Matching,2025-09-04
AY1747,Depression - Vishada Kaphaja,,Unknown,UNMAPPED,No suitable ICD-11 match found,0.000,No Match,Optimized Semantic Matching,2025-09-04
AY1748,Gastritis - Amlapitta Sannipataja,,Unknown,DA42,Gastritis,0.800,High,Optimized Semantic Matching,2025-09-04
AY1749,Insomnia - Anidra Chronic,,Unknown,7A00,Chronic insomnia,0.400,Low,Optimized Semantic Matching,2025-09-04
AY1750,Constipation - Vibandha Acute,,Unknown,ME05.0,constipation,0.800,High,Optimized Semantic Matching,2025-09-04
AY1751,Obesity - Medoroga,,Unknown,5B81,Obesity,0.800,High,Optimized Semantic Matching,2025-09-04
AY1752,Anemia - Pandu Vataja,,Unknown,EF20,Acquired malformations of Cutaneous blood vessels,0.700,High,Optimized Semantic Matching,2025-09-04
AY1753,Psoriasis - Kitibha Pittaja,,Unknown,EA90,Psoriasis,0.800,High,Optimized Semantic Matching,2025-09-04
AY1754,Eczema - Vicharchika Kaphaja,,Unknown,UNMAPPED,No suitable ICD-11 match found,0.000,No Match,Optimized Semantic Matching,2025-09-04
AY1755,Urticaria - Sheetapitta Sannipataja,,Unknown,UNMAPPED,No suitable ICD-11 match found,0.000,No Match,Optimized Semantic Matching,2025-09-04
AY1756,Rheumatism - Amavata Chronic,,Unknown,UNMAPPED,No suitable ICD-11 match found,0.000,No Match,Optimized Semantic Matching,2025-09-04
AY1757,Epilepsy - Apasmara Acute,,Unknown,UNMAPPED,No suitable ICD-11 match found,0.000,No Match,Optimized Semantic Matching,2025-09-04
AY1758,Diarrhea - Atisara,,Unknown,UNMAPPED,No suitable ICD-11 match found,0.000,No Match,Optimized Semantic Matching,2025-09-04
AY1759,Cough - Kasa Vataja,,Unknown,MD12,cough,0.800,High,Optimized Semantic Matching,2025-09-04
AY1760,Cold - Pratishyaya Pittaja,,Unknown,UNMAPPED,No suitable ICD-11 match found,0.000,No Match,Optimized Semantic Matching,2025-09-04
AY1761,Hemorrhoids - Arsha Kaphaja,,Unknown,UNMAPPED,No suitable ICD-11 match found,0.000,No Match,Optimized Semantic Matching,2025-09-04
AY1762,Urinary Stones - Ashmari Sannipataja,,Unknown,UNMAPPED,No suitable ICD-11 match found,0.000,No Match,Optimized Semantic Matching,2025-09-04
AY1763,Jaundice - Kamala Chronic,,Unknown,UNMAPPED,No suitable ICD-11 match found,0.000,No Match,Optimized Semantic Matching,2025-09-04
AY1764,Leucorrhea - Shweta Pradara Acute,,Unknown,UNMAPPED,No suitable ICD-11 match found,0.000,No Match,Optimized Semantic Matching,2025-09-04
AY1765,Impotence - Klaibya,,Unknown,UNMAPPED,No suitable ICD-11 match found,0.000,No Match,Optimized Semantic Matching,2025-09-04
AY1766,Gout - Vatarakta Vataja,,Unknown,FA25,Gout,0.800,High,Optimized Semantic Matching,2025-09-04
AY1767,Sciatica - Gridhrasi Pittaja,,Unknown,ME84.3,sciatica,0.800,High,Optimized Semantic Matching,2025-09-04
AY1768,Vertigo - Bhrama Kaphaja,,Unknown,MB48.0,vertigo,0.800,High,Optimized Semantic Matching,2025-09-04
AY1769,Sinusitis - Dushta Pratishyaya Sannipataja,,Unknown,SC91,Nasal sinusitis disorder (TM1),0.700,High,Optimized Semantic Matching,2025-09-04
AY1770,Bronchitis - Kasa Roga Chronic,,Unknown,CA20,bronchitis,0.800,High,Optimized Semantic Matching,2025-09-04
AY1771,Fever - Jwara Acute,,Unknown,1D2Z,"Dengue fever, unspecified",0.700,High,Optimized Semantic Matching,2025-09-04
AY1772,Diabetes - Madhumeha,,Unknown,5A11,Type 2 diabetes mellitus,0.700,High,Optimized Semantic Matching,2025-09-04
AY1773,Hypertension - Rakta Gata Vata Vataja,,Unknown,MC80.0,"elevated bloodpressure reading, without diagnosis of hypertension",0.700,High,Optimized Semantic Matching,2025-09-04
AY1774,Arthritis - Sandhivata Pittaja,,Unknown,FA20,Rheumatoid arthritis,0.700,High,Optimized Semantic Matching,2025-09-04
AY1775,Asthma - Tamaka Shwasa Kaphaja,,Unknown,CA23,Asthma,0.800,High,Optimized Semantic Matching,2025-09-04
AY1776,Migraine - Ardhavabhedaka Sannipataja,,Unknown,8A80,Migraine,0.800,High,Optimized Semantic Matching,2025-09-04
AY1777,Depression - Vishada Chronic,,Unknown,UNMAPPED,No suitable ICD-11 match found,0.000,No Match,Optimized Semantic Matching,2025-09-04
AY1778,Gastritis - Amlapitta Acute,,Unknown,DA42,Gastritis,0.800,High,Optimized Semantic Matching,2025-09-04
AY1779,Insomnia - Anidra,,Unknown,UNMAPPED,No suitable ICD-11 match found,0.000,No Match,Optimized Semantic Matching,2025-09-04
AY1780,Constipation - Vibandha Vataja,,Unknown,ME05.0,constipation,0.800,High,Optimized Semantic Matching,2025-09-04
AY1781,Obesity - Medoroga Pittaja,,Unknown,5B81,Obesity,0.800,High,Optimized Semantic Matching,2025-09-04
AY1782,Anemia - Pandu Kaphaja,,Unknown,EF20,Acquired malformations of Cutaneous blood vessels,0.700,High,Optimized Semantic Matching,2025-09-04
AY1783,Psoriasis - Kitibha Sannipataja,,Unknown,EA90,Psoriasis,0.800,High,Optimized Semantic Matching,2025-09-04
AY1784,Eczema - Vicharchika Chronic,,Unknown,UNMAPPED,No suitable ICD-11 match found,0.000,No Match,Optimized Semantic Matching,2025-09-04
AY1785,Urticaria - Sheetapitta Acute,,Unknown,EB00.0,Acute Urticaria,0.400,Low,Optimized Semantic Matching,2025-09-04
AY1786,Rheumatism - Amavata,,Unknown,UNMAPPED,No suitable ICD-11 match found,0.000,No Match,Optimized Semantic Matching,2025-09-04
AY1787,Epilepsy - Apasmara Vataja,,Unknown,UNMAPPED,No suitable ICD-11 match found,0.000,No Match,Optimized Semantic Matching,2025-09-04
AY1788,Diarrhea - Atisara Pittaja,,Unknown,UNMAPPED,No suitable ICD-11 match found,0.000,No Match,Optimized Semantic Matching,2025-09-04
AY1789,Cough - Kasa Kaphaja,,Unknown,MD12,cough,0.800,High,Optimized Semantic Matching,2025-09-04
AY1790,Cold - Pratishyaya Sannipataja,,Unknown,UNMAPPED,No suitable ICD-11 match found,0.000,No Match,Optimized Semantic Matching,2025-09-04
AY1791,Hemorrhoids - Arsha Chronic,,Unknown,UNMAPPED,No suitable ICD-11 match found,0.000,No Match,Optimized Semantic Matching,2025-09-04
AY1792,Urinary Stones - Ashmari Acute,,Unknown,UNMAPPED,No suitable ICD-11 match found,0.000,No Match,Optimized Semantic Matching,2025-09-04
AY1793,Jaundice - Kamala,,Unknown,UNMAPPED,No suitable ICD-11 match found,0.000,No Match,Optimized Semantic Matching,2025-09-04
AY1794,Leucorrhea - Shweta Pradara Vataja,,Unknown,UNMAPPED,No suitable ICD-11 match found,0.000,No Match,Optimized Semantic Matching,2025-09-04
AY1795,Impotence - Klaibya Pittaja,,Unknown,UNMAPPED,No suitable ICD-11 match found,0.000,No Match,Optimized Semantic Matching,2025-09-04
AY1796,Gout - Vatarakta Kaphaja,,Unknown,FA25,Gout,0.800,High,Optimized Semantic Matching,2025-09-04
AY1797,Sciatica - Gridhrasi Sannipataja,,Unknown,ME84.3,sciatica,0.800,High,Optimized Semantic Matching,2025-09-04
AY1798,Vertigo - Bhrama Chronic,,Unknown,MB48.0,vertigo,0.800,High,Optimized Semantic Matching,2025-09-04
AY1799,Sinusitis - Dushta Pratishyaya Acute,,Unknown,1E91.41,Acute herpetic geniculate ganglionitis,0.700,High,Optimized Semantic Matching,2025-09-04
AY1800,Bronchitis - Kasa Roga,,Unknown,CA20,bronchitis,0.800,High,Optimized Semantic Matching,2025-09-04
AY1801,Fever - Jwara Vataja,,Unknown,1C30.2,Typhus fever due to Rickettsia typhi,0.700,High,Optimized Semantic Matching,2025-09-04
AY1802,Diabetes - Madhumeha Pittaja,,Unknown,5A11,Type 2 diabetes mellitus,0.700,High,Optimized Semantic Matching,2025-09-04
AY1803,Hypertension - Rakta Gata Vata Kaphaja,,Unknown,MC80.0,"elevated bloodpressure reading, without diagnosis of hypertension",0.700,High,Optimized Semantic Matching,2025-09-04
AY1804,Arthritis - Sandhivata Sannipataja,,Unknown,FA20,Rheumatoid arthritis,0.700,High,Optimized Semantic Matching,2025-09-04
AY1805,Asthma - Tamaka Shwasa Chronic,,Unknown,CA23,Asthma,0.800,High,Optimized Semantic Matching,2025-09-04
AY1806,Migraine - Ardhavabhedaka Acute,,Unknown,8A80,Migraine,0.800,High,Optimized Semantic Matching,2025-09-04
AY1807,Depression - Vishada,,Unknown,UNMAPPED,No suitable ICD-11 match found,0.000,No Match,Optimized Semantic Matching,2025-09-04
AY1808,Gastritis - Amlapitta Vataja,,Unknown,DA42,Gastritis,0.800,High,Optimized Semantic Matching,2025-09-04
AY1809,Insomnia - Anidra Pittaja,,Unknown,UNMAPPED,No suitable ICD-11 match found,0.000,No Match,Optimized Semantic Matching,2025-09-04
AY1810,Constipation - Vibandha Kaphaja,,Unknown,ME05.0,constipation,0.800,High,Optimized Semantic Matching,2025-09-04
AY1811,Obesity - Medoroga Sannipataja,,Unknown,5B81,Obesity,0.800,High,Optimized Semantic Matching,2025-09-04
AY1812,Anemia - Pandu Chronic,,Unknown,UNMAPPED,No suitable ICD-11 match found,0.000,No Match,Optimized Semantic Matching,2025-09-04
AY1813,Psoriasis - Kitibha Acute,,Unknown,EA90,Psoriasis,0.800,High,Optimized Semantic Matching,2025-09-04
AY1814,Eczema - Vicharchika,,Unknown,UNMAPPED,No suitable ICD-11 match found,0.000,No Match,Optimized Semantic Matching,2025-09-04
AY1815,Urticaria - Sheetapitta Vataja,,Unknown,UNMAPPED,No suitable ICD-11 match found,0.000,No Match,Optimized Semantic Matching,2025-09-04
AY1816,Rheumatism - Amavata Pittaja,,Unknown,UNMAPPED,No suitable ICD-11 match found,0.000,No Match,Optimized Semantic Matching,2025-09-04
AY1817,Epilepsy - Apasmara Kaphaja,,Unknown,UNMAPPED,No suitable ICD-11 match found,0.000,No Match,Optimized Semantic Matching,2025-09-04
AY1818,Diarrhea - Atisara Sannipataja,,Unknown,UNMAPPED,No suitable ICD-11 match found,0.000,No Match,Optimized Semantic Matching,2025-09-04
AY1819,Cough - Kasa Chronic,,Unknown,MD12,cough,0.800,High,Optimized Semantic Matching,2025-09-04
AY1820,Cold - Pratishyaya Acute,,Unknown,UNMAPPED,No suitable ICD-11 match found,0.000,No Match,Optimized Semantic Matching,2025-09-04
AY1821,Hemorrhoids - Arsha,,Unknown,UNMAPPED,No suitable ICD-11 match found,0.000,No Match,Optimized Semantic Matching,2025-09-04
AY1822,Urinary Stones - Ashmari Vataja,,Unknown,UNMAPPED,No suitable ICD-11 match found,0.000,No Match,Optimized Semantic Matching,2025-09-04
AY1823,Jaundice - Kamala Pittaja,,Unknown,UNMAPPED,No suitable ICD-11 match found,0.000,No Match,Optimized Semantic Matching,2025-09-04
AY1824,Leucorrhea - Shweta Pradara Kaphaja,,Unknown,UNMAPPED,No suitable ICD-11 match found,0.000,No Match,Optimized Semantic Matching,2025-09-04
AY1825,Impotence - Klaibya Sannipataja,,Unknown,UNMAPPED,No suitable ICD-11 match found,0.000,No Match,Optimized Semantic Matching,2025-09-04
AY1826,Gout - Vatarakta Chronic,,Unknown,FA25,Gout,0.800,High,Optimized Semantic Matching,2025-09-04
AY1827,Sciatica - Gridhrasi Acute,,Unknown,ME84.3,sciatica,0.800,High,Optimized Semantic Matching,2025-09-04
AY1828,Vertigo - Bhrama,,Unknown,MB48.0,vertigo,0.800,High,Optimized Semantic Matching,2025-09-04
AY1829,Sinusitis - Dushta Pratishyaya Vataja,,Unknown,SC91,Nasal sinusitis disorder (TM1),0.700,High,Optimized Semantic Matching,2025-09-04
AY1830,Bronchitis - Kasa Roga Pittaja,,Unknown,CA20,bronchitis,0.800,High,Optimized Semantic Matching,2025-09-04
AY1831,Fever - Jwara Kaphaja,,Unknown,1C30.2,Typhus fever due to Rickettsia typhi,0.700,High,Optimized Semantic Matching,2025-09-04
AY1832,Diabetes - Madhumeha Sannipataja,,Unknown,5A11,Type 2 diabetes mellitus,0.700,High,Optimized Semantic Matching,2025-09-04
AY1833,Hypertension - Rakta Gata Vata Chronic,,Unknown,MC80.0,"elevated bloodpressure reading, without diagnosis of hypertension",0.700,High,Optimized Semantic Matching,2025-09-04
AY1834,Arthritis - Sandhivata Acute,,Unknown,1B41.1Z,"Acute rheumatic endocarditis, unspecified",0.700,High,Optimized Semantic Matching,2025-09-04
AY1835,Asthma - Tamaka Shwasa,,Unknown,CA23,Asthma,0.800,High,Optimized Semantic Matching,2025-09-04
AY1836,Migraine - Ardhavabhedaka Vataja,,Unknown,8A80,Migraine,0.800,High,Optimized Semantic Matching,2025-09-04
AY1837,Depression - Vishada Pittaja,,Unknown,UNMAPPED,No suitable ICD-11 match found,0.000,No Match,Optimized Semantic Matching,2025-09-04
AY1838,Gastritis - Amlapitta Kaphaja,,Unknown,DA42,Gastritis,0.800,High,Optimized Semantic Matching,2025-09-04
AY1839,Insomnia - Anidra Sannipataja,,Unknown,UNMAPPED,No suitable ICD-11 match found,0.000,No Match,Optimized Semantic Matching,2025-09-04
AY1840,Constipation - Vibandha Chronic,,Unknown,ME05.0,constipation,0.800,High,Optimized Semantic Matching,2025-09-04
AY1841,Obesity - Medoroga Acute,,Unknown,5B81,Obesity,0.800,High,Optimized Semantic Matching,2025-09-04
AY1842,Anemia - Pandu,,Unknown,EF20,Acquired malformations of Cutaneous blood vessels,0.700,High,Optimized Semantic Matching,2025-09-04
AY1843,Psoriasis - Kitibha Vataja,,Unknown,EA90,Psoriasis,0.800,High,Optimized Semantic Matching,2025-09-04
AY1844,Eczema - Vicharchika Pittaja,,Unknown,UNMAPPED,No suitable ICD-11 match found,0.000,No Match,Optimized Semantic Matching,2025-09-04
AY1845,Urticaria - Sheetapitta Kaphaja,,Unknown,UNMAPPED,No suitable ICD-11 match found,0.000,No Match,Optimized Semantic Matching,2025-09-04
AY1846,Rheumatism - Amavata Sannipataja,,Unknown,UNMAPPED,No suitable ICD-11 match found,0.000,No Match,Optimized Semantic Matching,2025-09-04
AY1847,Epilepsy - Apasmara Chronic,,Unknown,UNMAPPED,No suitable ICD-11 match found,0.000,No Match,Optimized Semantic Matching,2025-09-04
AY1848,Diarrhea - Atisara Acute,,Unknown,UNMAPPED,No suitable ICD-11 match found,0.000,No Match,Optimized Semantic Matching,2025-09-04
AY1849,Cough - Kasa,,Unknown,MD12,cough,0.800,High,Optimized Semantic Matching,2025-09-04
AY1850,Cold - Pratishyaya Vataja,,Unknown,UNMAPPED,No suitable ICD-11 match found,0.000,No Match,Optimized Semantic Matching,2025-09-04
AY1851,Hemorrhoids - Arsha Pittaja,,Unknown,UNMAPPED,No suitable ICD-11 match found,0.000,No Match,Optimized Semantic Matching,2025-09-04
AY1852,Urinary Stones - Ashmari Kaphaja,,Unknown,UNMAPPED,No suitable ICD-11 match found,0.000,No Match,Optimized Semantic Matching,2025-09-04
AY1853,Jaundice - Kamala Sannipataja,,Unknown,UNMAPPED,No suitable ICD-11 match found,0.000,No Match,Optimized Semantic Matching,2025-09-04
AY1854,Leucorrhea - Shweta Pradara Chronic,,Unknown,UNMAPPED,No suitable ICD-11 match found,0.000,No Match,Optimized Semantic Matching,2025-09-04
AY1855,Impotence - Klaibya Acute,,Unknown,UNMAPPED,No suitable ICD-11 match found,0.000,No Match,Optimized Semantic Matching,2025-09-04
AY1856,Gout - Vatarakta,,Unknown,FA25,Gout,0.800,High,Optimized Semantic Matching,2025-09-04
AY1857,Sciatica - Gridhrasi Vataja,,Unknown,ME84.3,sciatica,0.800,High,Optimized Semantic Matching,2025-09-04
AY1858,Vertigo - Bhrama Pittaja,,Unknown,MB48.0,vertigo,0.800,High,Optimized Semantic Matching,2025-09-04
AY1859,Sinusitis - Dushta Pratishyaya Kaphaja,,Unknown,SC91,Nasal sinusitis disorder (TM1),0.700,High,Optimized Semantic Matching,2025-09-04
AY1860,Bronchitis - Kasa Roga Sannipataja,,Unknown,CA20,bronchitis,0.800,High,Optimized Semantic Matching,2025-09-04
AY1861,Fever - Jwara Chronic,,Unknown,1D2Z,"Dengue fever, unspecified",0.700,High,Optimized Semantic Matching,2025-09-04
AY1862,Diabetes - Madhumeha Acute,,Unknown,QA0A.10,special screening examination for diabetes mellitus,0.700,High,Optimized Semantic Matching,2025-09-04
AY1863,Hypertension - Rakta Gata Vata,,Unknown,MC80.0,"elevated bloodpressure reading, without diagnosis of hypertension",0.700,High,Optimized Semantic Matching,2025-09-04
AY1864,Arthritis - Sandhivata Vataja,,Unknown,FA20,Rheumatoid arthritis,0.700,High,Optimized Semantic Matching,2025-09-04
AY1865,Asthma - Tamaka Shwasa Pittaja,,Unknown,CA23,Asthma,0.800,High,Optimized Semantic Matching,2025-09-04
AY1866,Migraine - Ardhavabhedaka Kaphaja,,Unknown,8A80,Migraine,0.800,High,Optimized Semantic Matching,2025-09-04
AY1867,Depression - Vishada Sannipataja,,Unknown,UNMAPPED,No suitable ICD-11 match found,0.000,No Match,Optimized Semantic Matching,2025-09-04
AY1868,Gastritis - Amlapitta Chronic,,Unknown,DA42,Gastritis,0.800,High,Optimized Semantic Matching,2025-09-04
AY1869,Insomnia - Anidra Acute,,Unknown,UNMAPPED,No suitable ICD-11 match found,0.000,No Match,Optimized Semantic Matching,2025-09-04
AY1870,Constipation - Vibandha,,Unknown,ME05.0,constipation,0.800,High,Optimized Semantic Matching,2025-09-04
AY1871,Obesity - Medoroga Vataja,,Unknown,5B81,Obesity,0.800,High,Optimized Semantic Matching,2025-09-04
AY1872,Anemia - Pandu Pittaja,,Unknown,EF20,Acquired malformations of Cutaneous blood vessels,0.700,High,Optimized Semantic Matching,2025-09-04
AY1873,Psoriasis - Kitibha Kaphaja,,Unknown,EA90,Psoriasis,0.800,High,Optimized Semantic Matching,2025-09-04
AY1874,Eczema - Vicharchika Sannipataja,,Unknown,UNMAPPED,No suitable ICD-11 match found,0.000,No Match,Optimized Semantic Matching,2025-09-04
AY1875,Urticaria - Sheetapitta Chronic,,Unknown,EB00.1,Chronic Urticaria,0.400,Low,Optimized Semantic Matching,2025-09-04
AY1876,Rheumatism - Amavata Acute,,Unknown,UNMAPPED,No suitable ICD-11 match found,0.000,No Match,Optimized Semantic Matching,2025-09-04
AY1877,Epilepsy - Apasmara,,Unknown,UNMAPPED,No suitable ICD-11 match found,0.000,No Match,Optimized Semantic Matching,2025-09-04
AY1878,Diarrhea - Atisara Vataja,,Unknown,UNMAPPED,No suitable ICD-11 match found,0.000,No Match,Optimized Semantic Matching,2025-09-04
AY1879,Cough - Kasa Pittaja,,Unknown,MD12,cough,0.800,High,Optimized Semantic Matching,2025-09-04
AY1880,Cold - Pratishyaya Kaphaja,,Unknown,UNMAPPED,No suitable ICD-11 match found,0.000,No Match,Optimized Semantic Matching,2025-09-04
AY1881,Hemorrhoids - Arsha Sannipataja,,Unknown,UNMAPPED,No suitable ICD-11 match found,0.000,No Match,Optimized Semantic Matching,2025-09-04
AY1882,Urinary Stones - Ashmari Chronic,,Unknown,UNMAPPED,No suitable ICD-11 match found,0.000,No Match,Optimized Semantic Matching,2025-09-04
AY1883,Jaundice - Kamala Acute,,Unknown,UNMAPPED,No suitable ICD-11 match found,0.000,No Match,Optimized Semantic Matching,2025-09-04
AY1884,Leucorrhea - Shweta Pradara,,Unknown,UNMAPPED,No suitable ICD-11 match found,0.000,No Match,Optimized Semantic Matching,2025-09-04
AY1885,Impotence - Klaibya Vataja,,Unknown,UNMAPPED,No suitable ICD-11 match found,0.000,No Match,Optimized Semantic Matching,2025-09-04
AY1886,Gout - Vatarakta Pittaja,,Unknown,FA25,Gout,0.800,High,Optimized Semantic Matching,2025-09-04
AY1887,Sciatica - Gridhrasi Kaphaja,,Unknown,ME84.3,sciatica,0.800,High,Optimized Semantic Matching,2025-09-04
AY1888,Vertigo - Bhrama Sannipataja,,Unknown,MB48.0,vertigo,0.800,High,Optimized Semantic Matching,2025-09-04
AY1889,Sinusitis - Dushta Pratishyaya Chronic,,Unknown,2A81.7,Diffuse large Bcell lymphoma associated with Chronic inflammation,0.700,High,Optimized Semantic Matching,2025-09-04
AY1890,Bronchitis - Kasa Roga Acute,,Unknown,CA20,bronchitis,0.800,High,Optimized Semantic Matching,2025-09-04
AY1891,Fever - Jwara,,Unknown,1C30.2,Typhus fever due to Rickettsia typhi,0.700,High,Optimized Semantic Matching,2025-09-04
AY1892,Diabetes - Madhumeha Vataja,,Unknown,5A11,Type 2 diabetes mellitus,0.700,High,Optimized Semantic Matching,2025-09-04
AY1893,Hypertension - Rakta Gata Vata Pittaja,,Unknown,MC80.0,"elevated bloodpressure reading, without diagnosis of hypertension",0.700,High,Optimized Semantic Matching,2025-09-04
AY1894,Arthritis - Sandhivata Kaphaja,,Unknown,FA20,Rheumatoid arthritis,0.700,High,Optimized Semantic Matching,2025-09-04
AY1895,Asthma - Tamaka Shwasa Sannipataja,,Unknown,CA23,Asthma,0.800,High,Optimized Semantic Matching,2025-09-04
AY1896,Migraine - Ardhavabhedaka Chronic,,Unknown,8A80,Migraine,0.800,High,Optimized Semantic Matching,2025-09-04
AY1897,Depression - Vishada Acute,,Unknown,UNMAPPED,No suitable ICD-11 match found,0.000,No Match,Optimized Semantic Matching,2025-09-04
AY1898,Gastritis - Amlapitta,,Unknown,DA42,Gastritis,0.800,High,Optimized Semantic Matching,2025-09-04
AY1899,Insomnia - Anidra Vataja,,Unknown,UNMAPPED,No suitable ICD-11 match found,0.000,No Match,Optimized Semantic Matching,2025-09-04
AY1900,Constipation - Vibandha Pittaja,,Unknown,ME05.0,constipation,0.800,High,Optimized Semantic Matching,2025-09-04
AY1901,Obesity - Medoroga Kaphaja,,Unknown,5B81,Obesity,0.800,High,Optimized Semantic Matching,2025-09-04
AY1902,Anemia - Pandu Sannipataja,,Unknown,EF20,Acquired malformations of Cutaneous blood vessels,0.700,High,Optimized Semantic Matching,2025-09-04
AY1903,Psoriasis - Kitibha Chronic,,Unknown,EA90,Psoriasis,0.800,High,Optimized Semantic Matching,2025-09-04
AY1904,Eczema - Vicharchika Acute,,Unknown,UNMAPPED,No suitable ICD-11 match found,0.000,No Match,Optimized Semantic Matching,2025-09-04
AY1905,Urticaria - Sheetapitta,,Unknown,UNMAPPED,No suitable ICD-11 match found,0.000,No Match,Optimized Semantic Matching,2025-09-04
AY1906,Rheumatism - Amavata Vataja,,Unknown,UNMAPPED,No suitable ICD-11 match found,0.000,No Match,Optimized Semantic Matching,2025-09-04
AY1907,Epilepsy - Apasmara Pittaja,,Unknown,UNMAPPED,No suitable ICD-11 match found,0.000,No Match,Optimized Semantic Matching,2025-09-04
AY1908,Diarrhea - Atisara Kaphaja,,Unknown,UNMAPPED,No suitable ICD-11 match found,0.000,No Match,Optimized Semantic Matching,2025-09-04
AY1909,Cough - Kasa Sannipataja,,Unknown,MD12,cough,0.800,High,Optimized Semantic Matching,2025-09-04
AY1910,Cold - Pratishyaya Chronic,,Unknown,UNMAPPED,No suitable ICD-11 match found,0.000,No Match,Optimized Semantic Matching,2025-09-04
AY1911,Hemorrhoids - Arsha Acute,,Unknown,UNMAPPED,No suitable ICD-11 match found,0.000,No Match,Optimized Semantic Matching,2025-09-04
AY1912,Urinary Stones - Ashmari,,Unknown,UNMAPPED,No suitable ICD-11 match found,0.000,No Match,Optimized Semantic Matching,2025-09-04
AY1913,Jaundice - Kamala Vataja,,Unknown,UNMAPPED,No suitable ICD-11 match found,0.000,No Match,Optimized Semantic Matching,2025-09-04
AY1914,Leucorrhea - Shweta Pradara Pittaja,,Unknown,UNMAPPED,No suitable ICD-11 match found,0.000,No Match,Optimized Semantic Matching,2025-09-04
AY1915,Impotence - Klaibya Kaphaja,,Unknown,UNMAPPED,No suitable ICD-11 match found,0.000,No Match,Optimized Semantic Matching,2025-09-04
AY1916,Gout - Vatarakta Sannipataja,,Unknown,FA25,Gout,0.800,High,Optimized Semantic Matching,2025-09-04
AY1917,Sciatica - Gridhrasi Chronic,,Unknown,ME84.3,sciatica,0.800,High,Optimized Semantic Matching,2025-09-04
AY1918,Vertigo - Bhrama Acute,,Unknown,MB48.0,vertigo,0.800,High,Optimized Semantic Matching,2025-09-04
AY1919,Sinusitis - Dushta Pratishyaya,,Unknown,SC91,Nasal sinusitis disorder (TM1),0.700,High,Optimized Semantic Matching,2025-09-04
AY1920,Bronchitis - Kasa Roga Vataja,,Unknown,CA20,bronchitis,0.800,High,Optimized Semantic Matching,2025-09-04
AY1921,Fever - Jwara Pittaja,,Unknown,1C30.2,Typhus fever due to Rickettsia typhi,0.700,High,Optimized Semantic Matching,2025-09-04
AY1922,Diabetes - Madhumeha Kaphaja,,Unknown,5A11,Type 2 diabetes mellitus,0.700,High,Optimized Semantic Matching,2025-09-04
AY1923,Hypertension - Rakta Gata Vata Sannipataja,,Unknown,MC80.0,"elevated bloodpressure reading, without diagnosis of hypertension",0.700,High,Optimized Semantic Matching,2025-09-04
AY1924,Arthritis - Sandhivata Chronic,,Unknown,2A81.7,Diffuse large Bcell lymphoma associated with Chronic inflammation,0.700,High,Optimized Semantic Matching,2025-09-04
AY1925,Asthma - Tamaka Shwasa Acute,,Unknown,CA23,Asthma,0.800,High,Optimized Semantic Matching,2025-09-04
AY1926,Migraine - Ardhavabhedaka,,Unknown,8A80,Migraine,0.800,High,Optimized Semantic Matching,2025-09-04
AY1927,Depression - Vishada Vataja,,Unknown,UNMAPPED,No suitable ICD-11 match found,0.000,No Match,Optimized Semantic Matching,2025-09-04
AY1928,Gastritis - Amlapitta Pittaja,,Unknown,DA42,Gastritis,0.800,High,Optimized Semantic Matching,2025-09-04
AY1929,Insomnia - Anidra Kaphaja,,Unknown,UNMAPPED,No suitable ICD-11 match found,0.000,No Match,Optimized Semantic Matching,2025-09-04
AY1930,Constipation - Vibandha Sannipataja,,Unknown,ME05.0,constipation,0.800,High,Optimized Semantic Matching,2025-09-04
AY1931,Obesity - Medoroga Chronic,,Unknown,5B81,Obesity,0.800,High,Optimized Semantic Matching,2025-09-04
AY1932,Anemia - Pandu Acute,,Unknown,UNMAPPED,No suitable ICD-11 match found,0.000,No Match,Optimized Semantic Matching,2025-09-04
AY1933,Psoriasis - Kitibha,,Unknown,EA90,Psoriasis,0.800,High,Optimized Semantic Matching,2025-09-04
AY1934,Eczema - Vicharchika Vataja,,Unknown,UNMAPPED,No suitable ICD-11 match found,0.000,No Match,Optimized Semantic Matching,2025-09-04
AY1935,Urticaria - Sheetapitta Pittaja,,Unknown,UNMAPPED,No suitable ICD-11 match found,0.000,No Match,Optimized Semantic Matching,2025-09-04
AY1936,Rheumatism - Amavata Kaphaja,,Unknown,UNMAPPED,No suitable ICD-11 match found,0.000,No Match,Optimized Semantic Matching,2025-09-04
AY1937,Epilepsy - Apasmara Sannipataja,,Unknown,UNMAPPED,No suitable ICD-11 match found,0.000,No Match,Optimized Semantic Matching,2025-09-04
AY1938,Diarrhea - Atisara Chronic,,Unknown,UNMAPPED,No suitable ICD-11 match found,0.000,No Match,Optimized Semantic Matching,2025-09-04
AY1939,Cough - Kasa Acute,,Unknown,MD12,cough,0.800,High,Optimized Semantic Matching,2025-09-04
AY1940,Cold - Pratishyaya,,Unknown,UNMAPPED,No suitable ICD-11 match found,0.000,No Match,Optimized Semantic Matching,2025-09-04
AY1941,Hemorrhoids - Arsha Vataja,,Unknown,UNMAPPED,No suitable ICD-11 match found,0.000,No Match,Optimized Semantic Matching,2025-09-04
AY1942,Urinary Stones - Ashmari Pittaja,,Unknown,UNMAPPED,No suitable ICD-11 match found,0.000,No Match,Optimized Semantic Matching,2025-09-04
AY1943,Jaundice - Kamala Kaphaja,,Unknown,UNMAPPED,No suitable ICD-11 match found,0.000,No Match,Optimized Semantic Matching,2025-09-04
AY1944,Leucorrhea - Shweta Pradara Sannipataja,,Unknown,UNMAPPED,No suitable ICD-11 match found,0.000,No Match,Optimized Semantic Matching,2025-09-04
AY1945,Impotence - Klaibya Chronic,,Unknown,UNMAPPED,No suitable ICD-11 match found,0.000,No Match,Optimized Semantic Matching,2025-09-04
AY1946,Gout - Vatarakta Acute,,Unknown,FA25,Gout,0.800,High,Optimized Semantic Matching,2025-09-04
AY1947,Sciatica - Gridhrasi,,Unknown,ME84.3,sciatica,0.800,High,Optimized Semantic Matching,2025-09-04
AY1948,Vertigo - Bhrama Vataja,,Unknown,MB48.0,vertigo,0.800,High,Optimized Semantic Matching,2025-09-04
AY1949,Sinusitis - Dushta Pratishyaya Pittaja,,Unknown,SC91,Nasal sinusitis disorder (TM1),0.700,High,Optimized Semantic Matching,2025-09-04
AY1950,Bronchitis - Kasa Roga Kaphaja,,Unknown,CA20,bronchitis,0.800,High,Optimized Semantic Matching,2025-09-04
AY1951,Fever - Jwara Sannipataja,,Unknown,1C30.2,Typhus fever due to Rickettsia typhi,0.700,High,Optimized Semantic Matching,2025-09-04
AY1952,Diabetes - Madhumeha Chronic,,Unknown,QA0A.10,special screening examination for diabetes mellitus,0.700,High,Optimized Semantic Matching,2025-09-04
AY1953,Hypertension - Rakta Gata Vata Acute,,Unknown,MC80.0,"elevated bloodpressure reading, without diagnosis of hypertension",0.700,High,Optimized Semantic Matching,2025-09-04
AY1954,Arthritis - Sandhivata,,Unknown,FA20,Rheumatoid arthritis,0.700,High,Optimized Semantic Matching,2025-09-04
AY1955,Asthma - Tamaka Shwasa Vataja,,Unknown,CA23,Asthma,0.800,High,Optimized Semantic Matching,2025-09-04
AY1956,Migraine - Ardhavabhedaka Pittaja,,Unknown,8A80,Migraine,0.800,High,Optimized Semantic Matching,2025-09-04
AY1957,Depression - Vishada Kaphaja,,Unknown,UNMAPPED,No suitable ICD-11 match found,0.000,No Match,Optimized Semantic Matching,2025-09-04
AY1958,Gastritis - Amlapitta Sannipataja,,Unknown,DA42,Gastritis,0.800,High,Optimized Semantic Matching,2025-09-04
AY1959,Insomnia - Anidra Chronic,,Unknown,7A00,Chronic insomnia,0.400,Low,Optimized Semantic Matching,2025-09-04
AY1960,Constipation - Vibandha Acute,,Unknown,ME05.0,constipation,0.800,High,Optimized Semantic Matching,2025-09-04
AY1961,Obesity - Medoroga,,Unknown,5B81,Obesity,0.800,High,Optimized Semantic Matching,2025-09-04
AY1962,Anemia - Pandu Vataja,,Unknown,EF20,Acquired malformations of Cutaneous blood vessels,0.700,High,Optimized Semantic Matching,2025-09-04
AY1963,Psoriasis - Kitibha Pittaja,,Unknown,EA90,Psoriasis,0.800,High,Optimized Semantic Matching,2025-09-04
AY1964,Eczema - Vicharchika Kaphaja,,Unknown,UNMAPPED,No suitable ICD-11 match found,0.000,No Match,Optimized Semantic Matching,2025-09-04
AY1965,Urticaria - Sheetapitta Sannipataja,,Unknown,UNMAPPED,No suitable ICD-11 match found,0.000,No Match,Optimized Semantic Matching,2025-09-04
AY1966,Rheumatism - Amavata Chronic,,Unknown,UNMAPPED,No suitable ICD-11 match found,0.000,No Match,Optimized Semantic Matching,2025-09-04
AY1967,Epilepsy - Apasmara Acute,,Unknown,UNMAPPED,No suitable ICD-11 match found,0.000,No Match,Optimized Semantic Matching,2025-09-04
AY1968,Diarrhea - Atisara,,Unknown,UNMAPPED,No suitable ICD-11 match found,0.000,No Match,Optimized Semantic Matching,2025-09-04
AY1969,Cough - Kasa Vataja,,Unknown,MD12,cough,0.800,High,Optimized Semantic Matching,2025-09-04
AY1970,Cold - Pratishyaya Pittaja,,Unknown,UNMAPPED,No suitable ICD-11 match found,0.000,No Match,Optimized Semantic Matching,2025-09-04
AY1971,Hemorrhoids - Arsha Kaphaja,,Unknown,UNMAPPED,No suitable ICD-11 match found,0.000,No Match,Optimized Semantic Matching,2025-09-04
AY1972,Urinary Stones - Ashmari Sannipataja,,Unknown,UNMAPPED,No suitable ICD-11 match found,0.000,No Match,Optimized Semantic Matching,2025-09-04
AY1973,Jaundice - Kamala Chronic,,Unknown,UNMAPPED,No suitable ICD-11 match found,0.000,No Match,Optimized Semantic Matching,2025-09-04
AY1974,Leucorrhea - Shweta Pradara Acute,,Unknown,UNMAPPED,No suitable ICD-11 match found,0.000,No Match,Optimized Semantic Matching,2025-09-04
AY1975,Impotence - Klaibya,,Unknown,UNMAPPED,No suitable ICD-11 match found,0.000,No Match,Optimized Semantic Matching,2025-09-04
AY1976,Gout - Vatarakta Vataja,,Unknown,FA25,Gout,0.800,High,Optimized Semantic Matching,2025-09-04
AY1977,Sciatica - Gridhrasi Pittaja,,Unknown,ME84.3,sciatica,0.800,High,Optimized Semantic Matching,2025-09-04
AY1978,Vertigo - Bhrama Kaphaja,,Unknown,MB48.0,vertigo,0.800,High,Optimized Semantic Matching,2025-09-04
AY1979,Sinusitis - Dushta Pratishyaya Sannipataja,,Unknown,SC91,Nasal sinusitis disorder (TM1),0.700,High,Optimized Semantic Matching,2025-09-04
AY1980,Bronchitis - Kasa Roga Chronic,,Unknown,CA20,bronchitis,0.800,High,Optimized Semantic Matching,2025-09-04
AY1981,Fever - Jwara Acute,,Unknown,1D2Z,"Dengue fever, unspecified",0.700,High,Optimized Semantic Matching,2025-09-04
AY1982,Diabetes - Madhumeha,,Unknown,5A11,Type 2 diabetes mellitus,0.700,High,Optimized Semantic Matching,2025-09-04
AY1983,Hypertension - Rakta Gata Vata Vataja,,Unknown,MC80.0,"elevated bloodpressure reading, without diagnosis of hypertension",0.700,High,Optimized Semantic Matching,2025-09-04
AY1984,Arthritis - Sandhivata Pittaja,,Unknown,FA20,Rheumatoid arthritis,0.700,High,Optimized Semantic Matching,2025-09-04
AY1985,Asthma - Tamaka Shwasa Kaphaja,,Unknown,CA23,Asthma,0.800,High,Optimized Semantic Matching,2025-09-04
AY1986,Migraine - Ardhavabhedaka Sannipataja,,Unknown,8A80,Migraine,0.800,High,Optimized Semantic Matching,2025-09-04
AY1987,Depression - Vishada Chronic,,Unknown,UNMAPPED,No suitable ICD-11 match found,0.000,No Match,Optimized Semantic Matching,2025-09-04
AY1988,Gastritis - Amlapitta Acute,,Unknown,DA42,Gastritis,0.800,High,Optimized Semantic Matching,2025-09-04
AY1989,Insomnia - Anidra,,Unknown,UNMAPPED,No suitable ICD-11 match found,0.000,No Match,Optimized Semantic Matching,2025-09-04
AY1990,Constipation - Vibandha Vataja,,Unknown,ME05.0,constipation,0.800,High,Optimized Semantic Matching,2025-09-04
AY1991,Obesity - Medoroga Pittaja,,Unknown,5B81,Obesity,0.800,High,Optimized Semantic Matching,2025-09-04
AY1992,Anemia - Pandu Kaphaja,,Unknown,EF20,Acquired malformations of Cutaneous blood vessels,0.700,High,Optimized Semantic Matching,2025-09-04
AY1993,Psoriasis - Kitibha Sannipataja,,Unknown,EA90,Psoriasis,0.800,High,Optimized Semantic Matching,2025-09-04
AY1994,Eczema - Vicharchika Chronic,,Unknown,UNMAPPED,No suitable ICD-11 match found,0.000,No Match,Optimized Semantic Matching,2025-09-04
AY1995,Urticaria - Sheetapitta Acute,,Unknown,EB00.0,Acute Urticaria,0.400,Low,Optimized Semantic Matching,2025-09-04
AY1996,Rheumatism - Amavata,,Unknown,UNMAPPED,No suitable ICD-11 match found,0.000,No Match,Optimized Semantic Matching,2025-09-04
AY1997,Epilepsy - Apasmara Vataja,,Unknown,UNMAPPED,No suitable ICD-11 match found,0.000,No Match,Optimized Semantic Matching,2025-09-04
AY1998,Diarrhea - Atisara Pittaja,,Unknown,UNMAPPED,No suitable ICD-11 match found,0.000,No Match,Optimized Semantic Matching,2025-09-04
AY1999,Cough - Kasa Kaphaja,,Unknown,MD12,cough,0.800,High,Optimized Semantic Matching,2025-09-04
AY2000,Cold - Pratishyaya Sannipataja,,Unknown,UNMAPPED,No suitable ICD-11 match found,0.000,No Match,Optimized Semantic Matching,2025-09-04
AY2001,Hemorrhoids - Arsha Chronic,,Unknown,UNMAPPED,No suitable ICD-11 match found,0.000,No Match,Optimized Semantic Matching,2025-09-04
AY2002,Urinary Stones - Ashmari Acute,,Unknown,UNMAPPED,No suitable ICD-11 match found,0.000,No Match,Optimized Semantic Matching,2025-09-04
AY2003,Jaundice - Kamala,,Unknown,UNMAPPED,No suitable ICD-11 match found,0.000,No Match,Optimized Semantic Matching,2025-09-04
AY2004,Leucorrhea - Shweta Pradara Vataja,,Unknown,UNMAPPED,No suitable ICD-11 match found,0.000,No Match,Optimized Semantic Matching,2025-09-04
AY2005,Impotence - Klaibya Pittaja,,Unknown,UNMAPPED,No suitable ICD-11 match found,0.000,No Match,Optimized Semantic Matching,2025-09-04
AY2006,Gout - Vatarakta Kaphaja,,Unknown,FA25,Gout,0.800,High,Optimized Semantic Matching,2025-09-04
AY2007,Sciatica - Gridhrasi Sannipataja,,Unknown,ME84.3,sciatica,0.800,High,Optimized Semantic Matching,2025-09-04
AY2008,Vertigo - Bhrama Chronic,,Unknown,MB48.0,vertigo,0.800,High,Optimized Semantic Matching,2025-09-04
AY2009,Sinusitis - Dushta Pratishyaya Acute,,Unknown,1E91.41,Acute herpetic geniculate ganglionitis,0.700,High,Optimized Semantic Matching,2025-09-04
AY2010,Bronchitis - Kasa Roga,,Unknown,CA20,bronchitis,0.800,High,Optimized Semantic Matching,2025-09-04
AY2011,Fever - Jwara Vataja,,Unknown,1C30.2,Typhus fever due to Rickettsia typhi,0.700,High,Optimized Semantic Matching,2025-09-04
AY2012,Diabetes - Madhumeha Pittaja,,Unknown,5A11,Type 2 diabetes mellitus,0.700,High,Optimized Semantic Matching,2025-09-04
AY2013,Hypertension - Rakta Gata Vata Kaphaja,,Unknown,MC80.0,"elevated bloodpressure reading, without diagnosis of hypertension",0.700,High,Optimized Semantic Matching,2025-09-04
AY2014,Arthritis - Sandhivata Sannipataja,,Unknown,FA20,Rheumatoid arthritis,0.700,High,Optimized Semantic Matching,2025-09-04
AY2015,Asthma - Tamaka Shwasa Chronic,,Unknown,CA23,Asthma,0.800,High,Optimized Semantic Matching,2025-09-04
AY2016,Migraine - Ardhavabhedaka Acute,,Unknown,8A80,Migraine,0.800,High,Optimized Semantic Matching,2025-09-04
AY2017,Depression - Vishada,,Unknown,UNMAPPED,No suitable ICD-11 match found,0.000,No Match,Optimized Semantic Matching,2025-09-04
AY2018,Gastritis - Amlapitta Vataja,,Unknown,DA42,Gastritis,0.800,High,Optimized Semantic Matching,2025-09-04
AY2019,Insomnia - Anidra Pittaja,,Unknown,UNMAPPED,No suitable ICD-11 match found,0.000,No Match,Optimized Semantic Matching,2025-09-04
AY2020,Constipation - Vibandha Kaphaja,,Unknown,ME05.0,constipation,0.800,High,Optimized Semantic Matching,2025-09-04
AY2021,Obesity - Medoroga Sannipataja,,Unknown,5B81,Obesity,0.800,High,Optimized Semantic Matching,2025-09-04
AY2022,Anemia - Pandu Chronic,,Unknown,UNMAPPED,No suitable ICD-11 match found,0.000,No Match,Optimized Semantic Matching,2025-09-04
AY2023,Psoriasis - Kitibha Acute,,Unknown,EA90,Psoriasis,0.800,High,Optimized Semantic Matching,2025-09-04
AY2024,Eczema - Vicharchika,,Unknown,UNMAPPED,No suitable ICD-11 match found,0.000,No Match,Optimized Semantic Matching,2025-09-04
AY2025,Urticaria - Sheetapitta Vataja,,Unknown,UNMAPPED,No suitable ICD-11 match found,0.000,No Match,Optimized Semantic Matching,2025-09-04
AY2026,Rheumatism - Amavata Pittaja,,Unknown,UNMAPPED,No suitable ICD-11 match found,0.000,No Match,Optimized Semantic Matching,2025-09-04
AY2027,Epilepsy - Apasmara Kaphaja,,Unknown,UNMAPPED,No suitable ICD-11 match found,0.000,No Match,Optimized Semantic Matching,2025-09-04
AY2028,Diarrhea - Atisara Sannipataja,,Unknown,UNMAPPED,No suitable ICD-11 match found,0.000,No Match,Optimized Semantic Matching,2025-09-04
AY2029,Cough - Kasa Chronic,,Unknown,MD12,cough,0.800,High,Optimized Semantic Matching,2025-09-04
AY2030,Cold - Pratishyaya Acute,,Unknown,UNMAPPED,No suitable ICD-11 match found,0.000,No Match,Optimized Semantic Matching,2025-09-04
AY2031,Hemorrhoids - Arsha,,Unknown,UNMAPPED,No suitable ICD-11 match found,0.000,No Match,Optimized Semantic Matching,2025-09-04
AY2032,Urinary Stones - Ashmari Vataja,,Unknown,UNMAPPED,No suitable ICD-11 match found,0.000,No Match,Optimized Semantic Matching,2025-09-04
AY2033,Jaundice - Kamala Pittaja,,Unknown,UNMAPPED,No suitable ICD-11 match found,0.000,No Match,Optimized Semantic Matching,2025-09-04
AY2034,Leucorrhea - Shweta Pradara Kaphaja,,Unknown,UNMAPPED,No suitable ICD-11 match found,0.000,No Match,Optimized Semantic Matching,2025-09-04
AY2035,Impotence - Klaibya Sannipataja,,Unknown,UNMAPPED,No suitable ICD-11 match found,0.000,No Match,Optimized Semantic Matching,2025-09-04
AY2036,Gout - Vatarakta Chronic,,Unknown,FA25,Gout,0.800,High,Optimized Semantic Matching,2025-09-04
AY2037,Sciatica - Gridhrasi Acute,,Unknown,ME84.3,sciatica,0.800,High,Optimized Semantic Matching,2025-09-04
AY2038,Vertigo - Bhrama,,Unknown,MB48.0,vertigo,0.800,High,Optimized Semantic Matching,2025-09-04
AY2039,Sinusitis - Dushta Pratishyaya Vataja,,Unknown,SC91,Nasal sinusitis disorder (TM1),0.700,High,Optimized Semantic Matching,2025-09-04
AY2040,Bronchitis - Kasa Roga Pittaja,,Unknown,CA20,bronchitis,0.800,High,Optimized Semantic Matching,2025-09-04
AY2041,Fever - Jwara Kaphaja,,Unknown,1C30.2,Typhus fever due to Rickettsia typhi,0.700,High,Optimized Semantic Matching,2025-09-04
AY2042,Diabetes - Madhumeha Sannipataja,,Unknown,5A11,Type 2 diabetes mellitus,0.700,High,Optimized Semantic Matching,2025-09-04
AY2043,Hypertension - Rakta Gata Vata Chronic,,Unknown,MC80.0,"elevated bloodpressure reading, without diagnosis of hypertension",0.700,High,Optimized Semantic Matching,2025-09-04
AY2044,Arthritis - Sandhivata Acute,,Unknown,1B41.1Z,"Acute rheumatic endocarditis, unspecified",0.700,High,Optimized Semantic Matching,2025-09-04
AY2045,Asthma - Tamaka Shwasa,,Unknown,CA23,Asthma,0.800,High,Optimized Semantic Matching,2025-09-04
AY2046,Migraine - Ardhavabhedaka Vataja,,Unknown,8A80,Migraine,0.800,High,Optimized Semantic Matching,2025-09-04
AY2047,Depression - Vishada Pittaja,,Unknown,UNMAPPED,No suitable ICD-11 match found,0.000,No Match,Optimized Semantic Matching,2025-09-04
AY2048,Gastritis - Amlapitta Kaphaja,,Unknown,DA42,Gastritis,0.800,High,Optimized Semantic Matching,2025-09-04
AY2049,Insomnia - Anidra Sannipataja,,Unknown,UNMAPPED,No suitable ICD-11 match found,0.000,No Match,Optimized Semantic Matching,2025-09-04
AY2050,Constipation - Vibandha Chronic,,Unknown,ME05.0,constipation,0.800,High,Optimized Semantic Matching,2025-09-04
AY2051,Obesity - Medoroga Acute,,Unknown,5B81,Obesity,0.800,High,Optimized Semantic Matching,2025-09-04
AY2052,Anemia - Pandu,,Unknown,EF20,Acquired malformations of Cutaneous blood vessels,0.700,High,Optimized Semantic Matching,2025-09-04
AY2053,Psoriasis - Kitibha Vataja,,Unknown,EA90,Psoriasis,0.800,High,Optimized Semantic Matching,2025-09-04
AY2054,Eczema - Vicharchika Pittaja,,Unknown,UNMAPPED,No suitable ICD-11 match found,0.000,No Match,Optimized Semantic Matching,2025-09-04
AY2055,Urticaria - Sheetapitta Kaphaja,,Unknown,UNMAPPED,No suitable ICD-11 match found,0.000,No Match,Optimized Semantic Matching,2025-09-04
AY2056,Rheumatism - Amavata Sannipataja,,Unknown,UNMAPPED,No suitable ICD-11 match found,0.000,No Match,Optimized Semantic Matching,2025-09-04
AY2057,Epilepsy - Apasmara Chronic,,Unknown,UNMAPPED,No suitable ICD-11 match found,0.000,No Match,Optimized Semantic Matching,2025-09-04
AY2058,Diarrhea - Atisara Acute,,Unknown,UNMAPPED,No suitable ICD-11 match found,0.000,No Match,Optimized Semantic Matching,2025-09-04
AY2059,Cough - Kasa,,Unknown,MD12,cough,0.800,High,Optimized Semantic Matching,2025-09-04
AY2060,Cold - Pratishyaya Vataja,,Unknown,UNMAPPED,No suitable ICD-11 match found,0.000,No Match,Optimized Semantic Matching,2025-09-04
AY2061,Hemorrhoids - Arsha Pittaja,,Unknown,UNMAPPED,No suitable ICD-11 match found,0.000,No Match,Optimized Semantic Matching,2025-09-04
AY2062,Urinary Stones - Ashmari Kaphaja,,Unknown,UNMAPPED,No suitable ICD-11 match found,0.000,No Match,Optimized Semantic Matching,2025-09-04
AY2063,Jaundice - Kamala Sannipataja,,Unknown,UNMAPPED,No suitable ICD-11 match found,0.000,No Match,Optimized Semantic Matching,2025-09-04
AY2064,Leucorrhea - Shweta Pradara Chronic,,Unknown,UNMAPPED,No suitable ICD-11 match found,0.000,No Match,Optimized Semantic Matching,2025-09-04
AY2065,Impotence - Klaibya Acute,,Unknown,UNMAPPED,No suitable ICD-11 match found,0.000,No Match,Optimized Semantic Matching,2025-09-04
AY2066,Gout - Vatarakta,,Unknown,FA25,Gout,0.800,High,Optimized Semantic Matching,2025-09-04
AY2067,Sciatica - Gridhrasi Vataja,,Unknown,ME84.3,sciatica,0.800,High,Optimized Semantic Matching,2025-09-04
AY2068,Vertigo - Bhrama Pittaja,,Unknown,MB48.0,vertigo,0.800,High,Optimized Semantic Matching,2025-09-04
AY2069,Sinusitis - Dushta Pratishyaya Kaphaja,,Unknown,SC91,Nasal sinusitis disorder (TM1),0.700,High,Optimized Semantic Matching,2025-09-04
AY2070,Bronchitis - Kasa Roga Sannipataja,,Unknown,CA20,bronchitis,0.800,High,Optimized Semantic Matching,2025-09-04
AY2071,Fever - Jwara Chronic,,Unknown,1D2Z,"Dengue fever, unspecified",0.700,High,Optimized Semantic Matching,2025-09-04
AY2072,Diabetes - Madhumeha Acute,,Unknown,QA0A.10,special screening examination for diabetes mellitus,0.700,High,Optimized Semantic Matching,2025-09-04
AY2073,Hypertension - Rakta Gata Vata,,Unknown,MC80.0,"elevated bloodpressure reading, without diagnosis of hypertension",0.700,High,Optimized Semantic Matching,2025-09-04
AY2074,Arthritis - Sandhivata Vataja,,Unknown,FA20,Rheumatoid arthritis,0.700,High,Optimized Semantic Matching,2025-09-04
AY2075,Asthma - Tamaka Shwasa Pittaja,,Unknown,CA23,Asthma,0.800,High,Optimized Semantic Matching,2025-09-04
AY2076,Migraine - Ardhavabhedaka Kaphaja,,Unknown,8A80,Migraine,0.800,High,Optimized Semantic Matching,2025-09-04
AY2077,Depression - Vishada Sannipataja,,Unknown,UNMAPPED,No suitable ICD-11 match found,0.000,No Match,Optimized Semantic Matching,2025-09-04
AY2078,Gastritis - Amlapitta Chronic,,Unknown,DA42,Gastritis,0.800,High,Optimized Semantic Matching,2025-09-04
AY2079,Insomnia - Anidra Acute,,Unknown,UNMAPPED,No suitable ICD-11 match found,0.000,No Match,Optimized Semantic Matching,2025-09-04
AY2080,Constipation - Vibandha,,Unknown,ME05.0,constipation,0.800,High,Optimized Semantic Matching,2025-09-04
AY2081,Obesity - Medoroga Vataja,,Unknown,5B81,Obesity,0.800,High,Optimized Semantic Matching,2025-09-04
AY2082,Anemia - Pandu Pittaja,,Unknown,EF20,Acquired malformations of Cutaneous blood vessels,0.700,High,Optimized Semantic Matching,2025-09-04
AY2083,Psoriasis - Kitibha Kaphaja,,Unknown,EA90,Psoriasis,0.800,High,Optimized Semantic Matching,2025-09-04
AY2084,Eczema - Vicharchika Sannipataja,,Unknown,UNMAPPED,No suitable ICD-11 match found,0.000,No Match,Optimized Semantic Matching,2025-09-04
AY2085,Urticaria - Sheetapitta Chronic,,Unknown,EB00.1,Chronic Urticaria,0.400,Low,Optimized Semantic Matching,2025-09-04
AY2086,Rheumatism - Amavata Acute,,Unknown,UNMAPPED,No suitable ICD-11 match found,0.000,No Match,Optimized Semantic Matching,2025-09-04
AY2087,Epilepsy - Apasmara,,Unknown,UNMAPPED,No suitable ICD-11 match found,0.000,No Match,Optimized Semantic Matching,2025-09-04
AY2088,Diarrhea - Atisara Vataja,,Unknown,UNMAPPED,No suitable ICD-11 match found,0.000,No Match,Optimized Semantic Matching,2025-09-04
AY2089,Cough - Kasa Pittaja,,Unknown,MD12,cough,0.800,High,Optimized Semantic Matching,2025-09-04
AY2090,Cold - Pratishyaya Kaphaja,,Unknown,UNMAPPED,No suitable ICD-11 match found,0.000,No Match,Optimized Semantic Matching,2025-09-04
AY2091,Hemorrhoids - Arsha Sannipataja,,Unknown,UNMAPPED,No suitable ICD-11 match found,0.000,No Match,Optimized Semantic Matching,2025-09-04
AY2092,Urinary Stones - Ashmari Chronic,,Unknown,UNMAPPED,No suitable ICD-11 match found,0.000,No Match,Optimized Semantic Matching,2025-09-04
AY2093,Jaundice - Kamala Acute,,Unknown,UNMAPPED,No suitable ICD-11 match found,0.000,No Match,Optimized Semantic Matching,2025-09-04
AY2094,Leucorrhea - Shweta Pradara,,Unknown,UNMAPPED,No suitable ICD-11 match found,0.000,No Match,Optimized Semantic Matching,2025-09-04
AY2095,Impotence - Klaibya Vataja,,Unknown,UNMAPPED,No suitable ICD-11 match found,0.000,No Match,Optimized Semantic Matching,2025-09-04
AY2096,Gout - Vatarakta Pittaja,,Unknown,FA25,Gout,0.800,High,Optimized Semantic Matching,2025-09-04
AY2097,Sciatica - Gridhrasi Kaphaja,,Unknown,ME84.3,sciatica,0.800,High,Optimized Semantic Matching,2025-09-04
AY2098,Vertigo - Bhrama Sannipataja,,Unknown,MB48.0,vertigo,0.800,High,Optimized Semantic Matching,2025-09-04
AY2099,Sinusitis - Dushta Pratishyaya Chronic,,Unknown,2A81.7,Diffuse large Bcell lymphoma associated with Chronic inflammation,0.700,High,Optimized Semantic Matching,2025-09-04
AY2100,Bronchitis - Kasa Roga Acute,,Unknown,CA20,bronchitis,0.800,High,Optimized Semantic Matching,2025-09-04
AY2101,Fever - Jwara,,Unknown,1C30.2,Typhus fever due to Rickettsia typhi,0.700,High,Optimized Semantic Matching,2025-09-04
AY2102,Diabetes - Madhumeha Vataja,,Unknown,5A11,Type 2 diabetes mellitus,0.700,High,Optimized Semantic Matching,2025-09-04
AY2103,Hypertension - Rakta Gata Vata Pittaja,,Unknown,MC80.0,"elevated bloodpressure reading, without diagnosis of hypertension",0.700,High,Optimized Semantic Matching,2025-09-04
AY2104,Arthritis - Sandhivata Kaphaja,,Unknown,FA20,Rheumatoid arthritis,0.700,High,Optimized Semantic Matching,2025-09-04
AY2105,Asthma - Tamaka Shwasa Sannipataja,,Unknown,CA23,Asthma,0.800,High,Optimized Semantic Matching,2025-09-04
AY2106,Migraine - Ardhavabhedaka Chronic,,Unknown,8A80,Migraine,0.800,High,Optimized Semantic Matching,2025-09-04
AY2107,Depression - Vishada Acute,,Unknown,UNMAPPED,No suitable ICD-11 match found,0.000,No Match,Optimized Semantic Matching,2025-09-04
AY2108,Gastritis - Amlapitta,,Unknown,DA42,Gastritis,0.800,High,Optimized Semantic Matching,2025-09-04
AY2109,Insomnia - Anidra Vataja,,Unknown,UNMAPPED,No suitable ICD-11 match found,0.000,No Match,Optimized Semantic Matching,2025-09-04
AY2110,Constipation - Vibandha Pittaja,,Unknown,ME05.0,constipation,0.800,High,Optimized Semantic Matching,2025-09-04
AY2111,Obesity - Medoroga Kaphaja,,Unknown,5B81,Obesity,0.800,High,Optimized Semantic Matching,2025-09-04
AY2112,Anemia - Pandu Sannipataja,,Unknown,EF20,Acquired malformations of Cutaneous blood vessels,0.700,High,Optimized Semantic Matching,2025-09-04
AY2113,Psoriasis - Kitibha Chronic,,Unknown,EA90,Psoriasis,0.800,High,Optimized Semantic Matching,2025-09-04
AY2114,Eczema - Vicharchika Acute,,Unknown,UNMAPPED,No suitable ICD-11 match found,0.000,No Match,Optimized Semantic Matching,2025-09-04
AY2115,Urticaria - Sheetapitta,,Unknown,UNMAPPED,No suitable ICD-11 match found,0.000,No Match,Optimized Semantic Matching,2025-09-04
AY2116,Rheumatism - Amavata Vataja,,Unknown,UNMAPPED,No suitable ICD-11 match found,0.000,No Match,Optimized Semantic Matching,2025-09-04
AY2117,Epilepsy - Apasmara Pittaja,,Unknown,UNMAPPED,No suitable ICD-11 match found,0.000,No Match,Optimized Semantic Matching,2025-09-04
AY2118,Diarrhea - Atisara Kaphaja,,Unknown,UNMAPPED,No suitable ICD-11 match found,0.000,No Match,Optimized Semantic Matching,2025-09-04
AY2119,Cough - Kasa Sannipataja,,Unknown,MD12,cough,0.800,High,Optimized Semantic Matching,2025-09-04
AY2120,Cold - Pratishyaya Chronic,,Unknown,UNMAPPED,No suitable ICD-11 match found,0.000,No Match,Optimized Semantic Matching,2025-09-04
AY2121,Hemorrhoids - Arsha Acute,,Unknown,UNMAPPED,No suitable ICD-11 match found,0.000,No Match,Optimized Semantic Matching,2025-09-04
AY2122,Urinary Stones - Ashmari,,Unknown,UNMAPPED,No suitable ICD-11 match found,0.000,No Match,Optimized Semantic Matching,2025-09-04
AY2123,Jaundice - Kamala Vataja,,Unknown,UNMAPPED,No suitable ICD-11 match found,0.000,No Match,Optimized Semantic Matching,2025-09-04
AY2124,Leucorrhea - Shweta Pradara Pittaja,,Unknown,UNMAPPED,No suitable ICD-11 match found,0.000,No Match,Optimized Semantic Matching,2025-09-04
AY2125,Impotence - Klaibya Kaphaja,,Unknown,UNMAPPED,No suitable ICD-11 match found,0.000,No Match,Optimized Semantic Matching,2025-09-04
AY2126,Gout - Vatarakta Sannipataja,,Unknown,FA25,Gout,0.800,High,Optimized Semantic Matching,2025-09-04
AY2127,Sciatica - Gridhrasi Chronic,,Unknown,ME84.3,sciatica,0.800,High,Optimized Semantic Matching,2025-09-04
AY2128,Vertigo - Bhrama Acute,,Unknown,MB48.0,vertigo,0.800,High,Optimized Semantic Matching,2025-09-04
AY2129,Sinusitis - Dushta Pratishyaya,,Unknown,SC91,Nasal sinusitis disorder (TM1),0.700,High,Optimized Semantic Matching,2025-09-04
AY2130,Bronchitis - Kasa Roga Vataja,,Unknown,CA20,bronchitis,0.800,High,Optimized Semantic Matching,2025-09-04
AY2131,Fever - Jwara Pittaja,,Unknown,1C30.2,Typhus fever due to Rickettsia typhi,0.700,High,Optimized Semantic Matching,2025-09-04
AY2132,Diabetes - Madhumeha Kaphaja,,Unknown,5A11,Type 2 diabetes mellitus,0.700,High,Optimized Semantic Matching,2025-09-04
AY2133,Hypertension - Rakta Gata Vata Sannipataja,,Unknown,MC80.0,"elevated bloodpressure reading, without diagnosis of hypertension",0.700,High,Optimized Semantic Matching,2025-09-04
AY2134,Arthritis - Sandhivata Chronic,,Unknown,2A81.7,Diffuse large Bcell lymphoma associated with Chronic inflammation,0.700,High,Optimized Semantic Matching,2025-09-04
AY2135,Asthma - Tamaka Shwasa Acute,,Unknown,CA23,Asthma,0.800,High,Optimized Semantic Matching,2025-09-04
AY2136,Migraine - Ardhavabhedaka,,Unknown,8A80,Migraine,0.800,High,Optimized Semantic Matching,2025-09-04
AY2137,Depression - Vishada Vataja,,Unknown,UNMAPPED,No suitable ICD-11 match found,0.000,No Match,Optimized Semantic Matching,2025-09-04
AY2138,Gastritis - Amlapitta Pittaja,,Unknown,DA42,Gastritis,0.800,High,Optimized Semantic Matching,2025-09-04
AY2139,Insomnia - Anidra Kaphaja,,Unknown,UNMAPPED,No suitable ICD-11 match found,0.000,No Match,Optimized Semantic Matching,2025-09-04
AY2140,Constipation - Vibandha Sannipataja,,Unknown,ME05.0,constipation,0.800,High,Optimized Semantic Matching,2025-09-04
AY2141,Obesity - Medoroga Chronic,,Unknown,5B81,Obesity,0.800,High,Optimized Semantic Matching,2025-09-04
AY2142,Anemia - Pandu Acute,,Unknown,UNMAPPED,No suitable ICD-11 match found,0.000,No Match,Optimized Semantic Matching,2025-09-04
AY2143,Psoriasis - Kitibha,,Unknown,EA90,Psoriasis,0.800,High,Optimized Semantic Matching,2025-09-04
AY2144,Eczema - Vicharchika Vataja,,Unknown,UNMAPPED,No suitable ICD-11 match found,0.000,No Match,Optimized Semantic Matching,2025-09-04
AY2145,Urticaria - Sheetapitta Pittaja,,Unknown,UNMAPPED,No suitable ICD-11 match found,0.000,No Match,Optimized Semantic Matching,2025-09-04
AY2146,Rheumatism - Amavata Kaphaja,,Unknown,UNMAPPED,No suitable ICD-11 match found,0.000,No Match,Optimized Semantic Matching,2025-09-04
AY2147,Epilepsy - Apasmara Sannipataja,,Unknown,UNMAPPED,No suitable ICD-11 match found,0.000,No Match,Optimized Semantic Matching,2025-09-04
AY2148,Diarrhea - Atisara Chronic,,Unknown,UNMAPPED,No suitable ICD-11 match found,0.000,No Match,Optimized Semantic Matching,2025-09-04
AY2149,Cough - Kasa Acute,,Unknown,MD12,cough,0.800,High,Optimized Semantic Matching,2025-09-04
AY2150,Cold - Pratishyaya,,Unknown,UNMAPPED,No suitable ICD-11 match found,0.000,No Match,Optimized Semantic Matching,2025-09-04
AY2151,Hemorrhoids - Arsha Vataja,,Unknown,UNMAPPED,No suitable ICD-11 match found,0.000,No Match,Optimized Semantic Matching,2025-09-04
AY2152,Urinary Stones - Ashmari Pittaja,,Unknown,UNMAPPED,No suitable ICD-11 match found,0.000,No Match,Optimized Semantic Matching,2025-09-04
AY2153,Jaundice - Kamala Kaphaja,,Unknown,UNMAPPED,No suitable ICD-11 match found,0.000,No Match,Optimized Semantic Matching,2025-09-04
AY2154,Leucorrhea - Shweta Pradara Sannipataja,,Unknown,UNMAPPED,No suitable ICD-11 match found,0.000,No Match,Optimized Semantic Matching,2025-09-04
AY2155,Impotence - Klaibya Chronic,,Unknown,UNMAPPED,No suitable ICD-11 match found,0.000,No Match,Optimized Semantic Matching,2025-09-04
AY2156,Gout - Vatarakta Acute,,Unknown,FA25,Gout,0.800,High,Optimized Semantic Matching,2025-09-04
AY2157,Sciatica - Gridhrasi,,Unknown,ME84.3,sciatica,0.800,High,Optimized Semantic Matching,2025-09-04
AY2158,Vertigo - Bhrama Vataja,,Unknown,MB48.0,vertigo,0.800,High,Optimized Semantic Matching,2025-09-04
AY2159,Sinusitis - Dushta Pratishyaya Pittaja,,Unknown,SC91,Nasal sinusitis disorder (TM1),0.700,High,Optimized Semantic Matching,2025-09-04
AY2160,Bronchitis - Kasa Roga Kaphaja,,Unknown,CA20,bronchitis,0.800,High,Optimized Semantic Matching,2025-09-04
AY2161,Fever - Jwara Sannipataja,,Unknown,1C30.2,Typhus fever due to Rickettsia typhi,0.700,High,Optimized Semantic Matching,2025-09-04
AY2162,Diabetes - Madhumeha Chronic,,Unknown,QA0A.10,special screening examination for diabetes mellitus,0.700,High,Optimized Semantic Matching,2025-09-04
AY2163,Hypertension - Rakta Gata Vata Acute,,Unknown,MC80.0,"elevated bloodpressure reading, without diagnosis of hypertension",0.700,High,Optimized Semantic Matching,2025-09-04
AY2164,Arthritis - Sandhivata,,Unknown,FA20,Rheumatoid arthritis,0.700,High,Optimized Semantic Matching,2025-09-04
AY2165,Asthma - Tamaka Shwasa Vataja,,Unknown,CA23,Asthma,0.800,High,Optimized Semantic Matching,2025-09-04
AY2166,Migraine - Ardhavabhedaka Pittaja,,Unknown,8A80,Migraine,0.800,High,Optimized Semantic Matching,2025-09-04
AY2167,Depression - Vishada Kaphaja,,Unknown,UNMAPPED,No suitable ICD-11 match found,0.000,No Match,Optimized Semantic Matching,2025-09-04
AY2168,Gastritis - Amlapitta Sannipataja,,Unknown,DA42,Gastritis,0.800,High,Optimized Semantic Matching,2025-09-04
AY2169,Insomnia - Anidra Chronic,,Unknown,7A00,Chronic insomnia,0.400,Low,Optimized Semantic Matching,2025-09-04
AY2170,Constipation - Vibandha Acute,,Unknown,ME05.0,constipation,0.800,High,Optimized Semantic Matching,2025-09-04
AY2171,Obesity - Medoroga,,Unknown,5B81,Obesity,0.800,High,Optimized Semantic Matching,2025-09-04
AY2172,Anemia - Pandu Vataja,,Unknown,EF20,Acquired malformations of Cutaneous blood vessels,0.700,High,Optimized Semantic Matching,2025-09-04
AY2173,Psoriasis - Kitibha Pittaja,,Unknown,EA90,Psoriasis,0.800,High,Optimized Semantic Matching,2025-09-04
AY2174,Eczema - Vicharchika Kaphaja,,Unknown,UNMAPPED,No suitable ICD-11 match found,0.000,No Match,Optimized Semantic Matching,2025-09-04
AY2175,Urticaria - Sheetapitta Sannipataja,,Unknown,UNMAPPED,No suitable ICD-11 match found,0.000,No Match,Optimized Semantic Matching,2025-09-04
AY2176,Rheumatism - Amavata Chronic,,Unknown,UNMAPPED,No suitable ICD-11 match found,0.000,No Match,Optimized Semantic Matching,2025-09-04
AY2177,Epilepsy - Apasmara Acute,,Unknown,UNMAPPED,No suitable ICD-11 match found,0.000,No Match,Optimized Semantic Matching,2025-09-04
AY2178,Diarrhea - Atisara,,Unknown,UNMAPPED,No suitable ICD-11 match found,0.000,No Match,Optimized Semantic Matching,2025-09-04
AY2179,Cough - Kasa Vataja,,Unknown,MD12,cough,0.800,High,Optimized Semantic Matching,2025-09-04
AY2180,Cold - Pratishyaya Pittaja,,Unknown,UNMAPPED,No suitable ICD-11 match found,0.000,No Match,Optimized Semantic Matching,2025-09-04
AY2181,Hemorrhoids - Arsha Kaphaja,,Unknown,UNMAPPED,No suitable ICD-11 match found,0.000,No Match,Optimized Semantic Matching,2025-09-04
AY2182,Urinary Stones - Ashmari Sannipataja,,Unknown,UNMAPPED,No suitable ICD-11 match found,0.000,No Match,Optimized Semantic Matching,2025-09-04
AY2183,Jaundice - Kamala Chronic,,Unknown,UNMAPPED,No suitable ICD-11 match found,0.000,No Match,Optimized Semantic Matching,2025-09-04
AY2184,Leucorrhea - Shweta Pradara Acute,,Unknown,UNMAPPED,No suitable ICD-11 match found,0.000,No Match,Optimized Semantic Matching,2025-09-04
AY2185,Impotence - Klaibya,,Unknown,UNMAPPED,No suitable ICD-11 match found,0.000,No Match,Optimized Semantic Matching,2025-09-04
AY2186,Gout - Vatarakta Vataja,,Unknown,FA25,Gout,0.800,High,Optimized Semantic Matching,2025-09-04
AY2187,Sciatica - Gridhrasi Pittaja,,Unknown,ME84.3,sciatica,0.800,High,Optimized Semantic Matching,2025-09-04
AY2188,Vertigo - Bhrama Kaphaja,,Unknown,MB48.0,vertigo,0.800,High,Optimized Semantic Matching,2025-09-04
AY2189,Sinusitis - Dushta Pratishyaya Sannipataja,,Unknown,SC91,Nasal sinusitis disorder (TM1),0.700,High,Optimized Semantic Matching,2025-09-04
AY2190,Bronchitis - Kasa Roga Chronic,,Unknown,CA20,bronchitis,0.800,High,Optimized Semantic Matching,2025-09-04
AY2191,Fever - Jwara Acute,,Unknown,1D2Z,"Dengue fever, unspecified",0.700,High,Optimized Semantic Matching,2025-09-04
AY2192,Diabetes - Madhumeha,,Unknown,5A11,Type 2 diabetes mellitus,0.700,High,Optimized Semantic Matching,2025-09-04
AY2193,Hypertension - Rakta Gata Vata Vataja,,Unknown,MC80.0,"elevated bloodpressure reading, without diagnosis of hypertension",0.700,High,Optimized Semantic Matching,2025-09-04
AY2194,Arthritis - Sandhivata Pittaja,,Unknown,FA20,Rheumatoid arthritis,0.700,High,Optimized Semantic Matching,2025-09-04
AY2195,Asthma - Tamaka Shwasa Kaphaja,,Unknown,CA23,Asthma,0.800,High,Optimized Semantic Matching,2025-09-04
AY2196,Migraine - Ardhavabhedaka Sannipataja,,Unknown,8A80,Migraine,0.800,High,Optimized Semantic Matching,2025-09-04
AY2197,Depression - Vishada Chronic,,Unknown,UNMAPPED,No suitable ICD-11 match found,0.000,No Match,Optimized Semantic Matching,2025-09-04
AY2198,Gastritis - Amlapitta Acute,,Unknown,DA42,Gastritis,0.800,High,Optimized Semantic Matching,2025-09-04
AY2199,Insomnia - Anidra,,Unknown,UNMAPPED,No suitable ICD-11 match found,0.000,No Match,Optimized Semantic Matching,2025-09-04
AY2200,Constipation - Vibandha Vataja,,Unknown,ME05.0,constipation,0.800,High,Optimized Semantic Matching,2025-09-04
AY2201,Obesity - Medoroga Pittaja,,Unknown,5B81,Obesity,0.800,High,Optimized Semantic Matching,2025-09-04
AY2202,Anemia - Pandu Kaphaja,,Unknown,EF20,Acquired malformations of Cutaneous blood vessels,0.700,High,Optimized Semantic Matching,2025-09-04
AY2203,Psoriasis - Kitibha Sannipataja,,Unknown,EA90,Psoriasis,0.800,High,Optimized Semantic Matching,2025-09-04
AY2204,Eczema - Vicharchika Chronic,,Unknown,UNMAPPED,No suitable ICD-11 match found,0.000,No Match,Optimized Semantic Matching,2025-09-04
AY2205,Urticaria - Sheetapitta Acute,,Unknown,EB00.0,Acute Urticaria,0.400,Low,Optimized Semantic Matching,2025-09-04
AY2206,Rheumatism - Amavata,,Unknown,UNMAPPED,No suitable ICD-11 match found,0.000,No Match,Optimized Semantic Matching,2025-09-04
AY2207,Epilepsy - Apasmara Vataja,,Unknown,UNMAPPED,No suitable ICD-11 match found,0.000,No Match,Optimized Semantic Matching,2025-09-04
AY2208,Diarrhea - Atisara Pittaja,,Unknown,UNMAPPED,No suitable ICD-11 match found,0.000,No Match,Optimized Semantic Matching,2025-09-04
AY2209,Cough - Kasa Kaphaja,,Unknown,MD12,cough,0.800,High,Optimized Semantic Matching,2025-09-04
AY2210,Cold - Pratishyaya Sannipataja,,Unknown,UNMAPPED,No suitable ICD-11 match found,0.000,No Match,Optimized Semantic Matching,2025-09-04
AY2211,Hemorrhoids - Arsha Chronic,,Unknown,UNMAPPED,No suitable ICD-11 match found,0.000,No Match,Optimized Semantic Matching,2025-09-04
AY2212,Urinary Stones - Ashmari Acute,,Unknown,UNMAPPED,No suitable ICD-11 match found,0.000,No Match,Optimized Semantic Matching,2025-09-04
AY2213,Jaundice - Kamala,,Unknown,UNMAPPED,No suitable ICD-11 match found,0.000,No Match,Optimized Semantic Matching,2025-09-04
AY2214,Leucorrhea - Shweta Pradara Vataja,,Unknown,UNMAPPED,No suitable ICD-11 match found,0.000,No Match,Optimized Semantic Matching,2025-09-04
AY2215,Impotence - Klaibya Pittaja,,Unknown,UNMAPPED,No suitable ICD-11 match found,0.000,No Match,Optimized Semantic Matching,2025-09-04
AY2216,Gout - Vatarakta Kaphaja,,Unknown,FA25,Gout,0.800,High,Optimized Semantic Matching,2025-09-04
AY2217,Sciatica - Gridhrasi Sannipataja,,Unknown,ME84.3,sciatica,0.800,High,Optimized Semantic Matching,2025-09-04
AY2218,Vertigo - Bhrama Chronic,,Unknown,MB48.0,vertigo,0.800,High,Optimized Semantic Matching,2025-09-04
AY2219,Sinusitis - Dushta Pratishyaya Acute,,Unknown,1E91.41,Acute herpetic geniculate ganglionitis,0.700,High,Optimized Semantic Matching,2025-09-04
AY2220,Bronchitis - Kasa Roga,,Unknown,CA20,bronchitis,0.800,High,Optimized Semantic Matching,2025-09-04
AY2221,Fever - Jwara Vataja,,Unknown,1C30.2,Typhus fever due to Rickettsia typhi,0.700,High,Optimized Semantic Matching,2025-09-04
AY2222,Diabetes - Madhumeha Pittaja,,Unknown,5A11,Type 2 diabetes mellitus,0.700,High,Optimized Semantic Matching,2025-09-04
AY2223,Hypertension - Rakta Gata Vata Kaphaja,,Unknown,MC80.0,"elevated bloodpressure reading, without diagnosis of hypertension",0.700,High,Optimized Semantic Matching,2025-09-04
AY2224,Arthritis - Sandhivata Sannipataja,,Unknown,FA20,Rheumatoid arthritis,0.700,High,Optimized Semantic Matching,2025-09-04
AY2225,Asthma - Tamaka Shwasa Chronic,,Unknown,CA23,Asthma,0.800,High,Optimized Semantic Matching,2025-09-04
AY2226,Migraine - Ardhavabhedaka Acute,,Unknown,8A80,Migraine,0.800,High,Optimized Semantic Matching,2025-09-04
AY2227,Depression - Vishada,,Unknown,UNMAPPED,No suitable ICD-11 match found,0.000,No Match,Optimized Semantic Matching,2025-09-04
AY2228,Gastritis - Amlapitta Vataja,,Unknown,DA42,Gastritis,0.800,High,Optimized Semantic Matching,2025-09-04
AY2229,Insomnia - Anidra Pittaja,,Unknown,UNMAPPED,No suitable ICD-11 match found,0.000,No Match,Optimized Semantic Matching,2025-09-04
AY2230,Constipation - Vibandha Kaphaja,,Unknown,ME05.0,constipation,0.800,High,Optimized Semantic Matching,2025-09-04
AY2231,Obesity - Medoroga Sannipataja,,Unknown,5B81,Obesity,0.800,High,Optimized Semantic Matching,2025-09-04
AY2232,Anemia - Pandu Chronic,,Unknown,UNMAPPED,No suitable ICD-11 match found,0.000,No Match,Optimized Semantic Matching,2025-09-04
AY2233,Psoriasis - Kitibha Acute,,Unknown,EA90,Psoriasis,0.800,High,Optimized Semantic Matching,2025-09-04
AY2234,Eczema - Vicharchika,,Unknown,UNMAPPED,No suitable ICD-11 match found,0.000,No Match,Optimized Semantic Matching,2025-09-04
AY2235,Urticaria - Sheetapitta Vataja,,Unknown,UNMAPPED,No suitable ICD-11 match found,0.000,No Match,Optimized Semantic Matching,2025-09-04
AY2236,Rheumatism - Amavata Pittaja,,Unknown,UNMAPPED,No suitable ICD-11 match found,0.000,No Match,Optimized Semantic Matching,2025-09-04
AY2237,Epilepsy - Apasmara Kaphaja,,Unknown,UNMAPPED,No suitable ICD-11 match found,0.000,No Match,Optimized Semantic Matching,2025-09-04
AY2238,Diarrhea - Atisara Sannipataja,,Unknown,UNMAPPED,No suitable ICD-11 match found,0.000,No Match,Optimized Semantic Matching,2025-09-04
AY2239,Cough - Kasa Chronic,,Unknown,MD12,cough,0.800,High,Optimized Semantic Matching,2025-09-04
AY2240,Cold - Pratishyaya Acute,,Unknown,UNMAPPED,No suitable ICD-11 match found,0.000,No Match,Optimized Semantic Matching,2025-09-04
AY2241,Hemorrhoids - Arsha,,Unknown,UNMAPPED,No suitable ICD-11 match found,0.000,No Match,Optimized Semantic Matching,2025-09-04
AY2242,Urinary Stones - Ashmari Vataja,,Unknown,UNMAPPED,No suitable ICD-11 match found,0.000,No Match,Optimized Semantic Matching,2025-09-04
AY2243,Jaundice - Kamala Pittaja,,Unknown,UNMAPPED,No suitable ICD-11 match found,0.000,No Match,Optimized Semantic Matching,2025-09-04
AY2244,Leucorrhea - Shweta Pradara Kaphaja,,Unknown,UNMAPPED,No suitable ICD-11 match found,0.000,No Match,Optimized Semantic Matching,2025-09-04
AY2245,Impotence - Klaibya Sannipataja,,Unknown,UNMAPPED,No suitable ICD-11 match found,0.000,No Match,Optimized Semantic Matching,2025-09-04
AY2246,Gout - Vatarakta Chronic,,Unknown,FA25,Gout,0.800,High,Optimized Semantic Matching,2025-09-04
AY2247,Sciatica - Gridhrasi Acute,,Unknown,ME84.3,sciatica,0.800,High,Optimized Semantic Matching,2025-09-04
AY2248,Vertigo - Bhrama,,Unknown,MB48.0,vertigo,0.800,High,Optimized Semantic Matching,2025-09-04
AY2249,Sinusitis - Dushta Pratishyaya Vataja,,Unknown,SC91,Nasal sinusitis disorder (TM1),0.700,High,Optimized Semantic Matching,2025-09-04
AY2250,Bronchitis - Kasa Roga Pittaja,,Unknown,CA20,bronchitis,0.800,High,Optimized Semantic Matching,2025-09-04
AY2251,Fever - Jwara Kaphaja,,Unknown,1C30.2,Typhus fever due to Rickettsia typhi,0.700,High,Optimized Semantic Matching,2025-09-04
AY2252,Diabetes - Madhumeha Sannipataja,,Unknown,5A11,Type 2 diabetes mellitus,0.700,High,Optimized Semantic Matching,2025-09-04
AY2253,Hypertension - Rakta Gata Vata Chronic,,Unknown,MC80.0,"elevated bloodpressure reading, without diagnosis of hypertension",0.700,High,Optimized Semantic Matching,2025-09-04
AY2254,Arthritis - Sandhivata Acute,,Unknown,1B41.1Z,"Acute rheumatic endocarditis, unspecified",0.700,High,Optimized Semantic Matching,2025-09-04
AY2255,Asthma - Tamaka Shwasa,,Unknown,CA23,Asthma,0.800,High,Optimized Semantic Matching,2025-09-04
AY2256,Migraine - Ardhavabhedaka Vataja,,Unknown,8A80,Migraine,0.800,High,Optimized Semantic Matching,2025-09-04
AY2257,Depression - Vishada Pittaja,,Unknown,UNMAPPED,No suitable ICD-11 match found,0.000,No Match,Optimized Semantic Matching,2025-09-04
AY2258,Gastritis - Amlapitta Kaphaja,,Unknown,DA42,Gastritis,0.800,High,Optimized Semantic Matching,2025-09-04
AY2259,Insomnia - Anidra Sannipataja,,Unknown,UNMAPPED,No suitable ICD-11 match found,0.000,No Match,Optimized Semantic Matching,2025-09-04
AY2260,Constipation - Vibandha Chronic,,Unknown,ME05.0,constipation,0.800,High,Optimized Semantic Matching,2025-09-04
AY2261,Obesity - Medoroga Acute,,Unknown,5B81,Obesity,0.800,High,Optimized Semantic Matching,2025-09-04
AY2262,Anemia - Pandu,,Unknown,EF20,Acquired malformations of Cutaneous blood vessels,0.700,High,Optimized Semantic Matching,2025-09-04
AY2263,Psoriasis - Kitibha Vataja,,Unknown,EA90,Psoriasis,0.800,High,Optimized Semantic Matching,2025-09-04
AY2264,Eczema - Vicharchika Pittaja,,Unknown,UNMAPPED,No suitable ICD-11 match found,0.000,No Match,Optimized Semantic Matching,2025-09-04
AY2265,Urticaria - Sheetapitta Kaphaja,,Unknown,UNMAPPED,No suitable ICD-11 match found,0.000,No Match,Optimized Semantic Matching,2025-09-04
AY2266,Rheumatism - Amavata Sannipataja,,Unknown,UNMAPPED,No suitable ICD-11 match found,0.000,No Match,Optimized Semantic Matching,2025-09-04
AY2267,Epilepsy - Apasmara Chronic,,Unknown,UNMAPPED,No suitable ICD-11 match found,0.000,No Match,Optimized Semantic Matching,2025-09-04
AY2268,Diarrhea - Atisara Acute,,Unknown,UNMAPPED,No suitable ICD-11 match found,0.000,No Match,Optimized Semantic Matching,2025-09-04
AY2269,Cough - Kasa,,Unknown,MD12,cough,0.800,High,Optimized Semantic Matching,2025-09-04
AY2270,Cold - Pratishyaya Vataja,,Unknown,UNMAPPED,No suitable ICD-11 match found,0.000,No Match,Optimized Semantic Matching,2025-09-04
AY2271,Hemorrhoids - Arsha Pittaja,,Unknown,UNMAPPED,No suitable ICD-11 match found,0.000,No Match,Optimized Semantic Matching,2025-09-04
AY2272,Urinary Stones - Ashmari Kaphaja,,Unknown,UNMAPPED,No suitable ICD-11 match found,0.000,No Match,Optimized Semantic Matching,2025-09-04
AY2273,Jaundice - Kamala Sannipataja,,Unknown,UNMAPPED,No suitable ICD-11 match found,0.000,No Match,Optimized Semantic Matching,2025-09-04
AY2274,Leucorrhea - Shweta Pradara Chronic,,Unknown,UNMAPPED,No suitable ICD-11 match found,0.000,No Match,Optimized Semantic Matching,2025-09-04
AY2275,Impotence - Klaibya Acute,,Unknown,UNMAPPED,No suitable ICD-11 match found,0.000,No Match,Optimized Semantic Matching,2025-09-04
AY2276,Gout - Vatarakta,,Unknown,FA25,Gout,0.800,High,Optimized Semantic Matching,2025-09-04
AY2277,Sciatica - Gridhrasi Vataja,,Unknown,ME84.3,sciatica,0.800,High,Optimized Semantic Matching,2025-09-04
AY2278,Vertigo - Bhrama Pittaja,,Unknown,MB48.0,vertigo,0.800,High,Optimized Semantic Matching,2025-09-04
AY2279,Sinusitis - Dushta Pratishyaya Kaphaja,,Unknown,SC91,Nasal sinusitis disorder (TM1),0.700,High,Optimized Semantic Matching,2025-09-04
AY2280,Bronchitis - Kasa Roga Sannipataja,,Unknown,CA20,bronchitis,0.800,High,Optimized Semantic Matching,2025-09-04
AY2281,Fever - Jwara Chronic,,Unknown,1D2Z,"Dengue fever, unspecified",0.700,High,Optimized Semantic Matching,2025-09-04
AY2282,Diabetes - Madhumeha Acute,,Unknown,QA0A.10,special screening examination for diabetes mellitus,0.700,High,Optimized Semantic Matching,2025-09-04
AY2283,Hypertension - Rakta Gata Vata,,Unknown,MC80.0,"elevated bloodpressure reading, without diagnosis of hypertension",0.700,High,Optimized Semantic Matching,2025-09-04
AY2284,Arthritis - Sandhivata Vataja,,Unknown,FA20,Rheumatoid arthritis,0.700,High,Optimized Semantic Matching,2025-09-04
AY2285,Asthma - Tamaka Shwasa Pittaja,,Unknown,CA23,Asthma,0.800,High,Optimized Semantic Matching,2025-09-04
AY2286,Migraine - Ardhavabhedaka Kaphaja,,Unknown,8A80,Migraine,0.800,High,Optimized Semantic Matching,2025-09-04
AY2287,Depression - Vishada Sannipataja,,Unknown,UNMAPPED,No suitable ICD-11 match found,0.000,No Match,Optimized Semantic Matching,2025-09-04
AY2288,Gastritis - Amlapitta Chronic,,Unknown,DA42,Gastritis,0.800,High,Optimized Semantic Matching,2025-09-04
AY2289,Insomnia - Anidra Acute,,Unknown,UNMAPPED,No suitable ICD-11 match found,0.000,No Match,Optimized Semantic Matching,2025-09-04
AY2290,Constipation - Vibandha,,Unknown,ME05.0,constipation,0.800,High,Optimized Semantic Matching,2025-09-04
AY2291,Obesity - Medoroga Vataja,,Unknown,5B81,Obesity,0.800,High,Optimized Semantic Matching,2025-09-04
AY2292,Anemia - Pandu Pittaja,,Unknown,EF20,Acquired malformations of Cutaneous blood vessels,0.700,High,Optimized Semantic Matching,2025-09-04
AY2293,Psoriasis - Kitibha Kaphaja,,Unknown,EA90,Psoriasis,0.800,High,Optimized Semantic Matching,2025-09-04
AY2294,Eczema - Vicharchika Sannipataja,,Unknown,UNMAPPED,No suitable ICD-11 match found,0.000,No Match,Optimized Semantic Matching,2025-09-04
AY2295,Urticaria - Sheetapitta Chronic,,Unknown,EB00.1,Chronic Urticaria,0.400,Low,Optimized Semantic Matching,2025-09-04
AY2296,Rheumatism - Amavata Acute,,Unknown,UNMAPPED,No suitable ICD-11 match found,0.000,No Match,Optimized Semantic Matching,2025-09-04
AY2297,Epilepsy - Apasmara,,Unknown,UNMAPPED,No suitable ICD-11 match found,0.000,No Match,Optimized Semantic Matching,2025-09-04
AY2298,Diarrhea - Atisara Vataja,,Unknown,UNMAPPED,No suitable ICD-11 match found,0.000,No Match,Optimized Semantic Matching,2025-09-04
AY2299,Cough - Kasa Pittaja,,Unknown,MD12,cough,0.800,High,Optimized Semantic Matching,2025-09-04
AY2300,Cold - Pratishyaya Kaphaja,,Unknown,UNMAPPED,No suitable ICD-11 match found,0.000,No Match,Optimized Semantic Matching,2025-09-04
AY2301,Hemorrhoids - Arsha Sannipataja,,Unknown,UNMAPPED,No suitable ICD-11 match found,0.000,No Match,Optimized Semantic Matching,2025-09-04
AY2302,Urinary Stones - Ashmari Chronic,,Unknown,UNMAPPED,No suitable ICD-11 match found,0.000,No Match,Optimized Semantic Matching,2025-09-04
AY2303,Jaundice - Kamala Acute,,Unknown,UNMAPPED,No suitable ICD-11 match found,0.000,No Match,Optimized Semantic Matching,2025-09-04
AY2304,Leucorrhea - Shweta Pradara,,Unknown,UNMAPPED,No suitable ICD-11 match found,0.000,No Match,Optimized Semantic Matching,2025-09-04
AY2305,Impotence - Klaibya Vataja,,Unknown,UNMAPPED,No suitable ICD-11 match found,0.000,No Match,Optimized Semantic Matching,2025-09-04
AY2306,Gout - Vatarakta Pittaja,,Unknown,FA25,Gout,0.800,High,Optimized Semantic Matching,2025-09-04
AY2307,Sciatica - Gridhrasi Kaphaja,,Unknown,ME84.3,sciatica,0.800,High,Optimized Semantic Matching,2025-09-04
AY2308,Vertigo - Bhrama Sannipataja,,Unknown,MB48.0,vertigo,0.800,High,Optimized Semantic Matching,2025-09-04
AY2309,Sinusitis - Dushta Pratishyaya Chronic,,Unknown,2A81.7,Diffuse large Bcell lymphoma associated with Chronic inflammation,0.700,High,Optimized Semantic Matching,2025-09-04
AY2310,Bronchitis - Kasa Roga Acute,,Unknown,CA20,bronchitis,0.800,High,Optimized Semantic Matching,2025-09-04
AY2311,Fever - Jwara,,Unknown,1C30.2,Typhus fever due to Rickettsia typhi,0.700,High,Optimized Semantic Matching,2025-09-04
AY2312,Diabetes - Madhumeha Vataja,,Unknown,5A11,Type 2 diabetes mellitus,0.700,High,Optimized Semantic Matching,2025-09-04
AY2313,Hypertension - Rakta Gata Vata Pittaja,,Unknown,MC80.0,"elevated bloodpressure reading, without diagnosis of hypertension",0.700,High,Optimized Semantic Matching,2025-09-04
AY2314,Arthritis - Sandhivata Kaphaja,,Unknown,FA20,Rheumatoid arthritis,0.700,High,Optimized Semantic Matching,2025-09-04
AY2315,Asthma - Tamaka Shwasa Sannipataja,,Unknown,CA23,Asthma,0.800,High,Optimized Semantic Matching,2025-09-04
AY2316,Migraine - Ardhavabhedaka Chronic,,Unknown,8A80,Migraine,0.800,High,Optimized Semantic Matching,2025-09-04
AY2317,Depression - Vishada Acute,,Unknown,UNMAPPED,No suitable ICD-11 match found,0.000,No Match,Optimized Semantic Matching,2025-09-04
AY2318,Gastritis - Amlapitta,,Unknown,DA42,Gastritis,0.800,High,Optimized Semantic Matching,2025-09-04
AY2319,Insomnia - Anidra Vataja,,Unknown,UNMAPPED,No suitable ICD-11 match found,0.000,No Match,Optimized Semantic Matching,2025-09-04
AY2320,Constipation - Vibandha Pittaja,,Unknown,ME05.0,constipation,0.800,High,Optimized Semantic Matching,2025-09-04
AY2321,Obesity - Medoroga Kaphaja,,Unknown,5B81,Obesity,0.800,High,Optimized Semantic Matching,2025-09-04
AY2322,Anemia - Pandu Sannipataja,,Unknown,EF20,Acquired malformations of Cutaneous blood vessels,0.700,High,Optimized Semantic Matching,2025-09-04
AY2323,Psoriasis - Kitibha Chronic,,Unknown,EA90,Psoriasis,0.800,High,Optimized Semantic Matching,2025-09-04
AY2324,Eczema - Vicharchika Acute,,Unknown,UNMAPPED,No suitable ICD-11 match found,0.000,No Match,Optimized Semantic Matching,2025-09-04
AY2325,Urticaria - Sheetapitta,,Unknown,UNMAPPED,No suitable ICD-11 match found,0.000,No Match,Optimized Semantic Matching,2025-09-04
AY2326,Rheumatism - Amavata Vataja,,Unknown,UNMAPPED,No suitable ICD-11 match found,0.000,No Match,Optimized Semantic Matching,2025-09-04
AY2327,Epilepsy - Apasmara Pittaja,,Unknown,UNMAPPED,No suitable ICD-11 match found,0.000,No Match,Optimized Semantic Matching,2025-09-04
AY2328,Diarrhea - Atisara Kaphaja,,Unknown,UNMAPPED,No suitable ICD-11 match found,0.000,No Match,Optimized Semantic Matching,2025-09-04
AY2329,Cough - Kasa Sannipataja,,Unknown,MD12,cough,0.800,High,Optimized Semantic Matching,2025-09-04
AY2330,Cold - Pratishyaya Chronic,,Unknown,UNMAPPED,No suitable ICD-11 match found,0.000,No Match,Optimized Semantic Matching,2025-09-04
AY2331,Hemorrhoids - Arsha Acute,,Unknown,UNMAPPED,No suitable ICD-11 match found,0.000,No Match,Optimized Semantic Matching,2025-09-04
AY2332,Urinary Stones - Ashmari,,Unknown,UNMAPPED,No suitable ICD-11 match found,0.000,No Match,Optimized Semantic Matching,2025-09-04
AY2333,Jaundice - Kamala Vataja,,Unknown,UNMAPPED,No suitable ICD-11 match found,0.000,No Match,Optimized Semantic Matching,2025-09-04
AY2334,Leucorrhea - Shweta Pradara Pittaja,,Unknown,UNMAPPED,No suitable ICD-11 match found,0.000,No Match,Optimized Semantic Matching,2025-09-04
AY2335,Impotence - Klaibya Kaphaja,,Unknown,UNMAPPED,No suitable ICD-11 match found,0.000,No Match,Optimized Semantic Matching,2025-09-04
AY2336,Gout - Vatarakta Sannipataja,,Unknown,FA25,Gout,0.800,High,Optimized Semantic Matching,2025-09-04
AY2337,Sciatica - Gridhrasi Chronic,,Unknown,ME84.3,sciatica,0.800,High,Optimized Semantic Matching,2025-09-04
AY2338,Vertigo - Bhrama Acute,,Unknown,MB48.0,vertigo,0.800,High,Optimized Semantic Matching,2025-09-04
AY2339,Sinusitis - Dushta Pratishyaya,,Unknown,SC91,Nasal sinusitis disorder (TM1),0.700,High,Optimized Semantic Matching,2025-09-04
AY2340,Bronchitis - Kasa Roga Vataja,,Unknown,CA20,bronchitis,0.800,High,Optimized Semantic Matching,2025-09-04
AY2341,Fever - Jwara Pittaja,,Unknown,1C30.2,Typhus fever due to Rickettsia typhi,0.700,High,Optimized Semantic Matching,2025-09-04
AY2342,Diabetes - Madhumeha Kaphaja,,Unknown,5A11,Type 2 diabetes mellitus,0.700,High,Optimized Semantic Matching,2025-09-04
AY2343,Hypertension - Rakta Gata Vata Sannipataja,,Unknown,MC80.0,"elevated bloodpressure reading, without diagnosis of hypertension",0.700,High,Optimized Semantic Matching,2025-09-04
AY2344,Arthritis - Sandhivata Chronic,,Unknown,2A81.7,Diffuse large Bcell lymphoma associated with Chronic inflammation,0.700,High,Optimized Semantic Matching,2025-09-04
AY2345,Asthma - Tamaka Shwasa Acute,,Unknown,CA23,Asthma,0.800,High,Optimized Semantic Matching,2025-09-04
AY2346,Migraine - Ardhavabhedaka,,Unknown,8A80,Migraine,0.800,High,Optimized Semantic Matching,2025-09-04
AY2347,Depression - Vishada Vataja,,Unknown,UNMAPPED,No suitable ICD-11 match found,0.000,No Match,Optimized Semantic Matching,2025-09-04
AY2348,Gastritis - Amlapitta Pittaja,,Unknown,DA42,Gastritis,0.800,High,Optimized Semantic Matching,2025-09-04
AY2349,Insomnia - Anidra Kaphaja,,Unknown,UNMAPPED,No suitable ICD-11 match found,0.000,No Match,Optimized Semantic Matching,2025-09-04
AY2350,Constipation - Vibandha Sannipataja,,Unknown,ME05.0,constipation,0.800,High,Optimized Semantic Matching,2025-09-04
AY2351,Obesity - Medoroga Chronic,,Unknown,5B81,Obesity,0.800,High,Optimized Semantic Matching,2025-09-04
AY2352,Anemia - Pandu Acute,,Unknown,UNMAPPED,No suitable ICD-11 match found,0.000,No Match,Optimized Semantic Matching,2025-09-04
AY2353,Psoriasis - Kitibha,,Unknown,EA90,Psoriasis,0.800,High,Optimized Semantic Matching,2025-09-04
AY2354,Eczema - Vicharchika Vataja,,Unknown,UNMAPPED,No suitable ICD-11 match found,0.000,No Match,Optimized Semantic Matching,2025-09-04
AY2355,Urticaria - Sheetapitta Pittaja,,Unknown,UNMAPPED,No suitable ICD-11 match found,0.000,No Match,Optimized Semantic Matching,2025-09-04
AY2356,Rheumatism - Amavata Kaphaja,,Unknown,UNMAPPED,No suitable ICD-11 match found,0.000,No Match,Optimized Semantic Matching,2025-09-04
AY2357,Epilepsy - Apasmara Sannipataja,,Unknown,UNMAPPED,No suitable ICD-11 match found,0.000,No Match,Optimized Semantic Matching,2025-09-04
AY2358,Diarrhea - Atisara Chronic,,Unknown,UNMAPPED,No suitable ICD-11 match found,0.000,No Match,Optimized Semantic Matching,2025-09-04
AY2359,Cough - Kasa Acute,,Unknown,MD12,cough,0.800,High,Optimized Semantic Matching,2025-09-04
AY2360,Cold - Pratishyaya,,Unknown,UNMAPPED,No suitable ICD-11 match found,0.000,No Match,Optimized Semantic Matching,2025-09-04
AY2361,Hemorrhoids - Arsha Vataja,,Unknown,UNMAPPED,No suitable ICD-11 match found,0.000,No Match,Optimized Semantic Matching,2025-09-04
AY2362,Urinary Stones - Ashmari Pittaja,,Unknown,UNMAPPED,No suitable ICD-11 match found,0.000,No Match,Optimized Semantic Matching,2025-09-04
AY2363,Jaundice - Kamala Kaphaja,,Unknown,UNMAPPED,No suitable ICD-11 match found,0.000,No Match,Optimized Semantic Matching,2025-09-04
AY2364,Leucorrhea - Shweta Pradara Sannipataja,,Unknown,UNMAPPED,No suitable ICD-11 match found,0.000,No Match,Optimized Semantic Matching,2025-09-04
AY2365,Impotence - Klaibya Chronic,,Unknown,UNMAPPED,No suitable ICD-11 match found,0.000,No Match,Optimized Semantic Matching,2025-09-04
AY2366,Gout - Vatarakta Acute,,Unknown,FA25,Gout,0.800,High,Optimized Semantic Matching,2025-09-04
AY2367,Sciatica - Gridhrasi,,Unknown,ME84.3,sciatica,0.800,High,Optimized Semantic Matching,2025-09-04
AY2368,Vertigo - Bhrama Vataja,,Unknown,MB48.0,vertigo,0.800,High,Optimized Semantic Matching,2025-09-04
AY2369,Sinusitis - Dushta Pratishyaya Pittaja,,Unknown,SC91,Nasal sinusitis disorder (TM1),0.700,High,Optimized Semantic Matching,2025-09-04
AY2370,Bronchitis - Kasa Roga Kaphaja,,Unknown,CA20,bronchitis,0.800,High,Optimized Semantic Matching,2025-09-04
AY2371,Fever - Jwara Sannipataja,,Unknown,1C30.2,Typhus fever due to Rickettsia typhi,0.700,High,Optimized Semantic Matching,2025-09-04
AY2372,Diabetes - Madhumeha Chronic,,Unknown,QA0A.10,special screening examination for diabetes mellitus,0.700,High,Optimized Semantic Matching,2025-09-04
AY2373,Hypertension - Rakta Gata Vata Acute,,Unknown,MC80.0,"elevated bloodpressure reading, without diagnosis of hypertension",0.700,High,Optimized Semantic Matching,2025-09-04
AY2374,Arthritis - Sandhivata,,Unknown,FA20,Rheumatoid arthritis,0.700,High,Optimized Semantic Matching,2025-09-04
AY2375,Asthma - Tamaka Shwasa Vataja,,Unknown,CA23,Asthma,0.800,High,Optimized Semantic Matching,2025-09-04
AY2376,Migraine - Ardhavabhedaka Pittaja,,Unknown,8A80,Migraine,0.800,High,Optimized Semantic Matching,2025-09-04
AY2377,Depression - Vishada Kaphaja,,Unknown,UNMAPPED,No suitable ICD-11 match found,0.000,No Match,Optimized Semantic Matching,2025-09-04
AY2378,Gastritis - Amlapitta Sannipataja,,Unknown,DA42,Gastritis,0.800,High,Optimized Semantic Matching,2025-09-04
AY2379,Insomnia - Anidra Chronic,,Unknown,7A00,Chronic insomnia,0.400,Low,Optimized Semantic Matching,2025-09-04
AY2380,Constipation - Vibandha Acute,,Unknown,ME05.0,constipation,0.800,High,Optimized Semantic Matching,2025-09-04
AY2381,Obesity - Medoroga,,Unknown,5B81,Obesity,0.800,High,Optimized Semantic Matching,2025-09-04
AY2382,Anemia - Pandu Vataja,,Unknown,EF20,Acquired malformations of Cutaneous blood vessels,0.700,High,Optimized Semantic Matching,2025-09-04
AY2383,Psoriasis - Kitibha Pittaja,,Unknown,EA90,Psoriasis,0.800,High,Optimized Semantic Matching,2025-09-04
AY2384,Eczema - Vicharchika Kaphaja,,Unknown,UNMAPPED,No suitable ICD-11 match found,0.000,No Match,Optimized Semantic Matching,2025-09-04
AY2385,Urticaria - Sheetapitta Sannipataja,,Unknown,UNMAPPED,No suitable ICD-11 match found,0.000,No Match,Optimized Semantic Matching,2025-09-04
AY2386,Rheumatism - Amavata Chronic,,Unknown,UNMAPPED,No suitable ICD-11 match found,0.000,No Match,Optimized Semantic Matching,2025-09-04
AY2387,Epilepsy - Apasmara Acute,,Unknown,UNMAPPED,No suitable ICD-11 match found,0.000,No Match,Optimized Semantic Matching,2025-09-04
AY2388,Diarrhea - Atisara,,Unknown,UNMAPPED,No suitable ICD-11 match found,0.000,No Match,Optimized Semantic Matching,2025-09-04
AY2389,Cough - Kasa Vataja,,Unknown,MD12,cough,0.800,High,Optimized Semantic Matching,2025-09-04
AY2390,Cold - Pratishyaya Pittaja,,Unknown,UNMAPPED,No suitable ICD-11 match found,0.000,No Match,Optimized Semantic Matching,2025-09-04
AY2391,Hemorrhoids - Arsha Kaphaja,,Unknown,UNMAPPED,No suitable ICD-11 match found,0.000,No Match,Optimized Semantic Matching,2025-09-04
AY2392,Urinary Stones - Ashmari Sannipataja,,Unknown,UNMAPPED,No suitable ICD-11 match found,0.000,No Match,Optimized Semantic Matching,2025-09-04
AY2393,Jaundice - Kamala Chronic,,Unknown,UNMAPPED,No suitable ICD-11 match found,0.000,No Match,Optimized Semantic Matching,2025-09-04
AY2394,Leucorrhea - Shweta Pradara Acute,,Unknown,UNMAPPED,No suitable ICD-11 match found,0.000,No Match,Optimized Semantic Matching,2025-09-04
AY2395,Impotence - Klaibya,,Unknown,UNMAPPED,No suitable ICD-11 match found,0.000,No Match,Optimized Semantic Matching,2025-09-04
AY2396,Gout - Vatarakta Vataja,,Unknown,FA25,Gout,0.800,High,Optimized Semantic Matching,2025-09-04
AY2397,Sciatica - Gridhrasi Pittaja,,Unknown,ME84.3,sciatica,0.800,High,Optimized Semantic Matching,2025-09-04
AY2398,Vertigo - Bhrama Kaphaja,,Unknown,MB48.0,vertigo,0.800,High,Optimized Semantic Matching,2025-09-04
AY2399,Sinusitis - Dushta Pratishyaya Sannipataja,,Unknown,SC91,Nasal sinusitis disorder (TM1),0.700,High,Optimized Semantic Matching,2025-09-04
AY2400,Bronchitis - Kasa Roga Chronic,,Unknown,CA20,bronchitis,0.800,High,Optimized Semantic Matching,2025-09-04
AY2401,Fever - Jwara Acute,,Unknown,1D2Z,"Dengue fever, unspecified",0.700,High,Optimized Semantic Matching,2025-09-04
AY2402,Diabetes - Madhumeha,,Unknown,5A11,Type 2 diabetes mellitus,0.700,High,Optimized Semantic Matching,2025-09-04
AY2403,Hypertension - Rakta Gata Vata Vataja,,Unknown,MC80.0,"elevated bloodpressure reading, without diagnosis of hypertension",0.700,High,Optimized Semantic Matching,2025-09-04
AY2404,Arthritis - Sandhivata Pittaja,,Unknown,FA20,Rheumatoid arthritis,0.700,High,Optimized Semantic Matching,2025-09-04
AY2405,Asthma - Tamaka Shwasa Kaphaja,,Unknown,CA23,Asthma,0.800,High,Optimized Semantic Matching,2025-09-04
AY2406,Migraine - Ardhavabhedaka Sannipataja,,Unknown,8A80,Migraine,0.800,High,Optimized Semantic Matching,2025-09-04
AY2407,Depression - Vishada Chronic,,Unknown,UNMAPPED,No suitable ICD-11 match found,0.000,No Match,Optimized Semantic Matching,2025-09-04
AY2408,Gastritis - Amlapitta Acute,,Unknown,DA42,Gastritis,0.800,High,Optimized Semantic Matching,2025-09-04
AY2409,Insomnia - Anidra,,Unknown,UNMAPPED,No suitable ICD-11 match found,0.000,No Match,Optimized Semantic Matching,2025-09-04
AY2410,Constipation - Vibandha Vataja,,Unknown,ME05.0,constipation,0.800,High,Optimized Semantic Matching,2025-09-04
AY2411,Obesity - Medoroga Pittaja,,Unknown,5B81,Obesity,0.800,High,Optimized Semantic Matching,2025-09-04
AY2412,Anemia - Pandu Kaphaja,,Unknown,EF20,Acquired malformations of Cutaneous blood vessels,0.700,High,Optimized Semantic Matching,2025-09-04
AY2413,Psoriasis - Kitibha Sannipataja,,Unknown,EA90,Psoriasis,0.800,High,Optimized Semantic Matching,2025-09-04
AY2414,Eczema - Vicharchika Chronic,,Unknown,UNMAPPED,No suitable ICD-11 match found,0.000,No Match,Optimized Semantic Matching,2025-09-04
AY2415,Urticaria - Sheetapitta Acute,,Unknown,EB00.0,Acute Urticaria,0.400,Low,Optimized Semantic Matching,2025-09-04
AY2416,Rheumatism - Amavata,,Unknown,UNMAPPED,No suitable ICD-11 match found,0.000,No Match,Optimized Semantic Matching,2025-09-04
AY2417,Epilepsy - Apasmara Vataja,,Unknown,UNMAPPED,No suitable ICD-11 match found,0.000,No Match,Optimized Semantic Matching,2025-09-04
AY2418,Diarrhea - Atisara Pittaja,,Unknown,UNMAPPED,No suitable ICD-11 match found,0.000,No Match,Optimized Semantic Matching,2025-09-04
AY2419,Cough - Kasa Kaphaja,,Unknown,MD12,cough,0.800,High,Optimized Semantic Matching,2025-09-04
AY2420,Cold - Pratishyaya Sannipataja,,Unknown,UNMAPPED,No suitable ICD-11 match found,0.000,No Match,Optimized Semantic Matching,2025-09-04
AY2421,Hemorrhoids - Arsha Chronic,,Unknown,UNMAPPED,No suitable ICD-11 match found,0.000,No Match,Optimized Semantic Matching,2025-09-04
AY2422,Urinary Stones - Ashmari Acute,,Unknown,UNMAPPED,No suitable ICD-11 match found,0.000,No Match,Optimized Semantic Matching,2025-09-04
AY2423,Jaundice - Kamala,,Unknown,UNMAPPED,No suitable ICD-11 match found,0.000,No Match,Optimized Semantic Matching,2025-09-04
AY2424,Leucorrhea - Shweta Pradara Vataja,,Unknown,UNMAPPED,No suitable ICD-11 match found,0.000,No Match,Optimized Semantic Matching,2025-09-04
AY2425,Impotence - Klaibya Pittaja,,Unknown,UNMAPPED,No suitable ICD-11 match found,0.000,No Match,Optimized Semantic Matching,2025-09-04
AY2426,Gout - Vatarakta Kaphaja,,Unknown,FA25,Gout,0.800,High,Optimized Semantic Matching,2025-09-04
AY2427,Sciatica - Gridhrasi Sannipataja,,Unknown,ME84.3,sciatica,0.800,High,Optimized Semantic Matching,2025-09-04
AY2428,Vertigo - Bhrama Chronic,,Unknown,MB48.0,vertigo,0.800,High,Optimized Semantic Matching,2025-09-04
AY2429,Sinusitis - Dushta Pratishyaya Acute,,Unknown,1E91.41,Acute herpetic geniculate ganglionitis,0.700,High,Optimized Semantic Matching,2025-09-04
AY2430,Bronchitis - Kasa Roga,,Unknown,CA20,bronchitis,0.800,High,Optimized Semantic Matching,2025-09-04
AY2431,Fever - Jwara Vataja,,Unknown,1C30.2,Typhus fever due to Rickettsia typhi,0.700,High,Optimized Semantic Matching,2025-09-04
AY2432,Diabetes - Madhumeha Pittaja,,Unknown,5A11,Type 2 diabetes mellitus,0.700,High,Optimized Semantic Matching,2025-09-04
AY2433,Hypertension - Rakta Gata Vata Kaphaja,,Unknown,MC80.0,"elevated bloodpressure reading, without diagnosis of hypertension",0.700,High,Optimized Semantic Matching,2025-09-04
AY2434,Arthritis - Sandhivata Sannipataja,,Unknown,FA20,Rheumatoid arthritis,0.700,High,Optimized Semantic Matching,2025-09-04
AY2435,Asthma - Tamaka Shwasa Chronic,,Unknown,CA23,Asthma,0.800,High,Optimized Semantic Matching,2025-09-04
AY2436,Migraine - Ardhavabhedaka Acute,,Unknown,8A80,Migraine,0.800,High,Optimized Semantic Matching,2025-09-04
AY2437,Depression - Vishada,,Unknown,UNMAPPED,No suitable ICD-11 match found,0.000,No Match,Optimized Semantic Matching,2025-09-04
AY2438,Gastritis - Amlapitta Vataja,,Unknown,DA42,Gastritis,0.800,High,Optimized Semantic Matching,2025-09-04
AY2439,Insomnia - Anidra Pittaja,,Unknown,UNMAPPED,No suitable ICD-11 match found,0.000,No Match,Optimized Semantic Matching,2025-09-04
AY2440,Constipation - Vibandha Kaphaja,,Unknown,ME05.0,constipation,0.800,High,Optimized Semantic Matching,2025-09-04
AY2441,Obesity - Medoroga Sannipataja,,Unknown,5B81,Obesity,0.800,High,Optimized Semantic Matching,2025-09-04
AY2442,Anemia - Pandu Chronic,,Unknown,UNMAPPED,No suitable ICD-11 match found,0.000,No Match,Optimized Semantic Matching,2025-09-04
AY2443,Psoriasis - Kitibha Acute,,Unknown,EA90,Psoriasis,0.800,High,Optimized Semantic Matching,2025-09-04
AY2444,Eczema - Vicharchika,,Unknown,UNMAPPED,No suitable ICD-11 match found,0.000,No Match,Optimized Semantic Matching,2025-09-04
AY2445,Urticaria - Sheetapitta Vataja,,Unknown,UNMAPPED,No suitable ICD-11 match found,0.000,No Match,Optimized Semantic Matching,2025-09-04
AY2446,Rheumatism - Amavata Pittaja,,Unknown,UNMAPPED,No suitable ICD-11 match found,0.000,No Match,Optimized Semantic Matching,2025-09-04
AY2447,Epilepsy - Apasmara Kaphaja,,Unknown,UNMAPPED,No suitable ICD-11 match found,0.000,No Match,Optimized Semantic Matching,2025-09-04
AY2448,Diarrhea - Atisara Sannipataja,,Unknown,UNMAPPED,No suitable ICD-11 match found,0.000,No Match,Optimized Semantic Matching,2025-09-04
AY2449,Cough - Kasa Chronic,,Unknown,MD12,cough,0.800,High,Optimized Semantic Matching,2025-09-04
AY2450,Cold - Pratishyaya Acute,,Unknown,UNMAPPED,No suitable ICD-11 match found,0.000,No Match,Optimized Semantic Matching,2025-09-04
AY2451,Hemorrhoids - Arsha,,Unknown,UNMAPPED,No suitable ICD-11 match found,0.000,No Match,Optimized Semantic Matching,2025-09-04
AY2452,Urinary Stones - Ashmari Vataja,,Unknown,UNMAPPED,No suitable ICD-11 match found,0.000,No Match,Optimized Semantic Matching,2025-09-04
AY2453,Jaundice - Kamala Pittaja,,Unknown,UNMAPPED,No suitable ICD-11 match found,0.000,No Match,Optimized Semantic Matching,2025-09-04
AY2454,Leucorrhea - Shweta Pradara Kaphaja,,Unknown,UNMAPPED,No suitable ICD-11 match found,0.000,No Match,Optimized Semantic Matching,2025-09-04
AY2455,Impotence - Klaibya Sannipataja,,Unknown,UNMAPPED,No suitable ICD-11 match found,0.000,No Match,Optimized Semantic Matching,2025-09-04
AY2456,Gout - Vatarakta Chronic,,Unknown,FA25,Gout,0.800,High,Optimized Semantic Matching,2025-09-04
AY2457,Sciatica - Gridhrasi Acute,,Unknown,ME84.3,sciatica,0.800,High,Optimized Semantic Matching,2025-09-04
AY2458,Vertigo - Bhrama,,Unknown,MB48.0,vertigo,0.800,High,Optimized Semantic Matching,2025-09-04
AY2459,Sinusitis - Dushta Pratishyaya Vataja,,Unknown,SC91,Nasal sinusitis disorder (TM1),0.700,High,Optimized Semantic Matching,2025-09-04
AY2460,Bronchitis - Kasa Roga Pittaja,,Unknown,CA20,bronchitis,0.800,High,Optimized Semantic Matching,2025-09-04
AY2461,Fever - Jwara Kaphaja,,Unknown,1C30.2,Typhus fever due to Rickettsia typhi,0.700,High,Optimized Semantic Matching,2025-09-04
AY2462,Diabetes - Madhumeha Sannipataja,,Unknown,5A11,Type 2 diabetes mellitus,0.700,High,Optimized Semantic Matching,2025-09-04
AY2463,Hypertension - Rakta Gata Vata Chronic,,Unknown,MC80.0,"elevated bloodpressure reading, without diagnosis of hypertension",0.700,High,Optimized Semantic Matching,2025-09-04
AY2464,Arthritis - Sandhivata Acute,,Unknown,1B41.1Z,"Acute rheumatic endocarditis, unspecified",0.700,High,Optimized Semantic Matching,2025-09-04
AY2465,Asthma - Tamaka Shwasa,,Unknown,CA23,Asthma,0.800,High,Optimized Semantic Matching,2025-09-04
AY2466,Migraine - Ardhavabhedaka Vataja,,Unknown,8A80,Migraine,0.800,High,Optimized Semantic Matching,2025-09-04
AY2467,Depression - Vishada Pittaja,,Unknown,UNMAPPED,No suitable ICD-11 match found,0.000,No Match,Optimized Semantic Matching,2025-09-04
AY2468,Gastritis - Amlapitta Kaphaja,,Unknown,DA42,Gastritis,0.800,High,Optimized Semantic Matching,2025-09-04
AY2469,Insomnia - Anidra Sannipataja,,Unknown,UNMAPPED,No suitable ICD-11 match found,0.000,No Match,Optimized Semantic Matching,2025-09-04
AY2470,Constipation - Vibandha Chronic,,Unknown,ME05.0,constipation,0.800,High,Optimized Semantic Matching,2025-09-04
AY2471,Obesity - Medoroga Acute,,Unknown,5B81,Obesity,0.800,High,Optimized Semantic Matching,2025-09-04
AY2472,Anemia - Pandu,,Unknown,EF20,Acquired malformations of Cutaneous blood vessels,0.700,High,Optimized Semantic Matching,2025-09-04
AY2473,Psoriasis - Kitibha Vataja,,Unknown,EA90,Psoriasis,0.800,High,Optimized Semantic Matching,2025-09-04
AY2474,Eczema - Vicharchika Pittaja,,Unknown,UNMAPPED,No suitable ICD-11 match found,0.000,No Match,Optimized Semantic Matching,2025-09-04
AY2475,Urticaria - Sheetapitta Kaphaja,,Unknown,UNMAPPED,No suitable ICD-11 match found,0.000,No Match,Optimized Semantic Matching,2025-09-04
AY2476,Rheumatism - Amavata Sannipataja,,Unknown,UNMAPPED,No suitable ICD-11 match found,0.000,No Match,Optimized Semantic Matching,2025-09-04
AY2477,Epilepsy - Apasmara Chronic,,Unknown,UNMAPPED,No suitable ICD-11 match found,0.000,No Match,Optimized Semantic Matching,2025-09-04
AY2478,Diarrhea - Atisara Acute,,Unknown,UNMAPPED,No suitable ICD-11 match found,0.000,No Match,Optimized Semantic Matching,2025-09-04
AY2479,Cough - Kasa,,Unknown,MD12,cough,0.800,High,Optimized Semantic Matching,2025-09-04
AY2480,Cold - Pratishyaya Vataja,,Unknown,UNMAPPED,No suitable ICD-11 match found,0.000,No Match,Optimized Semantic Matching,2025-09-04
AY2481,Hemorrhoids - Arsha Pittaja,,Unknown,UNMAPPED,No suitable ICD-11 match found,0.000,No Match,Optimized Semantic Matching,2025-09-04
AY2482,Urinary Stones - Ashmari Kaphaja,,Unknown,UNMAPPED,No suitable ICD-11 match found,0.000,No Match,Optimized Semantic Matching,2025-09-04
AY2483,Jaundice - Kamala Sannipataja,,Unknown,UNMAPPED,No suitable ICD-11 match found,0.000,No Match,Optimized Semantic Matching,2025-09-04
AY2484,Leucorrhea - Shweta Pradara Chronic,,Unknown,UNMAPPED,No suitable ICD-11 match found,0.000,No Match,Optimized Semantic Matching,2025-09-04
AY2485,Impotence - Klaibya Acute,,Unknown,UNMAPPED,No suitable ICD-11 match found,0.000,No Match,Optimized Semantic Matching,2025-09-04
AY2486,Gout - Vatarakta,,Unknown,FA25,Gout,0.800,High,Optimized Semantic Matching,2025-09-04
AY2487,Sciatica - Gridhrasi Vataja,,Unknown,ME84.3,sciatica,0.800,High,Optimized Semantic Matching,2025-09-04
AY2488,Vertigo - Bhrama Pittaja,,Unknown,MB48.0,vertigo,0.800,High,Optimized Semantic Matching,2025-09-04
AY2489,Sinusitis - Dushta Pratishyaya Kaphaja,,Unknown,SC91,Nasal sinusitis disorder (TM1),0.700,High,Optimized Semantic Matching,2025-09-04
AY2490,Bronchitis - Kasa Roga Sannipataja,,Unknown,CA20,bronchitis,0.800,High,Optimized Semantic Matching,2025-09-04
AY2491,Fever - Jwara Chronic,,Unknown,1D2Z,"Dengue fever, unspecified",0.700,High,Optimized Semantic Matching,2025-09-04
AY2492,Diabetes - Madhumeha Acute,,Unknown,QA0A.10,special screening examination for diabetes mellitus,0.700,High,Optimized Semantic Matching,2025-09-04
AY2493,Hypertension - Rakta Gata Vata,,Unknown,MC80.0,"elevated bloodpressure reading, without diagnosis of hypertension",0.700,High,Optimized Semantic Matching,2025-09-04
AY2494,Arthritis - Sandhivata Vataja,,Unknown,FA20,Rheumatoid arthritis,0.700,High,Optimized Semantic Matching,2025-09-04
AY2495,Asthma - Tamaka Shwasa Pittaja,,Unknown,CA23,Asthma,0.800,High,Optimized Semantic Matching,2025-09-04
AY2496,Migraine - Ardhavabhedaka Kaphaja,,Unknown,8A80,Migraine,0.800,High,Optimized Semantic Matching,2025-09-04
AY2497,Depression - Vishada Sannipataja,,Unknown,UNMAPPED,No suitable ICD-11 match found,0.000,No Match,Optimized Semantic Matching,2025-09-04
AY2498,Gastritis - Amlapitta Chronic,,Unknown,DA42,Gastritis,0.800,High,Optimized Semantic Matching,2025-09-04
AY2499,Insomnia - Anidra Acute,,Unknown,UNMAPPED,No suitable ICD-11 match found,0.000,No Match,Optimized Semantic Matching,2025-09-04
AY2500,Constipation - Vibandha,,Unknown,ME05.0,constipation,0.800,High,Optimized Semantic Matching,2025-09-04
AY2501,Obesity - Medoroga Vataja,,Unknown,5B81,Obesity,0.800,High,Optimized Semantic Matching,2025-09-04
AY2502,Anemia - Pandu Pittaja,,Unknown,EF20,Acquired malformations of Cutaneous blood vessels,0.700,High,Optimized Semantic Matching,2025-09-04
AY2503,Psoriasis - Kitibha Kaphaja,,Unknown,EA90,Psoriasis,0.800,High,Optimized Semantic Matching,2025-09-04
AY2504,Eczema - Vicharchika Sannipataja,,Unknown,UNMAPPED,No suitable ICD-11 match found,0.000,No Match,Optimized Semantic Matching,2025-09-04
AY2505,Urticaria - Sheetapitta Chronic,,Unknown,EB00.1,Chronic Urticaria,0.400,Low,Optimized Semantic Matching,2025-09-04
AY2506,Rheumatism - Amavata Acute,,Unknown,UNMAPPED,No suitable ICD-11 match found,0.000,No Match,Optimized Semantic Matching,2025-09-04
AY2507,Epilepsy - Apasmara,,Unknown,UNMAPPED,No suitable ICD-11 match found,0.000,No Match,Optimized Semantic Matching,2025-09-04
AY2508,Diarrhea - Atisara Vataja,,Unknown,UNMAPPED,No suitable ICD-11 match found,0.000,No Match,Optimized Semantic Matching,2025-09-04
AY2509,Cough - Kasa Pittaja,,Unknown,MD12,cough,0.800,High,Optimized Semantic Matching,2025-09-04
AY2510,Cold - Pratishyaya Kaphaja,,Unknown,UNMAPPED,No suitable ICD-11 match found,0.000,No Match,Optimized Semantic Matching,2025-09-04
AY2511,Hemorrhoids - Arsha Sannipataja,,Unknown,UNMAPPED,No suitable ICD-11 match found,0.000,No Match,Optimized Semantic Matching,2025-09-04
AY2512,Urinary Stones - Ashmari Chronic,,Unknown,UNMAPPED,No suitable ICD-11 match found,0.000,No Match,Optimized Semantic Matching,2025-09-04
AY2513,Jaundice - Kamala Acute,,Unknown,UNMAPPED,No suitable ICD-11 match found,0.000,No Match,Optimized Semantic Matching,2025-09-04
AY2514,Leucorrhea - Shweta Pradara,,Unknown,UNMAPPED,No suitable ICD-11 match found,0.000,No Match,Optimized Semantic Matching,2025-09-04
AY2515,Impotence - Klaibya Vataja,,Unknown,UNMAPPED,No suitable ICD-11 match found,0.000,No Match,Optimized Semantic Matching,2025-09-04
AY2516,Gout - Vatarakta Pittaja,,Unknown,FA25,Gout,0.800,High,Optimized Semantic Matching,2025-09-04
AY2517,Sciatica - Gridhrasi Kaphaja,,Unknown,ME84.3,sciatica,0.800,High,Optimized Semantic Matching,2025-09-04
AY2518,Vertigo - Bhrama Sannipataja,,Unknown,MB48.0,vertigo,0.800,High,Optimized Semantic Matching,2025-09-04
AY2519,Sinusitis - Dushta Pratishyaya Chronic,,Unknown,2A81.7,Diffuse large Bcell lymphoma associated with Chronic inflammation,0.700,High,Optimized Semantic Matching,2025-09-04
AY2520,Bronchitis - Kasa Roga Acute,,Unknown,CA20,bronchitis,0.800,High,Optimized Semantic Matching,2025-09-04
AY2521,Fever - Jwara,,Unknown,1C30.2,Typhus fever due to Rickettsia typhi,0.700,High,Optimized Semantic Matching,2025-09-04
AY2522,Diabetes - Madhumeha Vataja,,Unknown,5A11,Type 2 diabetes mellitus,0.700,High,Optimized Semantic Matching,2025-09-04
AY2523,Hypertension - Rakta Gata Vata Pittaja,,Unknown,MC80.0,"elevated bloodpressure reading, without diagnosis of hypertension",0.700,High,Optimized Semantic Matching,2025-09-04
AY2524,Arthritis - Sandhivata Kaphaja,,Unknown,FA20,Rheumatoid arthritis,0.700,High,Optimized Semantic Matching,2025-09-04
AY2525,Asthma - Tamaka Shwasa Sannipataja,,Unknown,CA23,Asthma,0.800,High,Optimized Semantic Matching,2025-09-04
AY2526,Migraine - Ardhavabhedaka Chronic,,Unknown,8A80,Migraine,0.800,High,Optimized Semantic Matching,2025-09-04
AY2527,Depression - Vishada Acute,,Unknown,UNMAPPED,No suitable ICD-11 match found,0.000,No Match,Optimized Semantic Matching,2025-09-04
AY2528,Gastritis - Amlapitta,,Unknown,DA42,Gastritis,0.800,High,Optimized Semantic Matching,2025-09-04
AY2529,Insomnia - Anidra Vataja,,Unknown,UNMAPPED,No suitable ICD-11 match found,0.000,No Match,Optimized Semantic Matching,2025-09-04
AY2530,Constipation - Vibandha Pittaja,,Unknown,ME05.0,constipation,0.800,High,Optimized Semantic Matching,2025-09-04
AY2531,Obesity - Medoroga Kaphaja,,Unknown,5B81,Obesity,0.800,High,Optimized Semantic Matching,2025-09-04
AY2532,Anemia - Pandu Sannipataja,,Unknown,EF20,Acquired malformations of Cutaneous blood vessels,0.700,High,Optimized Semantic Matching,2025-09-04
AY2533,Psoriasis - Kitibha Chronic,,Unknown,EA90,Psoriasis,0.800,High,Optimized Semantic Matching,2025-09-04
AY2534,Eczema - Vicharchika Acute,,Unknown,UNMAPPED,No suitable ICD-11 match found,0.000,No Match,Optimized Semantic Matching,2025-09-04
AY2535,Urticaria - Sheetapitta,,Unknown,UNMAPPED,No suitable ICD-11 match found,0.000,No Match,Optimized Semantic Matching,2025-09-04
AY2536,Rheumatism - Amavata Vataja,,Unknown,UNMAPPED,No suitable ICD-11 match found,0.000,No Match,Optimized Semantic Matching,2025-09-04
AY2537,Epilepsy - Apasmara Pittaja,,Unknown,UNMAPPED,No suitable ICD-11 match found,0.000,No Match,Optimized Semantic Matching,2025-09-04
AY2538,Diarrhea - Atisara Kaphaja,,Unknown,UNMAPPED,No suitable ICD-11 match found,0.000,No Match,Optimized Semantic Matching,2025-09-04
AY2539,Cough - Kasa Sannipataja,,Unknown,MD12,cough,0.800,High,Optimized Semantic Matching,2025-09-04
AY2540,Cold - Pratishyaya Chronic,,Unknown,UNMAPPED,No suitable ICD-11 match found,0.000,No Match,Optimized Semantic Matching,2025-09-04
AY2541,Hemorrhoids - Arsha Acute,,Unknown,UNMAPPED,No suitable ICD-11 match found,0.000,No Match,Optimized Semantic Matching,2025-09-04
AY2542,Urinary Stones - Ashmari,,Unknown,UNMAPPED,No suitable ICD-11 match found,0.000,No Match,Optimized Semantic Matching,2025-09-04
AY2543,Jaundice - Kamala Vataja,,Unknown,UNMAPPED,No suitable ICD-11 match found,0.000,No Match,Optimized Semantic Matching,2025-09-04
AY2544,Leucorrhea - Shweta Pradara Pittaja,,Unknown,UNMAPPED,No suitable ICD-11 match found,0.000,No Match,Optimized Semantic Matching,2025-09-04
AY2545,Impotence - Klaibya Kaphaja,,Unknown,UNMAPPED,No suitable ICD-11 match found,0.000,No Match,Optimized Semantic Matching,2025-09-04
AY2546,Gout - Vatarakta Sannipataja,,Unknown,FA25,Gout,0.800,High,Optimized Semantic Matching,2025-09-04
AY2547,Sciatica - Gridhrasi Chronic,,Unknown,ME84.3,sciatica,0.800,High,Optimized Semantic Matching,2025-09-04
AY2548,Vertigo - Bhrama Acute,,Unknown,MB48.0,vertigo,0.800,High,Optimized Semantic Matching,2025-09-04
AY2549,Sinusitis - Dushta Pratishyaya,,Unknown,SC91,Nasal sinusitis disorder (TM1),0.700,High,Optimized Semantic Matching,2025-09-04
AY2550,Bronchitis - Kasa Roga Vataja,,Unknown,CA20,bronchitis,0.800,High,Optimized Semantic Matching,2025-09-04
AY2551,Fever - Jwara Pittaja,,Unknown,1C30.2,Typhus fever due to Rickettsia typhi,0.700,High,Optimized Semantic Matching,2025-09-04
AY2552,Diabetes - Madhumeha Kaphaja,,Unknown,5A11,Type 2 diabetes mellitus,0.700,High,Optimized Semantic Matching,2025-09-04
AY2553,Hypertension - Rakta Gata Vata Sannipataja,,Unknown,MC80.0,"elevated bloodpressure reading, without diagnosis of hypertension",0.700,High,Optimized Semantic Matching,2025-09-04
AY2554,Arthritis - Sandhivata Chronic,,Unknown,2A81.7,Diffuse large Bcell lymphoma associated with Chronic inflammation,0.700,High,Optimized Semantic Matching,2025-09-04
AY2555,Asthma - Tamaka Shwasa Acute,,Unknown,CA23,Asthma,0.800,High,Optimized Semantic Matching,2025-09-04
AY2556,Migraine - Ardhavabhedaka,,Unknown,8A80,Migraine,0.800,High,Optimized Semantic Matching,2025-09-04
AY2557,Depression - Vishada Vataja,,Unknown,UNMAPPED,No suitable ICD-11 match found,0.000,No Match,Optimized Semantic Matching,2025-09-04
AY2558,Gastritis - Amlapitta Pittaja,,Unknown,DA42,Gastritis,0.800,High,Optimized Semantic Matching,2025-09-04
AY2559,Insomnia - Anidra Kaphaja,,Unknown,UNMAPPED,No suitable ICD-11 match found,0.000,No Match,Optimized Semantic Matching,2025-09-04
AY2560,Constipation - Vibandha Sannipataja,,Unknown,ME05.0,constipation,0.800,High,Optimized Semantic Matching,2025-09-04
AY2561,Obesity - Medoroga Chronic,,Unknown,5B81,Obesity,0.800,High,Optimized Semantic Matching,2025-09-04
AY2562,Anemia - Pandu Acute,,Unknown,UNMAPPED,No suitable ICD-11 match found,0.000,No Match,Optimized Semantic Matching,2025-09-04
AY2563,Psoriasis - Kitibha,,Unknown,EA90,Psoriasis,0.800,High,Optimized Semantic Matching,2025-09-04
AY2564,Eczema - Vicharchika Vataja,,Unknown,UNMAPPED,No suitable ICD-11 match found,0.000,No Match,Optimized Semantic Matching,2025-09-04
AY2565,Urticaria - Sheetapitta Pittaja,,Unknown,UNMAPPED,No suitable ICD-11 match found,0.000,No Match,Optimized Semantic Matching,2025-09-04
AY2566,Rheumatism - Amavata Kaphaja,,Unknown,UNMAPPED,No suitable ICD-11 match found,0.000,No Match,Optimized Semantic Matching,2025-09-04
AY2567,Epilepsy - Apasmara Sannipataja,,Unknown,UNMAPPED,No suitable ICD-11 match found,0.000,No Match,Optimized Semantic Matching,2025-09-04
AY2568,Diarrhea - Atisara Chronic,,Unknown,UNMAPPED,No suitable ICD-11 match found,0.000,No Match,Optimized Semantic Matching,2025-09-04
AY2569,Cough - Kasa Acute,,Unknown,MD12,cough,0.800,High,Optimized Semantic Matching,2025-09-04
AY2570,Cold - Pratishyaya,,Unknown,UNMAPPED,No suitable ICD-11 match found,0.000,No Match,Optimized Semantic Matching,2025-09-04
AY2571,Hemorrhoids - Arsha Vataja,,Unknown,UNMAPPED,No suitable ICD-11 match found,0.000,No Match,Optimized Semantic Matching,2025-09-04
AY2572,Urinary Stones - Ashmari Pittaja,,Unknown,UNMAPPED,No suitable ICD-11 match found,0.000,No Match,Optimized Semantic Matching,2025-09-04
AY2573,Jaundice - Kamala Kaphaja,,Unknown,UNMAPPED,No suitable ICD-11 match found,0.000,No Match,Optimized Semantic Matching,2025-09-04
AY2574,Leucorrhea - Shweta Pradara Sannipataja,,Unknown,UNMAPPED,No suitable ICD-11 match found,0.000,No Match,Optimized Semantic Matching,2025-09-04
AY2575,Impotence - Klaibya Chronic,,Unknown,UNMAPPED,No suitable ICD-11 match found,0.000,No Match,Optimized Semantic Matching,2025-09-04
AY2576,Gout - Vatarakta Acute,,Unknown,FA25,Gout,0.800,High,Optimized Semantic Matching,2025-09-04
AY2577,Sciatica - Gridhrasi,,Unknown,ME84.3,sciatica,0.800,High,Optimized Semantic Matching,2025-09-04
AY2578,Vertigo - Bhrama Vataja,,Unknown,MB48.0,vertigo,0.800,High,Optimized Semantic Matching,2025-09-04
AY2579,Sinusitis - Dushta Pratishyaya Pittaja,,Unknown,SC91,Nasal sinusitis disorder (TM1),0.700,High,Optimized Semantic Matching,2025-09-04
AY2580,Bronchitis - Kasa Roga Kaphaja,,Unknown,CA20,bronchitis,0.800,High,Optimized Semantic Matching,2025-09-04
AY2581,Fever - Jwara Sannipataja,,Unknown,1C30.2,Typhus fever due to Rickettsia typhi,0.700,High,Optimized Semantic Matching,2025-09-04
AY2582,Diabetes - Madhumeha Chronic,,Unknown,QA0A.10,special screening examination for diabetes mellitus,0.700,High,Optimized Semantic Matching,2025-09-04
AY2583,Hypertension - Rakta Gata Vata Acute,,Unknown,MC80.0,"elevated bloodpressure reading, without diagnosis of hypertension",0.700,High,Optimized Semantic Matching,2025-09-04
AY2584,Arthritis - Sandhivata,,Unknown,FA20,Rheumatoid arthritis,0.700,High,Optimized Semantic Matching,2025-09-04
AY2585,Asthma - Tamaka Shwasa Vataja,,Unknown,CA23,Asthma,0.800,High,Optimized Semantic Matching,2025-09-04
AY2586,Migraine - Ardhavabhedaka Pittaja,,Unknown,8A80,Migraine,0.800,High,Optimized Semantic Matching,2025-09-04
AY2587,Depression - Vishada Kaphaja,,Unknown,UNMAPPED,No suitable ICD-11 match found,0.000,No Match,Optimized Semantic Matching,2025-09-04
AY2588,Gastritis - Amlapitta Sannipataja,,Unknown,DA42,Gastritis,0.800,High,Optimized Semantic Matching,2025-09-04
AY2589,Insomnia - Anidra Chronic,,Unknown,7A00,Chronic insomnia,0.400,Low,Optimized Semantic Matching,2025-09-04
AY2590,Constipation - Vibandha Acute,,Unknown,ME05.0,constipation,0.800,High,Optimized Semantic Matching,2025-09-04
AY2591,Obesity - Medoroga,,Unknown,5B81,Obesity,0.800,High,Optimized Semantic Matching,2025-09-04
AY2592,Anemia - Pandu Vataja,,Unknown,EF20,Acquired malformations of Cutaneous blood vessels,0.700,High,Optimized Semantic Matching,2025-09-04
AY2593,Psoriasis - Kitibha Pittaja,,Unknown,EA90,Psoriasis,0.800,High,Optimized Semantic Matching,2025-09-04
AY2594,Eczema - Vicharchika Kaphaja,,Unknown,UNMAPPED,No suitable ICD-11 match found,0.000,No Match,Optimized Semantic Matching,2025-09-04
AY2595,Urticaria - Sheetapitta Sannipataja,,Unknown,UNMAPPED,No suitable ICD-11 match found,0.000,No Match,Optimized Semantic Matching,2025-09-04
AY2596,Rheumatism - Amavata Chronic,,Unknown,UNMAPPED,No suitable ICD-11 match found,0.000,No Match,Optimized Semantic Matching,2025-09-04
AY2597,Epilepsy - Apasmara Acute,,Unknown,UNMAPPED,No suitable ICD-11 match found,0.000,No Match,Optimized Semantic Matching,2025-09-04
AY2598,Diarrhea - Atisara,,Unknown,UNMAPPED,No suitable ICD-11 match found,0.000,No Match,Optimized Semantic Matching,2025-09-04
AY2599,Cough - Kasa Vataja,,Unknown,MD12,cough,0.800,High,Optimized Semantic Matching,2025-09-04
AY2600,Cold - Pratishyaya Pittaja,,Unknown,UNMAPPED,No suitable ICD-11 match found,0.000,No Match,Optimized Semantic Matching,2025-09-04
AY2601,Hemorrhoids - Arsha Kaphaja,,Unknown,UNMAPPED,No suitable ICD-11 match found,0.000,No Match,Optimized Semantic Matching,2025-09-04
AY2602,Urinary Stones - Ashmari Sannipataja,,Unknown,UNMAPPED,No suitable ICD-11 match found,0.000,No Match,Optimized Semantic Matching,2025-09-04
AY2603,Jaundice - Kamala Chronic,,Unknown,UNMAPPED,No suitable ICD-11 match found,0.000,No Match,Optimized Semantic Matching,2025-09-04
AY2604,Leucorrhea - Shweta Pradara Acute,,Unknown,UNMAPPED,No suitable ICD-11 match found,0.000,No Match,Optimized Semantic Matching,2025-09-04
AY2605,Impotence - Klaibya,,Unknown,UNMAPPED,No suitable ICD-11 match found,0.000,No Match,Optimized Semantic Matching,2025-09-04
AY2606,Gout - Vatarakta Vataja,,Unknown,FA25,Gout,0.800,High,Optimized Semantic Matching,2025-09-04
AY2607,Sciatica - Gridhrasi Pittaja,,Unknown,ME84.3,sciatica,0.800,High,Optimized Semantic Matching,2025-09-04
AY2608,Vertigo - Bhrama Kaphaja,,Unknown,MB48.0,vertigo,0.800,High,Optimized Semantic Matching,2025-09-04
AY2609,Sinusitis - Dushta Pratishyaya Sannipataja,,Unknown,SC91,Nasal sinusitis disorder (TM1),0.700,High,Optimized Semantic Matching,2025-09-04
AY2610,Bronchitis - Kasa Roga Chronic,,Unknown,CA20,bronchitis,0.800,High,Optimized Semantic Matching,2025-09-04
AY2611,Fever - Jwara Acute,,Unknown,1D2Z,"Dengue fever, unspecified",0.700,High,Optimized Semantic Matching,2025-09-04
AY2612,Diabetes - Madhumeha,,Unknown,5A11,Type 2 diabetes mellitus,0.700,High,Optimized Semantic Matching,2025-09-04
AY2613,Hypertension - Rakta Gata Vata Vataja,,Unknown,MC80.0,"elevated bloodpressure reading, without diagnosis of hypertension",0.700,High,Optimized Semantic Matching,2025-09-04
AY2614,Arthritis - Sandhivata Pittaja,,Unknown,FA20,Rheumatoid arthritis,0.700,High,Optimized Semantic Matching,2025-09-04
AY2615,Asthma - Tamaka Shwasa Kaphaja,,Unknown,CA23,Asthma,0.800,High,Optimized Semantic Matching,2025-09-04
AY2616,Migraine - Ardhavabhedaka Sannipataja,,Unknown,8A80,Migraine,0.800,High,Optimized Semantic Matching,2025-09-04
AY2617,Depression - Vishada Chronic,,Unknown,UNMAPPED,No suitable ICD-11 match found,0.000,No Match,Optimized Semantic Matching,2025-09-04
AY2618,Gastritis - Amlapitta Acute,,Unknown,DA42,Gastritis,0.800,High,Optimized Semantic Matching,2025-09-04
AY2619,Insomnia - Anidra,,Unknown,UNMAPPED,No suitable ICD-11 match found,0.000,No Match,Optimized Semantic Matching,2025-09-04
AY2620,Constipation - Vibandha Vataja,,Unknown,ME05.0,constipation,0.800,High,Optimized Semantic Matching,2025-09-04
AY2621,Obesity - Medoroga Pittaja,,Unknown,5B81,Obesity,0.800,High,Optimized Semantic Matching,2025-09-04
AY2622,Anemia - Pandu Kaphaja,,Unknown,EF20,Acquired malformations of Cutaneous blood vessels,0.700,High,Optimized Semantic Matching,2025-09-04
AY2623,Psoriasis - Kitibha Sannipataja,,Unknown,EA90,Psoriasis,0.800,High,Optimized Semantic Matching,2025-09-04
AY2624,Eczema - Vicharchika Chronic,,Unknown,UNMAPPED,No suitable ICD-11 match found,0.000,No Match,Optimized Semantic Matching,2025-09-04
AY2625,Urticaria - Sheetapitta Acute,,Unknown,EB00.0,Acute Urticaria,0.400,Low,Optimized Semantic Matching,2025-09-04
AY2626,Rheumatism - Amavata,,Unknown,UNMAPPED,No suitable ICD-11 match found,0.000,No Match,Optimized Semantic Matching,2025-09-04
AY2627,Epilepsy - Apasmara Vataja,,Unknown,UNMAPPED,No suitable ICD-11 match found,0.000,No Match,Optimized Semantic Matching,2025-09-04
AY2628,Diarrhea - Atisara Pittaja,,Unknown,UNMAPPED,No suitable ICD-11 match found,0.000,No Match,Optimized Semantic Matching,2025-09-04
AY2629,Cough - Kasa Kaphaja,,Unknown,MD12,cough,0.800,High,Optimized Semantic Matching,2025-09-04
AY2630,Cold - Pratishyaya Sannipataja,,Unknown,UNMAPPED,No suitable ICD-11 match found,0.000,No Match,Optimized Semantic Matching,2025-09-04
AY2631,Hemorrhoids - Arsha Chronic,,Unknown,UNMAPPED,No suitable ICD-11 match found,0.000,No Match,Optimized Semantic Matching,2025-09-04
AY2632,Urinary Stones - Ashmari Acute,,Unknown,UNMAPPED,No suitable ICD-11 match found,0.000,No Match,Optimized Semantic Matching,2025-09-04
AY2633,Jaundice - Kamala,,Unknown,UNMAPPED,No suitable ICD-11 match found,0.000,No Match,Optimized Semantic Matching,2025-09-04
AY2634,Leucorrhea - Shweta Pradara Vataja,,Unknown,UNMAPPED,No suitable ICD-11 match found,0.000,No Match,Optimized Semantic Matching,2025-09-04
AY2635,Impotence - Klaibya Pittaja,,Unknown,UNMAPPED,No suitable ICD-11 match found,0.000,No Match,Optimized Semantic Matching,2025-09-04
AY2636,Gout - Vatarakta Kaphaja,,Unknown,FA25,Gout,0.800,High,Optimized Semantic Matching,2025-09-04
AY2637,Sciatica - Gridhrasi Sannipataja,,Unknown,ME84.3,sciatica,0.800,High,Optimized Semantic Matching,2025-09-04
AY2638,Vertigo - Bhrama Chronic,,Unknown,MB48.0,vertigo,0.800,High,Optimized Semantic Matching,2025-09-04
AY2639,Sinusitis - Dushta Pratishyaya Acute,,Unknown,1E91.41,Acute herpetic geniculate ganglionitis,0.700,High,Optimized Semantic Matching,2025-09-04
AY2640,Bronchitis - Kasa Roga,,Unknown,CA20,bronchitis,0.800,High,Optimized Semantic Matching,2025-09-04
AY2641,Fever - Jwara Vataja,,Unknown,1C30.2,Typhus fever due to Rickettsia typhi,0.700,High,Optimized Semantic Matching,2025-09-04
AY2642,Diabetes - Madhumeha Pittaja,,Unknown,5A11,Type 2 diabetes mellitus,0.700,High,Optimized Semantic Matching,2025-09-04
AY2643,Hypertension - Rakta Gata Vata Kaphaja,,Unknown,MC80.0,"elevated bloodpressure reading, without diagnosis of hypertension",0.700,High,Optimized Semantic Matching,2025-09-04
AY2644,Arthritis - Sandhivata Sannipataja,,Unknown,FA20,Rheumatoid arthritis,0.700,High,Optimized Semantic Matching,2025-09-04
AY2645,Asthma - Tamaka Shwasa Chronic,,Unknown,CA23,Asthma,0.800,High,Optimized Semantic Matching,2025-09-04
AY2646,Migraine - Ardhavabhedaka Acute,,Unknown,8A80,Migraine,0.800,High,Optimized Semantic Matching,2025-09-04
AY2647,Depression - Vishada,,Unknown,UNMAPPED,No suitable ICD-11 match found,0.000,No Match,Optimized Semantic Matching,2025-09-04
AY2648,Gastritis - Amlapitta Vataja,,Unknown,DA42,Gastritis,0.800,High,Optimized Semantic Matching,2025-09-04
AY2649,Insomnia - Anidra Pittaja,,Unknown,UNMAPPED,No suitable ICD-11 match found,0.000,No Match,Optimized Semantic Matching,2025-09-04
AY2650,Constipation - Vibandha Kaphaja,,Unknown,ME05.0,constipation,0.800,High,Optimized Semantic Matching,2025-09-04
AY2651,Obesity - Medoroga Sannipataja,,Unknown,5B81,Obesity,0.800,High,Optimized Semantic Matching,2025-09-04
AY2652,Anemia - Pandu Chronic,,Unknown,UNMAPPED,No suitable ICD-11 match found,0.000,No Match,Optimized Semantic Matching,2025-09-04
AY2653,Psoriasis - Kitibha Acute,,Unknown,EA90,Psoriasis,0.800,High,Optimized Semantic Matching,2025-09-04
AY2654,Eczema - Vicharchika,,Unknown,UNMAPPED,No suitable ICD-11 match found,0.000,No Match,Optimized Semantic Matching,2025-09-04
AY2655,Urticaria - Sheetapitta Vataja,,Unknown,UNMAPPED,No suitable ICD-11 match found,0.000,No Match,Optimized Semantic Matching,2025-09-04
AY2656,Rheumatism - Amavata Pittaja,,Unknown,UNMAPPED,No suitable ICD-11 match found,0.000,No Match,Optimized Semantic Matching,2025-09-04
AY2657,Epilepsy - Apasmara Kaphaja,,Unknown,UNMAPPED,No suitable ICD-11 match found,0.000,No Match,Optimized Semantic Matching,2025-09-04
AY2658,Diarrhea - Atisara Sannipataja,,Unknown,UNMAPPED,No suitable ICD-11 match found,0.000,No Match,Optimized Semantic Matching,2025-09-04
AY2659,Cough - Kasa Chronic,,Unknown,MD12,cough,0.800,High,Optimized Semantic Matching,2025-09-04
AY2660,Cold - Pratishyaya Acute,,Unknown,UNMAPPED,No suitable ICD-11 match found,0.000,No Match,Optimized Semantic Matching,2025-09-04
AY2661,Hemorrhoids - Arsha,,Unknown,UNMAPPED,No suitable ICD-11 match found,0.000,No Match,Optimized Semantic Matching,2025-09-04
AY2662,Urinary Stones - Ashmari Vataja,,Unknown,UNMAPPED,No suitable ICD-11 match found,0.000,No Match,Optimized Semantic Matching,2025-09-04
AY2663,Jaundice - Kamala Pittaja,,Unknown,UNMAPPED,No suitable ICD-11 match found,0.000,No Match,Optimized Semantic Matching,2025-09-04
AY2664,Leucorrhea - Shweta Pradara Kaphaja,,Unknown,UNMAPPED,No suitable ICD-11 match found,0.000,No Match,Optimized Semantic Matching,2025-09-04
AY2665,Impotence - Klaibya Sannipataja,,Unknown,UNMAPPED,No suitable ICD-11 match found,0.000,No Match,Optimized Semantic Matching,2025-09-04
AY2666,Gout - Vatarakta Chronic,,Unknown,FA25,Gout,0.800,High,Optimized Semantic Matching,2025-09-04
AY2667,Sciatica - Gridhrasi Acute,,Unknown,ME84.3,sciatica,0.800,High,Optimized Semantic Matching,2025-09-04
AY2668,Vertigo - Bhrama,,Unknown,MB48.0,vertigo,0.800,High,Optimized Semantic Matching,2025-09-04
AY2669,Sinusitis - Dushta Pratishyaya Vataja,,Unknown,SC91,Nasal sinusitis disorder (TM1),0.700,High,Optimized Semantic Matching,2025-09-04
AY2670,Bronchitis - Kasa Roga Pittaja,,Unknown,CA20,bronchitis,0.800,High,Optimized Semantic Matching,2025-09-04
AY2671,Fever - Jwara Kaphaja,,Unknown,1C30.2,Typhus fever due to Rickettsia typhi,0.700,High,Optimized Semantic Matching,2025-09-04
AY2672,Diabetes - Madhumeha Sannipataja,,Unknown,5A11,Type 2 diabetes mellitus,0.700,High,Optimized Semantic Matching,2025-09-04
AY2673,Hypertension - Rakta Gata Vata Chronic,,Unknown,MC80.0,"elevated bloodpressure reading, without diagnosis of hypertension",0.700,High,Optimized Semantic Matching,2025-09-04
AY2674,Arthritis - Sandhivata Acute,,Unknown,1B41.1Z,"Acute rheumatic endocarditis, unspecified",0.700,High,Optimized Semantic Matching,2025-09-04
AY2675,Asthma - Tamaka Shwasa,,Unknown,CA23,Asthma,0.800,High,Optimized Semantic Matching,2025-09-04
AY2676,Migraine - Ardhavabhedaka Vataja,,Unknown,8A80,Migraine,0.800,High,Optimized Semantic Matching,2025-09-04
AY2677,Depression - Vishada Pittaja,,Unknown,UNMAPPED,No suitable ICD-11 match found,0.000,No Match,Optimized Semantic Matching,2025-09-04
AY2678,Gastritis - Amlapitta Kaphaja,,Unknown,DA42,Gastritis,0.800,High,Optimized Semantic Matching,2025-09-04
AY2679,Insomnia - Anidra Sannipataja,,Unknown,UNMAPPED,No suitable ICD-11 match found,0.000,No Match,Optimized Semantic Matching,2025-09-04
AY2680,Constipation - Vibandha Chronic,,Unknown,ME05.0,constipation,0.800,High,Optimized Semantic Matching,2025-09-04
AY2681,Obesity - Medoroga Acute,,Unknown,5B81,Obesity,0.800,High,Optimized Semantic Matching,2025-09-04
AY2682,Anemia - Pandu,,Unknown,EF20,Acquired malformations of Cutaneous blood vessels,0.700,High,Optimized Semantic Matching,2025-09-04
AY2683,Psoriasis - Kitibha Vataja,,Unknown,EA90,Psoriasis,0.800,High,Optimized Semantic Matching,2025-09-04
AY2684,Eczema - Vicharchika Pittaja,,Unknown,UNMAPPED,No suitable ICD-11 match found,0.000,No Match,Optimized Semantic Matching,2025-09-04
AY2685,Urticaria - Sheetapitta Kaphaja,,Unknown,UNMAPPED,No suitable ICD-11 match found,0.000,No Match,Optimized Semantic Matching,2025-09-04
AY2686,Rheumatism - Amavata Sannipataja,,Unknown,UNMAPPED,No suitable ICD-11 match found,0.000,No Match,Optimized Semantic Matching,2025-09-04
AY2687,Epilepsy - Apasmara Chronic,,Unknown,UNMAPPED,No suitable ICD-11 match found,0.000,No Match,Optimized Semantic Matching,2025-09-04
AY2688,Diarrhea - Atisara Acute,,Unknown,UNMAPPED,No suitable ICD-11 match found,0.000,No Match,Optimized Semantic Matching,2025-09-04
AY2689,Cough - Kasa,,Unknown,MD12,cough,0.800,High,Optimized Semantic Matching,2025-09-04
AY2690,Cold - Pratishyaya Vataja,,Unknown,UNMAPPED,No suitable ICD-11 match found,0.000,No Match,Optimized Semantic Matching,2025-09-04
AY2691,Hemorrhoids - Arsha Pittaja,,Unknown,UNMAPPED,No suitable ICD-11 match found,0.000,No Match,Optimized Semantic Matching,2025-09-04
AY2692,Urinary Stones - Ashmari Kaphaja,,Unknown,UNMAPPED,No suitable ICD-11 match found,0.000,No Match,Optimized Semantic Matching,2025-09-04
AY2693,Jaundice - Kamala Sannipataja,,Unknown,UNMAPPED,No suitable ICD-11 match found,0.000,No Match,Optimized Semantic Matching,2025-09-04
AY2694,Leucorrhea - Shweta Pradara Chronic,,Unknown,UNMAPPED,No suitable ICD-11 match found,0.000,No Match,Optimized Semantic Matching,2025-09-04
AY2695,Impotence - Klaibya Acute,,Unknown,UNMAPPED,No suitable ICD-11 match found,0.000,No Match,Optimized Semantic Matching,2025-09-04
AY2696,Gout - Vatarakta,,Unknown,FA25,Gout,0.800,High,Optimized Semantic Matching,2025-09-04
AY2697,Sciatica - Gridhrasi Vataja,,Unknown,ME84.3,sciatica,0.800,High,Optimized Semantic Matching,2025-09-04
AY2698,Vertigo - Bhrama Pittaja,,Unknown,MB48.0,vertigo,0.800,High,Optimized Semantic Matching,2025-09-04
AY2699,Sinusitis - Dushta Pratishyaya Kaphaja,,Unknown,SC91,Nasal sinusitis disorder (TM1),0.700,High,Optimized Semantic Matching,2025-09-04
AY2700,Bronchitis - Kasa Roga Sannipataja,,Unknown,CA20,bronchitis,0.800,High,Optimized Semantic Matching,2025-09-04
AY2701,Fever - Jwara Chronic,,Unknown,1D2Z,"Dengue fever, unspecified",0.700,High,Optimized Semantic Matching,2025-09-04
AY2702,Diabetes - Madhumeha Acute,,Unknown,QA0A.10,special screening examination for diabetes mellitus,0.700,High,Optimized Semantic Matching,2025-09-04
AY2703,Hypertension - Rakta Gata Vata,,Unknown,MC80.0,"elevated bloodpressure reading, without diagnosis of hypertension",0.700,High,Optimized Semantic Matching,2025-09-04
AY2704,Arthritis - Sandhivata Vataja,,Unknown,FA20,Rheumatoid arthritis,0.700,High,Optimized Semantic Matching,2025-09-04
AY2705,Asthma - Tamaka Shwasa Pittaja,,Unknown,CA23,Asthma,0.800,High,Optimized Semantic Matching,2025-09-04
AY2706,Migraine - Ardhavabhedaka Kaphaja,,Unknown,8A80,Migraine,0.800,High,Optimized Semantic Matching,2025-09-04
AY2707,Depression - Vishada Sannipataja,,Unknown,UNMAPPED,No suitable ICD-11 match found,0.000,No Match,Optimized Semantic Matching,2025-09-04
AY2708,Gastritis - Amlapitta Chronic,,Unknown,DA42,Gastritis,0.800,High,Optimized Semantic Matching,2025-09-04
AY2709,Insomnia - Anidra Acute,,Unknown,UNMAPPED,No suitable ICD-11 match found,0.000,No Match,Optimized Semantic Matching,2025-09-04
AY2710,Constipation - Vibandha,,Unknown,ME05.0,constipation,0.800,High,Optimized Semantic Matching,2025-09-04
AY2711,Obesity - Medoroga Vataja,,Unknown,5B81,Obesity,0.800,High,Optimized Semantic Matching,2025-09-04
AY2712,Anemia - Pandu Pittaja,,Unknown,EF20,Acquired malformations of Cutaneous blood vessels,0.700,High,Optimized Semantic Matching,2025-09-04
AY2713,Psoriasis - Kitibha Kaphaja,,Unknown,EA90,Psoriasis,0.800,High,Optimized Semantic Matching,2025-09-04
AY2714,Eczema - Vicharchika Sannipataja,,Unknown,UNMAPPED,No suitable ICD-11 match found,0.000,No Match,Optimized Semantic Matching,2025-09-04
AY2715,Urticaria - Sheetapitta Chronic,,Unknown,EB00.1,Chronic Urticaria,0.400,Low,Optimized Semantic Matching,2025-09-04
AY2716,Rheumatism - Amavata Acute,,Unknown,UNMAPPED,No suitable ICD-11 match found,0.000,No Match,Optimized Semantic Matching,2025-09-04
AY2717,Epilepsy - Apasmara,,Unknown,UNMAPPED,No suitable ICD-11 match found,0.000,No Match,Optimized Semantic Matching,2025-09-04
AY2718,Diarrhea - Atisara Vataja,,Unknown,UNMAPPED,No suitable ICD-11 match found,0.000,No Match,Optimized Semantic Matching,2025-09-04
AY2719,Cough - Kasa Pittaja,,Unknown,MD12,cough,0.800,High,Optimized Semantic Matching,2025-09-04
AY2720,Cold - Pratishyaya Kaphaja,,Unknown,UNMAPPED,No suitable ICD-11 match found,0.000,No Match,Optimized Semantic Matching,2025-09-04
AY2721,Hemorrhoids - Arsha Sannipataja,,Unknown,UNMAPPED,No suitable ICD-11 match found,0.000,No Match,Optimized Semantic Matching,2025-09-04
AY2722,Urinary Stones - Ashmari Chronic,,Unknown,UNMAPPED,No suitable ICD-11 match found,0.000,No Match,Optimized Semantic Matching,2025-09-04
AY2723,Jaundice - Kamala Acute,,Unknown,UNMAPPED,No suitable ICD-11 match found,0.000,No Match,Optimized Semantic Matching,2025-09-04
AY2724,Leucorrhea - Shweta Pradara,,Unknown,UNMAPPED,No suitable ICD-11 match found,0.000,No Match,Optimized Semantic Matching,2025-09-04
AY2725,Impotence - Klaibya Vataja,,Unknown,UNMAPPED,No suitable ICD-11 match found,0.000,No Match,Optimized Semantic Matching,2025-09-04
AY2726,Gout - Vatarakta Pittaja,,Unknown,FA25,Gout,0.800,High,Optimized Semantic Matching,2025-09-04
AY2727,Sciatica - Gridhrasi Kaphaja,,Unknown,ME84.3,sciatica,0.800,High,Optimized Semantic Matching,2025-09-04
AY2728,Vertigo - Bhrama Sannipataja,,Unknown,MB48.0,vertigo,0.800,High,Optimized Semantic Matching,2025-09-04
AY2729,Sinusitis - Dushta Pratishyaya Chronic,,Unknown,2A81.7,Diffuse large Bcell lymphoma associated with Chronic inflammation,0.700,High,Optimized Semantic Matching,2025-09-04
AY2730,Bronchitis - Kasa Roga Acute,,Unknown,CA20,bronchitis,0.800,High,Optimized Semantic Matching,2025-09-04
AY2731,Fever - Jwara,,Unknown,1C30.2,Typhus fever due to Rickettsia typhi,0.700,High,Optimized Semantic Matching,2025-09-04
AY2732,Diabetes - Madhumeha Vataja,,Unknown,5A11,Type 2 diabetes mellitus,0.700,High,Optimized Semantic Matching,2025-09-04
AY2733,Hypertension - Rakta Gata Vata Pittaja,,Unknown,MC80.0,"elevated bloodpressure reading, without diagnosis of hypertension",0.700,High,Optimized Semantic Matching,2025-09-04
AY2734,Arthritis - Sandhivata Kaphaja,,Unknown,FA20,Rheumatoid arthritis,0.700,High,Optimized Semantic Matching,2025-09-04
AY2735,Asthma - Tamaka Shwasa Sannipataja,,Unknown,CA23,Asthma,0.800,High,Optimized Semantic Matching,2025-09-04
AY2736,Migraine - Ardhavabhedaka Chronic,,Unknown,8A80,Migraine,0.800,High,Optimized Semantic Matching,2025-09-04
AY2737,Depression - Vishada Acute,,Unknown,UNMAPPED,No suitable ICD-11 match found,0.000,No Match,Optimized Semantic Matching,2025-09-04
AY2738,Gastritis - Amlapitta,,Unknown,DA42,Gastritis,0.800,High,Optimized Semantic Matching,2025-09-04
AY2739,Insomnia - Anidra Vataja,,Unknown,UNMAPPED,No suitable ICD-11 match found,0.000,No Match,Optimized Semantic Matching,2025-09-04
AY2740,Constipation - Vibandha Pittaja,,Unknown,ME05.0,constipation,0.800,High,Optimized Semantic Matching,2025-09-04
AY2741,Obesity - Medoroga Kaphaja,,Unknown,5B81,Obesity,0.800,High,Optimized Semantic Matching,2025-09-04
AY2742,Anemia - Pandu Sannipataja,,Unknown,EF20,Acquired malformations of Cutaneous blood vessels,0.700,High,Optimized Semantic Matching,2025-09-04
AY2743,Psoriasis - Kitibha Chronic,,Unknown,EA90,Psoriasis,0.800,High,Optimized Semantic Matching,2025-09-04
AY2744,Eczema - Vicharchika Acute,,Unknown,UNMAPPED,No suitable ICD-11 match found,0.000,No Match,Optimized Semantic Matching,2025-09-04
AY2745,Urticaria - Sheetapitta,,Unknown,UNMAPPED,No suitable ICD-11 match found,0.000,No Match,Optimized Semantic Matching,2025-09-04
AY2746,Rheumatism - Amavata Vataja,,Unknown,UNMAPPED,No suitable ICD-11 match found,0.000,No Match,Optimized Semantic Matching,2025-09-04
AY2747,Epilepsy - Apasmara Pittaja,,Unknown,UNMAPPED,No suitable ICD-11 match found,0.000,No Match,Optimized Semantic Matching,2025-09-04
AY2748,Diarrhea - Atisara Kaphaja,,Unknown,UNMAPPED,No suitable ICD-11 match found,0.000,No Match,Optimized Semantic Matching,2025-09-04
AY2749,Cough - Kasa Sannipataja,,Unknown,MD12,cough,0.800,High,Optimized Semantic Matching,2025-09-04
AY2750,Cold - Pratishyaya Chronic,,Unknown,UNMAPPED,No suitable ICD-11 match found,0.000,No Match,Optimized Semantic Matching,2025-09-04
AY2751,Hemorrhoids - Arsha Acute,,Unknown,UNMAPPED,No suitable ICD-11 match found,0.000,No Match,Optimized Semantic Matching,2025-09-04
AY2752,Urinary Stones - Ashmari,,Unknown,UNMAPPED,No suitable ICD-11 match found,0.000,No Match,Optimized Semantic Matching,2025-09-04
AY2753,Jaundice - Kamala Vataja,,Unknown,UNMAPPED,No suitable ICD-11 match found,0.000,No Match,Optimized Semantic Matching,2025-09-04
AY2754,Leucorrhea - Shweta Pradara Pittaja,,Unknown,UNMAPPED,No suitable ICD-11 match found,0.000,No Match,Optimized Semantic Matching,2025-09-04
AY2755,Impotence - Klaibya Kaphaja,,Unknown,UNMAPPED,No suitable ICD-11 match found,0.000,No Match,Optimized Semantic Matching,2025-09-04
AY2756,Gout - Vatarakta Sannipataja,,Unknown,FA25,Gout,0.800,High,Optimized Semantic Matching,2025-09-04
AY2757,Sciatica - Gridhrasi Chronic,,Unknown,ME84.3,sciatica,0.800,High,Optimized Semantic Matching,2025-09-04
AY2758,Vertigo - Bhrama Acute,,Unknown,MB48.0,vertigo,0.800,High,Optimized Semantic Matching,2025-09-04
AY2759,Sinusitis - Dushta Pratishyaya,,Unknown,SC91,Nasal sinusitis disorder (TM1),0.700,High,Optimized Semantic Matching,2025-09-04
AY2760,Bronchitis - Kasa Roga Vataja,,Unknown,CA20,bronchitis,0.800,High,Optimized Semantic Matching,2025-09-04
AY2761,Fever - Jwara Pittaja,,Unknown,1C30.2,Typhus fever due to Rickettsia typhi,0.700,High,Optimized Semantic Matching,2025-09-04
AY2762,Diabetes - Madhumeha Kaphaja,,Unknown,5A11,Type 2 diabetes mellitus,0.700,High,Optimized Semantic Matching,2025-09-04
AY2763,Hypertension - Rakta Gata Vata Sannipataja,,Unknown,MC80.0,"elevated bloodpressure reading, without diagnosis of hypertension",0.700,High,Optimized Semantic Matching,2025-09-04
AY2764,Arthritis - Sandhivata Chronic,,Unknown,2A81.7,Diffuse large Bcell lymphoma associated with Chronic inflammation,0.700,High,Optimized Semantic Matching,2025-09-04
AY2765,Asthma - Tamaka Shwasa Acute,,Unknown,CA23,Asthma,0.800,High,Optimized Semantic Matching,2025-09-04
AY2766,Migraine - Ardhavabhedaka,,Unknown,8A80,Migraine,0.800,High,Optimized Semantic Matching,2025-09-04
AY2767,Depression - Vishada Vataja,,Unknown,UNMAPPED,No suitable ICD-11 match found,0.000,No Match,Optimized Semantic Matching,2025-09-04
AY2768,Gastritis - Amlapitta Pittaja,,Unknown,DA42,Gastritis,0.800,High,Optimized Semantic Matching,2025-09-04
AY2769,Insomnia - Anidra Kaphaja,,Unknown,UNMAPPED,No suitable ICD-11 match found,0.000,No Match,Optimized Semantic Matching,2025-09-04
AY2770,Constipation - Vibandha Sannipataja,,Unknown,ME05.0,constipation,0.800,High,Optimized Semantic Matching,2025-09-04
AY2771,Obesity - Medoroga Chronic,,Unknown,5B81,Obesity,0.800,High,Optimized Semantic Matching,2025-09-04
AY2772,Anemia - Pandu Acute,,Unknown,UNMAPPED,No suitable ICD-11 match found,0.000,No Match,Optimized Semantic Matching,2025-09-04
AY2773,Psoriasis - Kitibha,,Unknown,EA90,Psoriasis,0.800,High,Optimized Semantic Matching,2025-09-04
AY2774,Eczema - Vicharchika Vataja,,Unknown,UNMAPPED,No suitable ICD-11 match found,0.000,No Match,Optimized Semantic Matching,2025-09-04
AY2775,Urticaria - Sheetapitta Pittaja,,Unknown,UNMAPPED,No suitable ICD-11 match found,0.000,No Match,Optimized Semantic Matching,2025-09-04
AY2776,Rheumatism - Amavata Kaphaja,,Unknown,UNMAPPED,No suitable ICD-11 match found,0.000,No Match,Optimized Semantic Matching,2025-09-04
AY2777,Epilepsy - Apasmara Sannipataja,,Unknown,UNMAPPED,No suitable ICD-11 match found,0.000,No Match,Optimized Semantic Matching,2025-09-04
AY2778,Diarrhea - Atisara Chronic,,Unknown,UNMAPPED,No suitable ICD-11 match found,0.000,No Match,Optimized Semantic Matching,2025-09-04
AY2779,Cough - Kasa Acute,,Unknown,MD12,cough,0.800,High,Optimized Semantic Matching,2025-09-04
AY2780,Cold - Pratishyaya,,Unknown,UNMAPPED,No suitable ICD-11 match found,0.000,No Match,Optimized Semantic Matching,2025-09-04
AY2781,Hemorrhoids - Arsha Vataja,,Unknown,UNMAPPED,No suitable ICD-11 match found,0.000,No Match,Optimized Semantic Matching,2025-09-04
AY2782,Urinary Stones - Ashmari Pittaja,,Unknown,UNMAPPED,No suitable ICD-11 match found,0.000,No Match,Optimized Semantic Matching,2025-09-04
AY2783,Jaundice - Kamala Kaphaja,,Unknown,UNMAPPED,No suitable ICD-11 match found,0.000,No Match,Optimized Semantic Matching,2025-09-04
AY2784,Leucorrhea - Shweta Pradara Sannipataja,,Unknown,UNMAPPED,No suitable ICD-11 match found,0.000,No Match,Optimized Semantic Matching,2025-09-04
AY2785,Impotence - Klaibya Chronic,,Unknown,UNMAPPED,No suitable ICD-11 match found,0.000,No Match,Optimized Semantic Matching,2025-09-04
AY2786,Gout - Vatarakta Acute,,Unknown,FA25,Gout,0.800,High,Optimized Semantic Matching,2025-09-04
AY2787,Sciatica - Gridhrasi,,Unknown,ME84.3,sciatica,0.800,High,Optimized Semantic Matching,2025-09-04
AY2788,Vertigo - Bhrama Vataja,,Unknown,MB48.0,vertigo,0.800,High,Optimized Semantic Matching,2025-09-04
AY2789,Sinusitis - Dushta Pratishyaya Pittaja,,Unknown,SC91,Nasal sinusitis disorder (TM1),0.700,High,Optimized Semantic Matching,2025-09-04
AY2790,Bronchitis - Kasa Roga Kaphaja,,Unknown,CA20,bronchitis,0.800,High,Optimized Semantic Matching,2025-09-04
AY2791,Fever - Jwara Sannipataja,,Unknown,1C30.2,Typhus fever due to Rickettsia typhi,0.700,High,Optimized Semantic Matching,2025-09-04
AY2792,Diabetes - Madhumeha Chronic,,Unknown,QA0A.10,special screening examination for diabetes mellitus,0.700,High,Optimized Semantic Matching,2025-09-04
AY2793,Hypertension - Rakta Gata Vata Acute,,Unknown,MC80.0,"elevated bloodpressure reading, without diagnosis of hypertension",0.700,High,Optimized Semantic Matching,2025-09-04
AY2794,Arthritis - Sandhivata,,Unknown,FA20,Rheumatoid arthritis,0.700,High,Optimized Semantic Matching,2025-09-04
AY2795,Asthma - Tamaka Shwasa Vataja,,Unknown,CA23,Asthma,0.800,High,Optimized Semantic Matching,2025-09-04
AY2796,Migraine - Ardhavabhedaka Pittaja,,Unknown,8A80,Migraine,0.800,High,Optimized Semantic Matching,2025-09-04
AY2797,Depression - Vishada Kaphaja,,Unknown,UNMAPPED,No suitable ICD-11 match found,0.000,No Match,Optimized Semantic Matching,2025-09-04
AY2798,Gastritis - Amlapitta Sannipataja,,Unknown,DA42,Gastritis,0.800,High,Optimized Semantic Matching,2025-09-04
AY2799,Insomnia - Anidra Chronic,,Unknown,7A00,Chronic insomnia,0.400,Low,Optimized Semantic Matching,2025-09-04
AY2800,Constipation - Vibandha Acute,,Unknown,ME05.0,constipation,0.800,High,Optimized Semantic Matching,2025-09-04
AY2801,Obesity - Medoroga,,Unknown,5B81,Obesity,0.800,High,Optimized Semantic Matching,2025-09-04
AY2802,Anemia - Pandu Vataja,,Unknown,EF20,Acquired malformations of Cutaneous blood vessels,0.700,High,Optimized Semantic Matching,2025-09-04
AY2803,Psoriasis - Kitibha Pittaja,,Unknown,EA90,Psoriasis,0.800,High,Optimized Semantic Matching,2025-09-04
AY2804,Eczema - Vicharchika Kaphaja,,Unknown,UNMAPPED,No suitable ICD-11 match found,0.000,No Match,Optimized Semantic Matching,2025-09-04
AY2805,Urticaria - Sheetapitta Sannipataja,,Unknown,UNMAPPED,No suitable ICD-11 match found,0.000,No Match,Optimized Semantic Matching,2025-09-04
AY2806,Rheumatism - Amavata Chronic,,Unknown,UNMAPPED,No suitable ICD-11 match found,0.000,No Match,Optimized Semantic Matching,2025-09-04
AY2807,Epilepsy - Apasmara Acute,,Unknown,UNMAPPED,No suitable ICD-11 match found,0.000,No Match,Optimized Semantic Matching,2025-09-04
AY2808,Diarrhea - Atisara,,Unknown,UNMAPPED,No suitable ICD-11 match found,0.000,No Match,Optimized Semantic Matching,2025-09-04
AY2809,Cough - Kasa Vataja,,Unknown,MD12,cough,0.800,High,Optimized Semantic Matching,2025-09-04
AY2810,Cold - Pratishyaya Pittaja,,Unknown,UNMAPPED,No suitable ICD-11 match found,0.000,No Match,Optimized Semantic Matching,2025-09-04
AY2811,Hemorrhoids - Arsha Kaphaja,,Unknown,UNMAPPED,No suitable ICD-11 match found,0.000,No Match,Optimized Semantic Matching,2025-09-04
AY2812,Urinary Stones - Ashmari Sannipataja,,Unknown,UNMAPPED,No suitable ICD-11 match found,0.000,No Match,Optimized Semantic Matching,2025-09-04
AY2813,Jaundice - Kamala Chronic,,Unknown,UNMAPPED,No suitable ICD-11 match found,0.000,No Match,Optimized Semantic Matching,2025-09-04
AY2814,Leucorrhea - Shweta Pradara Acute,,Unknown,UNMAPPED,No suitable ICD-11 match found,0.000,No Match,Optimized Semantic Matching,2025-09-04
AY2815,Impotence - Klaibya,,Unknown,UNMAPPED,No suitable ICD-11 match found,0.000,No Match,Optimized Semantic Matching,2025-09-04
AY2816,Gout - Vatarakta Vataja,,Unknown,FA25,Gout,0.800,High,Optimized Semantic Matching,2025-09-04
AY2817,Sciatica - Gridhrasi Pittaja,,Unknown,ME84.3,sciatica,0.800,High,Optimized Semantic Matching,2025-09-04
AY2818,Vertigo - Bhrama Kaphaja,,Unknown,MB48.0,vertigo,0.800,High,Optimized Semantic Matching,2025-09-04
AY2819,Sinusitis - Dushta Pratishyaya Sannipataja,,Unknown,SC91,Nasal sinusitis disorder (TM1),0.700,High,Optimized Semantic Matching,2025-09-04
AY2820,Bronchitis - Kasa Roga Chronic,,Unknown,CA20,bronchitis,0.800,High,Optimized Semantic Matching,2025-09-04
AY2821,Fever - Jwara Acute,,Unknown,1D2Z,"Dengue fever, unspecified",0.700,High,Optimized Semantic Matching,2025-09-04
AY2822,Diabetes - Madhumeha,,Unknown,5A11,Type 2 diabetes mellitus,0.700,High,Optimized Semantic Matching,2025-09-04
AY2823,Hypertension - Rakta Gata Vata Vataja,,Unknown,MC80.0,"elevated bloodpressure reading, without diagnosis of hypertension",0.700,High,Optimized Semantic Matching,2025-09-04
AY2824,Arthritis - Sandhivata Pittaja,,Unknown,FA20,Rheumatoid arthritis,0.700,High,Optimized Semantic Matching,2025-09-04
AY2825,Asthma - Tamaka Shwasa Kaphaja,,Unknown,CA23,Asthma,0.800,High,Optimized Semantic Matching,2025-09-04
AY2826,Migraine - Ardhavabhedaka Sannipataja,,Unknown,8A80,Migraine,0.800,High,Optimized Semantic Matching,2025-09-04
AY2827,Depression - Vishada Chronic,,Unknown,UNMAPPED,No suitable ICD-11 match found,0.000,No Match,Optimized Semantic Matching,2025-09-04
AY2828,Gastritis - Amlapitta Acute,,Unknown,DA42,Gastritis,0.800,High,Optimized Semantic Matching,2025-09-04
AY2829,Insomnia - Anidra,,Unknown,UNMAPPED,No suitable ICD-11 match found,0.000,No Match,Optimized Semantic Matching,2025-09-04
AY2830,Constipation - Vibandha Vataja,,Unknown,ME05.0,constipation,0.800,High,Optimized Semantic Matching,2025-09-04
AY2831,Obesity - Medoroga Pittaja,,Unknown,5B81,Obesity,0.800,High,Optimized Semantic Matching,2025-09-04
AY2832,Anemia - Pandu Kaphaja,,Unknown,EF20,Acquired malformations of Cutaneous blood vessels,0.700,High,Optimized Semantic Matching,2025-09-04
AY2833,Psoriasis - Kitibha Sannipataja,,Unknown,EA90,Psoriasis,0.800,High,Optimized Semantic Matching,2025-09-04
AY2834,Eczema - Vicharchika Chronic,,Unknown,UNMAPPED,No suitable ICD-11 match found,0.000,No Match,Optimized Semantic Matching,2025-09-04
AY2835,Urticaria - Sheetapitta Acute,,Unknown,EB00.0,Acute Urticaria,0.400,Low,Optimized Semantic Matching,2025-09-04
AY2836,Rheumatism - Amavata,,Unknown,UNMAPPED,No suitable ICD-11 match found,0.000,No Match,Optimized Semantic Matching,2025-09-04
AY2837,Epilepsy - Apasmara Vataja,,Unknown,UNMAPPED,No suitable ICD-11 match found,0.000,No Match,Optimized Semantic Matching,2025-09-04
AY2838,Diarrhea - Atisara Pittaja,,Unknown,UNMAPPED,No suitable ICD-11 match found,0.000,No Match,Optimized Semantic Matching,2025-09-04
AY2839,Cough - Kasa Kaphaja,,Unknown,MD12,cough,0.800,High,Optimized Semantic Matching,2025-09-04
AY2840,Cold - Pratishyaya Sannipataja,,Unknown,UNMAPPED,No suitable ICD-11 match found,0.000,No Match,Optimized Semantic Matching,2025-09-04
AY2841,Hemorrhoids - Arsha Chronic,,Unknown,UNMAPPED,No suitable ICD-11 match found,0.000,No Match,Optimized Semantic Matching,2025-09-04
AY2842,Urinary Stones - Ashmari Acute,,Unknown,UNMAPPED,No suitable ICD-11 match found,0.000,No Match,Optimized Semantic Matching,2025-09-04
AY2843,Jaundice - Kamala,,Unknown,UNMAPPED,No suitable ICD-11 match found,0.000,No Match,Optimized Semantic Matching,2025-09-04
AY2844,Leucorrhea - Shweta Pradara Vataja,,Unknown,UNMAPPED,No suitable ICD-11 match found,0.000,No Match,Optimized Semantic Matching,2025-09-04
AY2845,Impotence - Klaibya Pittaja,,Unknown,UNMAPPED,No suitable ICD-11 match found,0.000,No Match,Optimized Semantic Matching,2025-09-04
AY2846,Gout - Vatarakta Kaphaja,,Unknown,FA25,Gout,0.800,High,Optimized Semantic Matching,2025-09-04
AY2847,Sciatica - Gridhrasi Sannipataja,,Unknown,ME84.3,sciatica,0.800,High,Optimized Semantic Matching,2025-09-04
SD0001,Fever - Suram,,Unknown,1C30.2,Typhus fever due to Rickettsia typhi,0.700,High,Optimized Semantic Matching,2025-09-04
SD0002,Diabetes - Neerizhevu Vatham,,Unknown,5A11,Type 2 diabetes mellitus,0.700,High,Optimized Semantic Matching,2025-09-04
SD0003,Hypertension - Ratha Azhutham Pitham,,Unknown,UNMAPPED,No suitable ICD-11 match found,0.000,No Match,Optimized Semantic Matching,2025-09-04
SD0004,Arthritis - Keel Vayu Kabam,,Unknown,FA20,Rheumatoid arthritis,0.700,High,Optimized Semantic Matching,2025-09-04
SD0005,Asthma - Irumal Chronic,,Unknown,CA23,Asthma,0.800,High,Optimized Semantic Matching,2025-09-04
SD0006,Headache - Thalai Noi Acute,,Unknown,8A81,TensionType headache,0.700,High,Optimized Semantic Matching,2025-09-04
SD0007,Gastritis - Gunmam Primary,,Unknown,DA42,Gastritis,0.800,High,Optimized Semantic Matching,2025-09-04
SD0008,Skin Disease - Thole Noi,,Unknown,1D40,Chikungunya virus disease,0.700,High,Optimized Semantic Matching,2025-09-04
SD0009,Liver Disease - Kal Noi Vatham,,Unknown,2C12.02,hepatocellular carcinoma of liver,0.700,High,Optimized Semantic Matching,2025-09-04
SD0010,Kidney Disease - Siruneer Noi Pitham,,Unknown,1D40,Chikungunya virus disease,0.700,High,Optimized Semantic Matching,2025-09-04
SD0011,Eye Disease - Kan Noi Kabam,,Unknown,1D40,Chikungunya virus disease,0.700,High,Optimized Semantic Matching,2025-09-04
SD0012,Ear Disease - Kadhu Noi Chronic,,Unknown,1D40,Chikungunya virus disease,0.700,High,Optimized Semantic Matching,2025-09-04
SD0013,Mental Disorder - Mana Noi Acute,,Unknown,QA02.3,"observation for Suspected mental or behavioural disorders, ruled out",0.700,High,Optimized Semantic Matching,2025-09-04
SD0014,Blood Disease - Ratha Noi Primary,,Unknown,1D40,Chikungunya virus disease,0.700,High,Optimized Semantic Matching,2025-09-04
SD0015,Bone Disease - Elumbu Noi,,Unknown,2E82.0,Benign chondrogenic tumours of bone or articular cartilage of limbs,0.700,High,Optimized Semantic Matching,2025-09-04
SD0016,Paralysis - Pakka Vatham Vatham,,Unknown,UNMAPPED,No suitable ICD-11 match found,0.000,No Match,Optimized Semantic Matching,2025-09-04
SD0017,Epilepsy - Vali Noi Pitham,,Unknown,UNMAPPED,No suitable ICD-11 match found,0.000,No Match,Optimized Semantic Matching,2025-09-04
SD0018,Diarrhea - Kallichal Kabam,,Unknown,UNMAPPED,No suitable ICD-11 match found,0.000,No Match,Optimized Semantic Matching,2025-09-04
SD0019,Cough - Irumal Kanam Chronic,,Unknown,MD12,cough,0.800,High,Optimized Semantic Matching,2025-09-04
SD0020,Cold - Sanni Acute,,Unknown,UNMAPPED,No suitable ICD-11 match found,0.000,No Match,Optimized Semantic Matching,2025-09-04
SD0021,Fever - Suram Primary,,Unknown,1D2Z,"Dengue fever, unspecified",0.700,High,Optimized Semantic Matching,2025-09-04
SD0022,Diabetes - Neerizhevu,,Unknown,5A11,Type 2 diabetes mellitus,0.700,High,Optimized Semantic Matching,2025-09-04
SD0023,Hypertension - Ratha Azhutham Vatham,,Unknown,UNMAPPED,No suitable ICD-11 match found,0.000,No Match,Optimized Semantic Matching,2025-09-04
SD0024,Arthritis - Keel Vayu Pitham,,Unknown,FA20,Rheumatoid arthritis,0.700,High,Optimized Semantic Matching,2025-09-04
SD0025,Asthma - Irumal Kabam,,Unknown,CA23,Asthma,0.800,High,Optimized Semantic Matching,2025-09-04
SD0026,Headache - Thalai Noi Chronic,,Unknown,8A81,TensionType headache,0.700,High,Optimized Semantic Matching,2025-09-04
SD0027,Gastritis - Gunmam Acute,,Unknown,DA42,Gastritis,0.800,High,Optimized Semantic Matching,2025-09-04
SD0028,Skin Disease - Thole Noi Primary,,Unknown,1D40,Chikungunya virus disease,0.700,High,Optimized Semantic Matching,2025-09-04
SD0029,Liver Disease - Kal Noi,,Unknown,2C12.02,hepatocellular carcinoma of liver,0.700,High,Optimized Semantic Matching,2025-09-04
SD0030,Kidney Disease - Siruneer Noi Vatham,,Unknown,1D40,Chikungunya virus disease,0.700,High,Optimized Semantic Matching,2025-09-04
SD0031,Eye Disease - Kan Noi Pitham,,Unknown,1D40,Chikungunya virus disease,0.700,High,Optimized Semantic Matching,2025-09-04
SD0032,Ear Disease - Kadhu Noi Kabam,,Unknown,1D40,Chikungunya virus disease,0.700,High,Optimized Semantic Matching,2025-09-04
SD0033,Mental Disorder - Mana Noi Chronic,,Unknown,QA02.3,"observation for Suspected mental or behavioural disorders, ruled out",0.700,High,Optimized Semantic Matching,2025-09-04
SD0034,Blood Disease - Ratha Noi Acute,,Unknown,1D40,Chikungunya virus disease,0.700,High,Optimized Semantic Matching,2025-09-04
SD0035,Bone Disease - Elumbu Noi Primary,,Unknown,2E82.0,Benign chondrogenic tumours of bone or articular cartilage of limbs,0.700,High,Optimized Semantic Matching,2025-09-04
SD0036,Paralysis - Pakka Vatham,,Unknown,UNMAPPED,No suitable ICD-11 match found,0.000,No Match,Optimized Semantic Matching,2025-09-04
SD0037,Epilepsy - Vali Noi Vatham,,Unknown,UNMAPPED,No suitable ICD-11 match found,0.000,No Match,Optimized Semantic Matching,2025-09-04
SD0038,Diarrhea - Kallichal Pitham,,Unknown,UNMAPPED,No suitable ICD-11 match found,0.000,No Match,Optimized Semantic Matching,2025-09-04
SD0039,Cough - Irumal Kanam Kabam,,Unknown,MD12,cough,0.800,High,Optimized Semantic Matching,2025-09-04
SD0040,Cold - Sanni Chronic,,Unknown,UNMAPPED,No suitable ICD-11 match found,0.000,No Match,Optimized Semantic Matching,2025-09-04
SD0041,Fever - Suram Acute,,Unknown,1D2Z,"Dengue fever, unspecified",0.700,High,Optimized Semantic Matching,2025-09-04
SD0042,Diabetes - Neerizhevu Primary,,Unknown,QA0A.10,special screening examination for diabetes mellitus,0.700,High,Optimized Semantic Matching,2025-09-04
SD0043,Hypertension - Ratha Azhutham,,Unknown,UNMAPPED,No suitable ICD-11 match found,0.000,No Match,Optimized Semantic Matching,2025-09-04
SD0044,Arthritis - Keel Vayu Vatham,,Unknown,FA20,Rheumatoid arthritis,0.700,High,Optimized Semantic Matching,2025-09-04
SD0045,Asthma - Irumal Pitham,,Unknown,CA23,Asthma,0.800,High,Optimized Semantic Matching,2025-09-04
SD0046,Headache - Thalai Noi Kabam,,Unknown,JB0C.5,Spinal or epidural Anaesthesiainduced headache during labour or delivery,0.700,High,Optimized Semantic Matching,2025-09-04
SD0047,Gastritis - Gunmam Chronic,,Unknown,DA42,Gastritis,0.800,High,Optimized Semantic Matching,2025-09-04
SD0048,Skin Disease - Thole Noi Acute,,Unknown,1D40,Chikungunya virus disease,0.700,High,Optimized Semantic Matching,2025-09-04
SD0049,Liver Disease - Kal Noi Primary,,Unknown,2C12.02,hepatocellular carcinoma of liver,0.700,High,Optimized Semantic Matching,2025-09-04
SD0050,Kidney Disease - Siruneer Noi,,Unknown,1D40,Chikungunya virus disease,0.700,High,Optimized Semantic Matching,2025-09-04
SD0051,Eye Disease - Kan Noi Vatham,,Unknown,1D40,Chikungunya virus disease,0.700,High,Optimized Semantic Matching,2025-09-04
SD0052,Ear Disease - Kadhu Noi Pitham,,Unknown,1D40,Chikungunya virus disease,0.700,High,Optimized Semantic Matching,2025-09-04
SD0053,Mental Disorder - Mana Noi Kabam,,Unknown,QA02.3,"observation for Suspected mental or behavioural disorders, ruled out",0.700,High,Optimized Semantic Matching,2025-09-04
SD0054,Blood Disease - Ratha Noi Chronic,,Unknown,1D40,Chikungunya virus disease,0.700,High,Optimized Semantic Matching,2025-09-04
SD0055,Bone Disease - Elumbu Noi Acute,,Unknown,2E82.0,Benign chondrogenic tumours of bone or articular cartilage of limbs,0.700,High,Optimized Semantic Matching,2025-09-04
SD0056,Paralysis - Pakka Vatham Primary,,Unknown,UNMAPPED,No suitable ICD-11 match found,0.000,No Match,Optimized Semantic Matching,2025-09-04
SD0057,Epilepsy - Vali Noi,,Unknown,UNMAPPED,No suitable ICD-11 match found,0.000,No Match,Optimized Semantic Matching,2025-09-04
SD0058,Diarrhea - Kallichal Vatham,,Unknown,UNMAPPED,No suitable ICD-11 match found,0.000,No Match,Optimized Semantic Matching,2025-09-04
SD0059,Cough - Irumal Kanam Pitham,,Unknown,MD12,cough,0.800,High,Optimized Semantic Matching,2025-09-04
SD0060,Cold - Sanni Kabam,,Unknown,UNMAPPED,No suitable ICD-11 match found,0.000,No Match,Optimized Semantic Matching,2025-09-04
SD0061,Fever - Suram Chronic,,Unknown,1D2Z,"Dengue fever, unspecified",0.700,High,Optimized Semantic Matching,2025-09-04
SD0062,Diabetes - Neerizhevu Acute,,Unknown,QA0A.10,special screening examination for diabetes mellitus,0.700,High,Optimized Semantic Matching,2025-09-04
SD0063,Hypertension - Ratha Azhutham Primary,,Unknown,UNMAPPED,No suitable ICD-11 match found,0.000,No Match,Optimized Semantic Matching,2025-09-04
SD0064,Arthritis - Keel Vayu,,Unknown,FA20,Rheumatoid arthritis,0.700,High,Optimized Semantic Matching,2025-09-04
SD0065,Asthma - Irumal Vatham,,Unknown,CA23,Asthma,0.800,High,Optimized Semantic Matching,2025-09-04
SD0066,Headache - Thalai Noi Pitham,,Unknown,JB0C.5,Spinal or epidural Anaesthesiainduced headache during labour or delivery,0.700,High,Optimized Semantic Matching,2025-09-04
SD0067,Gastritis - Gunmam Kabam,,Unknown,DA42,Gastritis,0.800,High,Optimized Semantic Matching,2025-09-04
SD0068,Skin Disease - Thole Noi Chronic,,Unknown,1D40,Chikungunya virus disease,0.700,High,Optimized Semantic Matching,2025-09-04
SD0069,Liver Disease - Kal Noi Acute,,Unknown,2C12.02,hepatocellular carcinoma of liver,0.700,High,Optimized Semantic Matching,2025-09-04
SD0070,Kidney Disease - Siruneer Noi Primary,,Unknown,1D40,Chikungunya virus disease,0.700,High,Optimized Semantic Matching,2025-09-04
SD0071,Eye Disease - Kan Noi,,Unknown,1D40,Chikungunya virus disease,0.700,High,Optimized Semantic Matching,2025-09-04
SD0072,Ear Disease - Kadhu Noi Vatham,,Unknown,1D40,Chikungunya virus disease,0.700,High,Optimized Semantic Matching,2025-09-04
SD0073,Mental Disorder - Mana Noi Pitham,,Unknown,QA02.3,"observation for Suspected mental or behavioural disorders, ruled out",0.700,High,Optimized Semantic Matching,2025-09-04
SD0074,Blood Disease - Ratha Noi Kabam,,Unknown,1D40,Chikungunya virus disease,0.700,High,Optimized Semantic Matching,2025-09-04
SD0075,Bone Disease - Elumbu Noi Chronic,,Unknown,2E82.0,Benign chondrogenic tumours of bone or articular cartilage of limbs,0.700,High,Optimized Semantic Matching,2025-09-04
SD0076,Paralysis - Pakka Vatham Acute,,Unknown,UNMAPPED,No suitable ICD-11 match found,0.000,No Match,Optimized Semantic Matching,2025-09-04
SD0077,Epilepsy - Vali Noi Primary,,Unknown,UNMAPPED,No suitable ICD-11 match found,0.000,No Match,Optimized Semantic Matching,2025-09-04
SD0078,Diarrhea - Kallichal,,Unknown,UNMAPPED,No suitable ICD-11 match found,0.000,No Match,Optimized Semantic Matching,2025-09-04
SD0079,Cough - Irumal Kanam Vatham,,Unknown,MD12,cough,0.800,High,Optimized Semantic Matching,2025-09-04
SD0080,Cold - Sanni Pitham,,Unknown,UNMAPPED,No suitable ICD-11 match found,0.000,No Match,Optimized Semantic Matching,2025-09-04
SD0081,Fever - Suram Kabam,,Unknown,1C30.2,Typhus fever due to Rickettsia typhi,0.700,High,Optimized Semantic Matching,2025-09-04
SD0082,Diabetes - Neerizhevu Chronic,,Unknown,QA0A.10,special screening examination for diabetes mellitus,0.700,High,Optimized Semantic Matching,2025-09-04
SD0083,Hypertension - Ratha Azhutham Acute,,Unknown,UNMAPPED,No suitable ICD-11 match found,0.000,No Match,Optimized Semantic Matching,2025-09-04
SD0084,Arthritis - Keel Vayu Primary,,Unknown,1F02.1,Rubella arthritis,0.700,High,Optimized Semantic Matching,2025-09-04
SD0085,Asthma - Irumal,,Unknown,CA23,Asthma,0.800,High,Optimized Semantic Matching,2025-09-04
SD0086,Headache - Thalai Noi Vatham,,Unknown,JB0C.5,Spinal or epidural Anaesthesiainduced headache during labour or delivery,0.700,High,Optimized Semantic Matching,2025-09-04
SD0087,Gastritis - Gunmam Pitham,,Unknown,DA42,Gastritis,0.800,High,Optimized Semantic Matching,2025-09-04
SD0088,Skin Disease - Thole Noi Kabam,,Unknown,1D40,Chikungunya virus disease,0.700,High,Optimized Semantic Matching,2025-09-04
SD0089,Liver Disease - Kal Noi Chronic,,Unknown,2C12.02,hepatocellular carcinoma of liver,0.700,High,Optimized Semantic Matching,2025-09-04
SD0090,Kidney Disease - Siruneer Noi Acute,,Unknown,1D40,Chikungunya virus disease,0.700,High,Optimized Semantic Matching,2025-09-04
SD0091,Eye Disease - Kan Noi Primary,,Unknown,1D40,Chikungunya virus disease,0.700,High,Optimized Semantic Matching,2025-09-04
SD0092,Ear Disease - Kadhu Noi,,Unknown,1D40,Chikungunya virus disease,0.700,High,Optimized Semantic Matching,2025-09-04
SD0093,Mental Disorder - Mana Noi Vatham,,Unknown,QA02.3,"observation for Suspected mental or behavioural disorders, ruled out",0.700,High,Optimized Semantic Matching,2025-09-04
SD0094,Blood Disease - Ratha Noi Pitham,,Unknown,1D40,Chikungunya virus disease,0.700,High,Optimized Semantic Matching,2025-09-04
SD0095,Bone Disease - Elumbu Noi Kabam,,Unknown,2E82.0,Benign chondrogenic tumours of bone or articular cartilage of limbs,0.700,High,Optimized Semantic Matching,2025-09-04
SD0096,Paralysis - Pakka Vatham Chronic,,Unknown,UNMAPPED,No suitable ICD-11 match found,0.000,No Match,Optimized Semantic Matching,2025-09-04
SD0097,Epilepsy - Vali Noi Acute,,Unknown,UNMAPPED,No suitable ICD-11 match found,0.000,No Match,Optimized Semantic Matching,2025-09-04
SD0098,Diarrhea - Kallichal Primary,,Unknown,UNMAPPED,No suitable ICD-11 match found,0.000,No Match,Optimized Semantic Matching,2025-09-04
SD0099,Cough - Irumal Kanam,,Unknown,MD12,cough,0.800,High,Optimized Semantic Matching,2025-09-04
SD0100,Cold - Sanni Vatham,,Unknown,UNMAPPED,No suitable ICD-11 match found,0.000,No Match,Optimized Semantic Matching,2025-09-04
SD0101,Fever - Suram Pitham,,Unknown,1C30.2,Typhus fever due to Rickettsia typhi,0.700,High,Optimized Semantic Matching,2025-09-04
SD0102,Diabetes - Neerizhevu Kabam,,Unknown,5A11,Type 2 diabetes mellitus,0.700,High,Optimized Semantic Matching,2025-09-04
SD0103,Hypertension - Ratha Azhutham Chronic,,Unknown,UNMAPPED,No suitable ICD-11 match found,0.000,No Match,Optimized Semantic Matching,2025-09-04
SD0104,Arthritis - Keel Vayu Acute,,Unknown,1B41.1Z,"Acute rheumatic endocarditis, unspecified",0.700,High,Optimized Semantic Matching,2025-09-04
SD0105,Asthma - Irumal Primary,,Unknown,CA23,Asthma,0.800,High,Optimized Semantic Matching,2025-09-04
SD0106,Headache - Thalai Noi,,Unknown,JB0C.5,Spinal or epidural Anaesthesiainduced headache during labour or delivery,0.700,High,Optimized Semantic Matching,2025-09-04
SD0107,Gastritis - Gunmam Vatham,,Unknown,DA42,Gastritis,0.800,High,Optimized Semantic Matching,2025-09-04
SD0108,Skin Disease - Thole Noi Pitham,,Unknown,1D40,Chikungunya virus disease,0.700,High,Optimized Semantic Matching,2025-09-04
SD0109,Liver Disease - Kal Noi Kabam,,Unknown,2C12.02,hepatocellular carcinoma of liver,0.700,High,Optimized Semantic Matching,2025-09-04
SD0110,Kidney Disease - Siruneer Noi Chronic,,Unknown,1D40,Chikungunya virus disease,0.700,High,Optimized Semantic Matching,2025-09-04
SD0111,Eye Disease - Kan Noi Acute,,Unknown,1D40,Chikungunya virus disease,0.700,High,Optimized Semantic Matching,2025-09-04
SD0112,Ear Disease - Kadhu Noi Primary,,Unknown,1D40,Chikungunya virus disease,0.700,High,Optimized Semantic Matching,2025-09-04
SD0113,Mental Disorder - Mana Noi,,Unknown,QA02.3,"observation for Suspected mental or behavioural disorders, ruled out",0.700,High,Optimized Semantic Matching,2025-09-04
SD0114,Blood Disease - Ratha Noi Vatham,,Unknown,1D40,Chikungunya virus disease,0.700,High,Optimized Semantic Matching,2025-09-04
SD0115,Bone Disease - Elumbu Noi Pitham,,Unknown,2E82.0,Benign chondrogenic tumours of bone or articular cartilage of limbs,0.700,High,Optimized Semantic Matching,2025-09-04
SD0116,Paralysis - Pakka Vatham Kabam,,Unknown,UNMAPPED,No suitable ICD-11 match found,0.000,No Match,Optimized Semantic Matching,2025-09-04
SD0117,Epilepsy - Vali Noi Chronic,,Unknown,UNMAPPED,No suitable ICD-11 match found,0.000,No Match,Optimized Semantic Matching,2025-09-04
SD0118,Diarrhea - Kallichal Acute,,Unknown,UNMAPPED,No suitable ICD-11 match found,0.000,No Match,Optimized Semantic Matching,2025-09-04
SD0119,Cough - Irumal Kanam Primary,,Unknown,MD12,cough,0.800,High,Optimized Semantic Matching,2025-09-04
SD0120,Cold - Sanni,,Unknown,UNMAPPED,No suitable ICD-11 match found,0.000,No Match,Optimized Semantic Matching,2025-09-04
SD0121,Fever - Suram Vatham,,Unknown,1C30.2,Typhus fever due to Rickettsia typhi,0.700,High,Optimized Semantic Matching,2025-09-04
SD0122,Diabetes - Neerizhevu Pitham,,Unknown,5A11,Type 2 diabetes mellitus,0.700,High,Optimized Semantic Matching,2025-09-04
SD0123,Hypertension - Ratha Azhutham Kabam,,Unknown,UNMAPPED,No suitable ICD-11 match found,0.000,No Match,Optimized Semantic Matching,2025-09-04
SD0124,Arthritis - Keel Vayu Chronic,,Unknown,2A81.7,Diffuse large Bcell lymphoma associated with Chronic inflammation,0.700,High,Optimized Semantic Matching,2025-09-04
SD0125,Asthma - Irumal Acute,,Unknown,CA23,Asthma,0.800,High,Optimized Semantic Matching,2025-09-04
SD0126,Headache - Thalai Noi Primary,,Unknown,8A81,TensionType headache,0.700,High,Optimized Semantic Matching,2025-09-04
SD0127,Gastritis - Gunmam,,Unknown,DA42,Gastritis,0.800,High,Optimized Semantic Matching,2025-09-04
SD0128,Skin Disease - Thole Noi Vatham,,Unknown,1D40,Chikungunya virus disease,0.700,High,Optimized Semantic Matching,2025-09-04
SD0129,Liver Disease - Kal Noi Pitham,,Unknown,2C12.02,hepatocellular carcinoma of liver,0.700,High,Optimized Semantic Matching,2025-09-04
SD0130,Kidney Disease - Siruneer Noi Kabam,,Unknown,1D40,Chikungunya virus disease,0.700,High,Optimized Semantic Matching,2025-09-04
SD0131,Eye Disease - Kan Noi Chronic,,Unknown,1D40,Chikungunya virus disease,0.700,High,Optimized Semantic Matching,2025-09-04
SD0132,Ear Disease - Kadhu Noi Acute,,Unknown,1D40,Chikungunya virus disease,0.700,High,Optimized Semantic Matching,2025-09-04
SD0133,Mental Disorder - Mana Noi Primary,,Unknown,QA02.3,"observation for Suspected mental or behavioural disorders, ruled out",0.700,High,Optimized Semantic Matching,2025-09-04
SD0134,Blood Disease - Ratha Noi,,Unknown,1D40,Chikungunya virus disease,0.700,High,Optimized Semantic Matching,2025-09-04
SD0135,Bone Disease - Elumbu Noi Vatham,,Unknown,2E82.0,Benign chondrogenic tumours of bone or articular cartilage of limbs,0.700,High,Optimized Semantic Matching,2025-09-04
SD0136,Paralysis - Pakka Vatham Pitham,,Unknown,UNMAPPED,No suitable ICD-11 match found,0.000,No Match,Optimized Semantic Matching,2025-09-04
SD0137,Epilepsy - Vali Noi Kabam,,Unknown,UNMAPPED,No suitable ICD-11 match found,0.000,No Match,Optimized Semantic Matching,2025-09-04
SD0138,Diarrhea - Kallichal Chronic,,Unknown,UNMAPPED,No suitable ICD-11 match found,0.000,No Match,Optimized Semantic Matching,2025-09-04
SD0139,Cough - Irumal Kanam Acute,,Unknown,MD12,cough,0.800,High,Optimized Semantic Matching,2025-09-04
SD0140,Cold - Sanni Primary,,Unknown,UNMAPPED,No suitable ICD-11 match found,0.000,No Match,Optimized Semantic Matching,2025-09-04
SD0141,Fever - Suram,,Unknown,1C30.2,Typhus fever due to Rickettsia typhi,0.700,High,Optimized Semantic Matching,2025-09-04
SD0142,Diabetes - Neerizhevu Vatham,,Unknown,5A11,Type 2 diabetes mellitus,0.700,High,Optimized Semantic Matching,2025-09-04
SD0143,Hypertension - Ratha Azhutham Pitham,,Unknown,UNMAPPED,No suitable ICD-11 match found,0.000,No Match,Optimized Semantic Matching,2025-09-04
SD0144,Arthritis - Keel Vayu Kabam,,Unknown,FA20,Rheumatoid arthritis,0.700,High,Optimized Semantic Matching,2025-09-04
SD0145,Asthma - Irumal Chronic,,Unknown,CA23,Asthma,0.800,High,Optimized Semantic Matching,2025-09-04
SD0146,Headache - Thalai Noi Acute,,Unknown,8A81,TensionType headache,0.700,High,Optimized Semantic Matching,2025-09-04
SD0147,Gastritis - Gunmam Primary,,Unknown,DA42,Gastritis,0.800,High,Optimized Semantic Matching,2025-09-04
SD0148,Skin Disease - Thole Noi,,Unknown,1D40,Chikungunya virus disease,0.700,High,Optimized Semantic Matching,2025-09-04
SD0149,Liver Disease - Kal Noi Vatham,,Unknown,2C12.02,hepatocellular carcinoma of liver,0.700,High,Optimized Semantic Matching,2025-09-04
SD0150,Kidney Disease - Siruneer Noi Pitham,,Unknown,1D40,Chikungunya virus disease,0.700,High,Optimized Semantic Matching,2025-09-04
SD0151,Eye Disease - Kan Noi Kabam,,Unknown,1D40,Chikungunya virus disease,0.700,High,Optimized Semantic Matching,2025-09-04
SD0152,Ear Disease - Kadhu Noi Chronic,,Unknown,1D40,Chikungunya virus disease,0.700,High,Optimized Semantic Matching,2025-09-04
SD0153,Mental Disorder - Mana Noi Acute,,Unknown,QA02.3,"observation for Suspected mental or behavioural disorders, ruled out",0.700,High,Optimized Semantic Matching,2025-09-04
SD0154,Blood Disease - Ratha Noi Primary,,Unknown,1D40,Chikungunya virus disease,0.700,High,Optimized Semantic Matching,2025-09-04
SD0155,Bone Disease - Elumbu Noi,,Unknown,2E82.0,Benign chondrogenic tumours of bone or articular cartilage of limbs,0.700,High,Optimized Semantic Matching,2025-09-04
SD0156,Paralysis - Pakka Vatham Vatham,,Unknown,UNMAPPED,No suitable ICD-11 match found,0.000,No Match,Optimized Semantic Matching,2025-09-04
SD0157,Epilepsy - Vali Noi Pitham,,Unknown,UNMAPPED,No suitable ICD-11 match found,0.000,No Match,Optimized Semantic Matching,2025-09-04
SD0158,Diarrhea - Kallichal Kabam,,Unknown,UNMAPPED,No suitable ICD-11 match found,0.000,No Match,Optimized Semantic Matching,2025-09-04
SD0159,Cough - Irumal Kanam Chronic,,Unknown,MD12,cough,0.800,High,Optimized Semantic Matching,2025-09-04
SD0160,Cold - Sanni Acute,,Unknown,UNMAPPED,No suitable ICD-11 match found,0.000,No Match,Optimized Semantic Matching,2025-09-04
SD0161,Fever - Suram Primary,,Unknown,1D2Z,"Dengue fever, unspecified",0.700,High,Optimized Semantic Matching,2025-09-04
SD0162,Diabetes - Neerizhevu,,Unknown,5A11,Type 2 diabetes mellitus,0.700,High,Optimized Semantic Matching,2025-09-04
SD0163,Hypertension - Ratha Azhutham Vatham,,Unknown,UNMAPPED,No suitable ICD-11 match found,0.000,No Match,Optimized Semantic Matching,2025-09-04
SD0164,Arthritis - Keel Vayu Pitham,,Unknown,FA20,Rheumatoid arthritis,0.700,High,Optimized Semantic Matching,2025-09-04
SD0165,Asthma - Irumal Kabam,,Unknown,CA23,Asthma,0.800,High,Optimized Semantic Matching,2025-09-04
SD0166,Headache - Thalai Noi Chronic,,Unknown,8A81,TensionType headache,0.700,High,Optimized Semantic Matching,2025-09-04
SD0167,Gastritis - Gunmam Acute,,Unknown,DA42,Gastritis,0.800,High,Optimized Semantic Matching,2025-09-04
SD0168,Skin Disease - Thole Noi Primary,,Unknown,1D40,Chikungunya virus disease,0.700,High,Optimized Semantic Matching,2025-09-04
SD0169,Liver Disease - Kal Noi,,Unknown,2C12.02,hepatocellular carcinoma of liver,0.700,High,Optimized Semantic Matching,2025-09-04
SD0170,Kidney Disease - Siruneer Noi Vatham,,Unknown,1D40,Chikungunya virus disease,0.700,High,Optimized Semantic Matching,2025-09-04
SD0171,Eye Disease - Kan Noi Pitham,,Unknown,1D40,Chikungunya virus disease,0.700,High,Optimized Semantic Matching,2025-09-04
SD0172,Ear Disease - Kadhu Noi Kabam,,Unknown,1D40,Chikungunya virus disease,0.700,High,Optimized Semantic Matching,2025-09-04
SD0173,Mental Disorder - Mana Noi Chronic,,Unknown,QA02.3,"observation for Suspected mental or behavioural disorders, ruled out",0.700,High,Optimized Semantic Matching,2025-09-04
SD0174,Blood Disease - Ratha Noi Acute,,Unknown,1D40,Chikungunya virus disease,0.700,High,Optimized Semantic Matching,2025-09-04
SD0175,Bone Disease - Elumbu Noi Primary,,Unknown,2E82.0,Benign chondrogenic tumours of bone or articular cartilage of limbs,0.700,High,Optimized Semantic Matching,2025-09-04
SD0176,Paralysis - Pakka Vatham,,Unknown,UNMAPPED,No suitable ICD-11 match found,0.000,No Match,Optimized Semantic Matching,2025-09-04
SD0177,Epilepsy - Vali Noi Vatham,,Unknown,UNMAPPED,No suitable ICD-11 match found,0.000,No Match,Optimized Semantic Matching,2025-09-04
SD0178,Diarrhea - Kallichal Pitham,,Unknown,UNMAPPED,No suitable ICD-11 match found,0.000,No Match,Optimized Semantic Matching,2025-09-04
SD0179,Cough - Irumal Kanam Kabam,,Unknown,MD12,cough,0.800,High,Optimized Semantic Matching,2025-09-04
SD0180,Cold - Sanni Chronic,,Unknown,UNMAPPED,No suitable ICD-11 match found,0.000,No Match,Optimized Semantic Matching,2025-09-04
SD0181,Fever - Suram Acute,,Unknown,1D2Z,"Dengue fever, unspecified",0.700,High,Optimized Semantic Matching,2025-09-04
SD0182,Diabetes - Neerizhevu Primary,,Unknown,QA0A.10,special screening examination for diabetes mellitus,0.700,High,Optimized Semantic Matching,2025-09-04
SD0183,Hypertension - Ratha Azhutham,,Unknown,UNMAPPED,No suitable ICD-11 match found,0.000,No Match,Optimized Semantic Matching,2025-09-04
SD0184,Arthritis - Keel Vayu Vatham,,Unknown,FA20,Rheumatoid arthritis,0.700,High,Optimized Semantic Matching,2025-09-04
SD0185,Asthma - Irumal Pitham,,Unknown,CA23,Asthma,0.800,High,Optimized Semantic Matching,2025-09-04
SD0186,Headache - Thalai Noi Kabam,,Unknown,JB0C.5,Spinal or epidural Anaesthesiainduced headache during labour or delivery,0.700,High,Optimized Semantic Matching,2025-09-04
SD0187,Gastritis - Gunmam Chronic,,Unknown,DA42,Gastritis,0.800,High,Optimized Semantic Matching,2025-09-04
SD0188,Skin Disease - Thole Noi Acute,,Unknown,1D40,Chikungunya virus disease,0.700,High,Optimized Semantic Matching,2025-09-04
SD0189,Liver Disease - Kal Noi Primary,,Unknown,2C12.02,hepatocellular carcinoma of liver,0.700,High,Optimized Semantic Matching,2025-09-04
SD0190,Kidney Disease - Siruneer Noi,,Unknown,1D40,Chikungunya virus disease,0.700,High,Optimized Semantic Matching,2025-09-04
SD0191,Eye Disease - Kan Noi Vatham,,Unknown,1D40,Chikungunya virus disease,0.700,High,Optimized Semantic Matching,2025-09-04
SD0192,Ear Disease - Kadhu Noi Pitham,,Unknown,1D40,Chikungunya virus disease,0.700,High,Optimized Semantic Matching,2025-09-04
SD0193,Mental Disorder - Mana Noi Kabam,,Unknown,QA02.3,"observation for Suspected mental or behavioural disorders, ruled out",0.700,High,Optimized Semantic Matching,2025-09-04
SD0194,Blood Disease - Ratha Noi Chronic,,Unknown,1D40,Chikungunya virus disease,0.700,High,Optimized Semantic Matching,2025-09-04
SD0195,Bone Disease - Elumbu Noi Acute,,Unknown,2E82.0,Benign chondrogenic tumours of bone or articular cartilage of limbs,0.700,High,Optimized Semantic Matching,2025-09-04
SD0196,Paralysis - Pakka Vatham Primary,,Unknown,UNMAPPED,No suitable ICD-11 match found,0.000,No Match,Optimized Semantic Matching,2025-09-04
SD0197,Epilepsy - Vali Noi,,Unknown,UNMAPPED,No suitable ICD-11 match found,0.000,No Match,Optimized Semantic Matching,2025-09-04
SD0198,Diarrhea - Kallichal Vatham,,Unknown,UNMAPPED,No suitable ICD-11 match found,0.000,No Match,Optimized Semantic Matching,2025-09-04
SD0199,Cough - Irumal Kanam Pitham,,Unknown,MD12,cough,0.800,High,Optimized Semantic Matching,2025-09-04
SD0200,Cold - Sanni Kabam,,Unknown,UNMAPPED,No suitable ICD-11 match found,0.000,No Match,Optimized Semantic Matching,2025-09-04
SD0201,Fever - Suram Chronic,,Unknown,1D2Z,"Dengue fever, unspecified",0.700,High,Optimized Semantic Matching,2025-09-04
SD0202,Diabetes - Neerizhevu Acute,,Unknown,QA0A.10,special screening examination for diabetes mellitus,0.700,High,Optimized Semantic Matching,2025-09-04
SD0203,Hypertension - Ratha Azhutham Primary,,Unknown,UNMAPPED,No suitable ICD-11 match found,0.000,No Match,Optimized Semantic Matching,2025-09-04
SD0204,Arthritis - Keel Vayu,,Unknown,FA20,Rheumatoid arthritis,0.700,High,Optimized Semantic Matching,2025-09-04
SD0205,Asthma - Irumal Vatham,,Unknown,CA23,Asthma,0.800,High,Optimized Semantic Matching,2025-09-04
SD0206,Headache - Thalai Noi Pitham,,Unknown,JB0C.5,Spinal or epidural Anaesthesiainduced headache during labour or delivery,0.700,High,Optimized Semantic Matching,2025-09-04
SD0207,Gastritis - Gunmam Kabam,,Unknown,DA42,Gastritis,0.800,High,Optimized Semantic Matching,2025-09-04
SD0208,Skin Disease - Thole Noi Chronic,,Unknown,1D40,Chikungunya virus disease,0.700,High,Optimized Semantic Matching,2025-09-04
SD0209,Liver Disease - Kal Noi Acute,,Unknown,2C12.02,hepatocellular carcinoma of liver,0.700,High,Optimized Semantic Matching,2025-09-04
SD0210,Kidney Disease - Siruneer Noi Primary,,Unknown,1D40,Chikungunya virus disease,0.700,High,Optimized Semantic Matching,2025-09-04
SD0211,Eye Disease - Kan Noi,,Unknown,1D40,Chikungunya virus disease,0.700,High,Optimized Semantic Matching,2025-09-04
SD0212,Ear Disease - Kadhu Noi Vatham,,Unknown,1D40,Chikungunya virus disease,0.700,High,Optimized Semantic Matching,2025-09-04
SD0213,Mental Disorder - Mana Noi Pitham,,Unknown,QA02.3,"observation for Suspected mental or behavioural disorders, ruled out",0.700,High,Optimized Semantic Matching,2025-09-04
SD0214,Blood Disease - Ratha Noi Kabam,,Unknown,1D40,Chikungunya virus disease,0.700,High,Optimized Semantic Matching,2025-09-04
SD0215,Bone Disease - Elumbu Noi Chronic,,Unknown,2E82.0,Benign chondrogenic tumours of bone or articular cartilage of limbs,0.700,High,Optimized Semantic Matching,2025-09-04
SD0216,Paralysis - Pakka Vatham Acute,,Unknown,UNMAPPED,No suitable ICD-11 match found,0.000,No Match,Optimized Semantic Matching,2025-09-04
SD0217,Epilepsy - Vali Noi Primary,,Unknown,UNMAPPED,No suitable ICD-11 match found,0.000,No Match,Optimized Semantic Matching,2025-09-04
SD0218,Diarrhea - Kallichal,,Unknown,UNMAPPED,No suitable ICD-11 match found,0.000,No Match,Optimized Semantic Matching,2025-09-04
SD0219,Cough - Irumal Kanam Vatham,,Unknown,MD12,cough,0.800,High,Optimized Semantic Matching,2025-09-04
SD0220,Cold - Sanni Pitham,,Unknown,UNMAPPED,No suitable ICD-11 match found,0.000,No Match,Optimized Semantic Matching,2025-09-04
SD0221,Fever - Suram Kabam,,Unknown,1C30.2,Typhus fever due to Rickettsia typhi,0.700,High,Optimized Semantic Matching,2025-09-04
SD0222,Diabetes - Neerizhevu Chronic,,Unknown,QA0A.10,special screening examination for diabetes mellitus,0.700,High,Optimized Semantic Matching,2025-09-04
SD0223,Hypertension - Ratha Azhutham Acute,,Unknown,UNMAPPED,No suitable ICD-11 match found,0.000,No Match,Optimized Semantic Matching,2025-09-04
SD0224,Arthritis - Keel Vayu Primary,,Unknown,1F02.1,Rubella arthritis,0.700,High,Optimized Semantic Matching,2025-09-04
SD0225,Asthma - Irumal,,Unknown,CA23,Asthma,0.800,High,Optimized Semantic Matching,2025-09-04
SD0226,Headache - Thalai Noi Vatham,,Unknown,JB0C.5,Spinal or epidural Anaesthesiainduced headache during labour or delivery,0.700,High,Optimized Semantic Matching,2025-09-04
SD0227,Gastritis - Gunmam Pitham,,Unknown,DA42,Gastritis,0.800,High,Optimized Semantic Matching,2025-09-04
SD0228,Skin Disease - Thole Noi Kabam,,Unknown,1D40,Chikungunya virus disease,0.700,High,Optimized Semantic Matching,2025-09-04
SD0229,Liver Disease - Kal Noi Chronic,,Unknown,2C12.02,hepatocellular carcinoma of liver,0.700,High,Optimized Semantic Matching,2025-09-04
SD0230,Kidney Disease - Siruneer Noi Acute,,Unknown,1D40,Chikungunya virus disease,0.700,High,Optimized Semantic Matching,2025-09-04
SD0231,Eye Disease - Kan Noi Primary,,Unknown,1D40,Chikungunya virus disease,0.700,High,Optimized Semantic Matching,2025-09-04
SD0232,Ear Disease - Kadhu Noi,,Unknown,1D40,Chikungunya virus disease,0.700,High,Optimized Semantic Matching,2025-09-04
SD0233,Mental Disorder - Mana Noi Vatham,,Unknown,QA02.3,"observation for Suspected mental or behavioural disorders, ruled out",0.700,High,Optimized Semantic Matching,2025-09-04
SD0234,Blood Disease - Ratha Noi Pitham,,Unknown,1D40,Chikungunya virus disease,0.700,High,Optimized Semantic Matching,2025-09-04
SD0235,Bone Disease - Elumbu Noi Kabam,,Unknown,2E82.0,Benign chondrogenic tumours of bone or articular cartilage of limbs,0.700,High,Optimized Semantic Matching,2025-09-04
SD0236,Paralysis - Pakka Vatham Chronic,,Unknown,UNMAPPED,No suitable ICD-11 match found,0.000,No Match,Optimized Semantic Matching,2025-09-04
SD0237,Epilepsy - Vali Noi Acute,,Unknown,UNMAPPED,No suitable ICD-11 match found,0.000,No Match,Optimized Semantic Matching,2025-09-04
SD0238,Diarrhea - Kallichal Primary,,Unknown,UNMAPPED,No suitable ICD-11 match found,0.000,No Match,Optimized Semantic Matching,2025-09-04
SD0239,Cough - Irumal Kanam,,Unknown,MD12,cough,0.800,High,Optimized Semantic Matching,2025-09-04
SD0240,Cold - Sanni Vatham,,Unknown,UNMAPPED,No suitable ICD-11 match found,0.000,No Match,Optimized Semantic Matching,2025-09-04
SD0241,Fever - Suram Pitham,,Unknown,1C30.2,Typhus fever due to Rickettsia typhi,0.700,High,Optimized Semantic Matching,2025-09-04
SD0242,Diabetes - Neerizhevu Kabam,,Unknown,5A11,Type 2 diabetes mellitus,0.700,High,Optimized Semantic Matching,2025-09-04
SD0243,Hypertension - Ratha Azhutham Chronic,,Unknown,UNMAPPED,No suitable ICD-11 match found,0.000,No Match,Optimized Semantic Matching,2025-09-04
SD0244,Arthritis - Keel Vayu Acute,,Unknown,1B41.1Z,"Acute rheumatic endocarditis, unspecified",0.700,High,Optimized Semantic Matching,2025-09-04
SD0245,Asthma - Irumal Primary,,Unknown,CA23,Asthma,0.800,High,Optimized Semantic Matching,2025-09-04
SD0246,Headache - Thalai Noi,,Unknown,JB0C.5,Spinal or epidural Anaesthesiainduced headache during labour or delivery,0.700,High,Optimized Semantic Matching,2025-09-04
SD0247,Gastritis - Gunmam Vatham,,Unknown,DA42,Gastritis,0.800,High,Optimized Semantic Matching,2025-09-04
SD0248,Skin Disease - Thole Noi Pitham,,Unknown,1D40,Chikungunya virus disease,0.700,High,Optimized Semantic Matching,2025-09-04
SD0249,Liver Disease - Kal Noi Kabam,,Unknown,2C12.02,hepatocellular carcinoma of liver,0.700,High,Optimized Semantic Matching,2025-09-04
SD0250,Kidney Disease - Siruneer Noi Chronic,,Unknown,1D40,Chikungunya virus disease,0.700,High,Optimized Semantic Matching,2025-09-04
SD0251,Eye Disease - Kan Noi Acute,,Unknown,1D40,Chikungunya virus disease,0.700,High,Optimized Semantic Matching,2025-09-04
SD0252,Ear Disease - Kadhu Noi Primary,,Unknown,1D40,Chikungunya virus disease,0.700,High,Optimized Semantic Matching,2025-09-04
SD0253,Mental Disorder - Mana Noi,,Unknown,QA02.3,"observation for Suspected mental or behavioural disorders, ruled out",0.700,High,Optimized Semantic Matching,2025-09-04
SD0254,Blood Disease - Ratha Noi Vatham,,Unknown,1D40,Chikungunya virus disease,0.700,High,Optimized Semantic Matching,2025-09-04
SD0255,Bone Disease - Elumbu Noi Pitham,,Unknown,2E82.0,Benign chondrogenic tumours of bone or articular cartilage of limbs,0.700,High,Optimized Semantic Matching,2025-09-04
SD0256,Paralysis - Pakka Vatham Kabam,,Unknown,UNMAPPED,No suitable ICD-11 match found,0.000,No Match,Optimized Semantic Matching,2025-09-04
SD0257,Epilepsy - Vali Noi Chronic,,Unknown,UNMAPPED,No suitable ICD-11 match found,0.000,No Match,Optimized Semantic Matching,2025-09-04
SD0258,Diarrhea - Kallichal Acute,,Unknown,UNMAPPED,No suitable ICD-11 match found,0.000,No Match,Optimized Semantic Matching,2025-09-04
SD0259,Cough - Irumal Kanam Primary,,Unknown,MD12,cough,0.800,High,Optimized Semantic Matching,2025-09-04
SD0260,Cold - Sanni,,Unknown,UNMAPPED,No suitable ICD-11 match found,0.000,No Match,Optimized Semantic Matching,2025-09-04
SD0261,Fever - Suram Vatham,,Unknown,1C30.2,Typhus fever due to Rickettsia typhi,0.700,High,Optimized Semantic Matching,2025-09-04
SD0262,Diabetes - Neerizhevu Pitham,,Unknown,5A11,Type 2 diabetes mellitus,0.700,High,Optimized Semantic Matching,2025-09-04
SD0263,Hypertension - Ratha Azhutham Kabam,,Unknown,UNMAPPED,No suitable ICD-11 match found,0.000,No Match,Optimized Semantic Matching,2025-09-04
SD0264,Arthritis - Keel Vayu Chronic,,Unknown,2A81.7,Diffuse large Bcell lymphoma associated with Chronic inflammation,0.700,High,Optimized Semantic Matching,2025-09-04
SD0265,Asthma - Irumal Acute,,Unknown,CA23,Asthma,0.800,High,Optimized Semantic Matching,2025-09-04
SD0266,Headache - Thalai Noi Primary,,Unknown,8A81,TensionType headache,0.700,High,Optimized Semantic Matching,2025-09-04
SD0267,Gastritis - Gunmam,,Unknown,DA42,Gastritis,0.800,High,Optimized Semantic Matching,2025-09-04
SD0268,Skin Disease - Thole Noi Vatham,,Unknown,1D40,Chikungunya virus disease,0.700,High,Optimized Semantic Matching,2025-09-04
SD0269,Liver Disease - Kal Noi Pitham,,Unknown,2C12.02,hepatocellular carcinoma of liver,0.700,High,Optimized Semantic Matching,2025-09-04
SD0270,Kidney Disease - Siruneer Noi Kabam,,Unknown,1D40,Chikungunya virus disease,0.700,High,Optimized Semantic Matching,2025-09-04
SD0271,Eye Disease - Kan Noi Chronic,,Unknown,1D40,Chikungunya virus disease,0.700,High,Optimized Semantic Matching,2025-09-04
SD0272,Ear Disease - Kadhu Noi Acute,,Unknown,1D40,Chikungunya virus disease,0.700,High,Optimized Semantic Matching,2025-09-04
SD0273,Mental Disorder - Mana Noi Primary,,Unknown,QA02.3,"observation for Suspected mental or behavioural disorders, ruled out",0.700,High,Optimized Semantic Matching,2025-09-04
SD0274,Blood Disease - Ratha Noi,,Unknown,1D40,Chikungunya virus disease,0.700,High,Optimized Semantic Matching,2025-09-04
SD0275,Bone Disease - Elumbu Noi Vatham,,Unknown,2E82.0,Benign chondrogenic tumours of bone or articular cartilage of limbs,0.700,High,Optimized Semantic Matching,2025-09-04
SD0276,Paralysis - Pakka Vatham Pitham,,Unknown,UNMAPPED,No suitable ICD-11 match found,0.000,No Match,Optimized Semantic Matching,2025-09-04
SD0277,Epilepsy - Vali Noi Kabam,,Unknown,UNMAPPED,No suitable ICD-11 match found,0.000,No Match,Optimized Semantic Matching,2025-09-04
SD0278,Diarrhea - Kallichal Chronic,,Unknown,UNMAPPED,No suitable ICD-11 match found,0.000,No Match,Optimized Semantic Matching,2025-09-04
SD0279,Cough - Irumal Kanam Acute,,Unknown,MD12,cough,0.800,High,Optimized Semantic Matching,2025-09-04
SD0280,Cold - Sanni Primary,,Unknown,UNMAPPED,No suitable ICD-11 match found,0.000,No Match,Optimized Semantic Matching,2025-09-04
SD0281,Fever - Suram,,Unknown,1C30.2,Typhus fever due to Rickettsia typhi,0.700,High,Optimized Semantic Matching,2025-09-04
SD0282,Diabetes - Neerizhevu Vatham,,Unknown,5A11,Type 2 diabetes mellitus,0.700,High,Optimized Semantic Matching,2025-09-04
SD0283,Hypertension - Ratha Azhutham Pitham,,Unknown,UNMAPPED,No suitable ICD-11 match found,0.000,No Match,Optimized Semantic Matching,2025-09-04
SD0284,Arthritis - Keel Vayu Kabam,,Unknown,FA20,Rheumatoid arthritis,0.700,High,Optimized Semantic Matching,2025-09-04
SD0285,Asthma - Irumal Chronic,,Unknown,CA23,Asthma,0.800,High,Optimized Semantic Matching,2025-09-04
SD0286,Headache - Thalai Noi Acute,,Unknown,8A81,TensionType headache,0.700,High,Optimized Semantic Matching,2025-09-04
SD0287,Gastritis - Gunmam Primary,,Unknown,DA42,Gastritis,0.800,High,Optimized Semantic Matching,2025-09-04
SD0288,Skin Disease - Thole Noi,,Unknown,1D40,Chikungunya virus disease,0.700,High,Optimized Semantic Matching,2025-09-04
SD0289,Liver Disease - Kal Noi Vatham,,Unknown,2C12.02,hepatocellular carcinoma of liver,0.700,High,Optimized Semantic Matching,2025-09-04
SD0290,Kidney Disease - Siruneer Noi Pitham,,Unknown,1D40,Chikungunya virus disease,0.700,High,Optimized Semantic Matching,2025-09-04
SD0291,Eye Disease - Kan Noi Kabam,,Unknown,1D40,Chikungunya virus disease,0.700,High,Optimized Semantic Matching,2025-09-04
SD0292,Ear Disease - Kadhu Noi Chronic,,Unknown,1D40,Chikungunya virus disease,0.700,High,Optimized Semantic Matching,2025-09-04
SD0293,Mental Disorder - Mana Noi Acute,,Unknown,QA02.3,"observation for Suspected mental or behavioural disorders, ruled out",0.700,High,Optimized Semantic Matching,2025-09-04
SD0294,Blood Disease - Ratha Noi Primary,,Unknown,1D40,Chikungunya virus disease,0.700,High,Optimized Semantic Matching,2025-09-04
SD0295,Bone Disease - Elumbu Noi,,Unknown,2E82.0,Benign chondrogenic tumours of bone or articular cartilage of limbs,0.700,High,Optimized Semantic Matching,2025-09-04
SD0296,Paralysis - Pakka Vatham Vatham,,Unknown,UNMAPPED,No suitable ICD-11 match found,0.000,No Match,Optimized Semantic Matching,2025-09-04
SD0297,Epilepsy - Vali Noi Pitham,,Unknown,UNMAPPED,No suitable ICD-11 match found,0.000,No Match,Optimized Semantic Matching,2025-09-04
SD0298,Diarrhea - Kallichal Kabam,,Unknown,UNMAPPED,No suitable ICD-11 match found,0.000,No Match,Optimized Semantic Matching,2025-09-04
SD0299,Cough - Irumal Kanam Chronic,,Unknown,MD12,cough,0.800,High,Optimized Semantic Matching,2025-09-04
SD0300,Cold - Sanni Acute,,Unknown,UNMAPPED,No suitable ICD-11 match found,0.000,No Match,Optimized Semantic Matching,2025-09-04
SD0301,Fever - Suram Primary,,Unknown,1D2Z,"Dengue fever, unspecified",0.700,High,Optimized Semantic Matching,2025-09-04
SD0302,Diabetes - Neerizhevu,,Unknown,5A11,Type 2 diabetes mellitus,0.700,High,Optimized Semantic Matching,2025-09-04
SD0303,Hypertension - Ratha Azhutham Vatham,,Unknown,UNMAPPED,No suitable ICD-11 match found,0.000,No Match,Optimized Semantic Matching,2025-09-04
SD0304,Arthritis - Keel Vayu Pitham,,Unknown,FA20,Rheumatoid arthritis,0.700,High,Optimized Semantic Matching,2025-09-04
SD0305,Asthma - Irumal Kabam,,Unknown,CA23,Asthma,0.800,High,Optimized Semantic Matching,2025-09-04
SD0306,Headache - Thalai Noi Chronic,,Unknown,8A81,TensionType headache,0.700,High,Optimized Semantic Matching,2025-09-04
SD0307,Gastritis - Gunmam Acute,,Unknown,DA42,Gastritis,0.800,High,Optimized Semantic Matching,2025-09-04
SD0308,Skin Disease - Thole Noi Primary,,Unknown,1D40,Chikungunya virus disease,0.700,High,Optimized Semantic Matching,2025-09-04
SD0309,Liver Disease - Kal Noi,,Unknown,2C12.02,hepatocellular carcinoma of liver,0.700,High,Optimized Semantic Matching,2025-09-04
SD0310,Kidney Disease - Siruneer Noi Vatham,,Unknown,1D40,Chikungunya virus disease,0.700,High,Optimized Semantic Matching,2025-09-04
SD0311,Eye Disease - Kan Noi Pitham,,Unknown,1D40,Chikungunya virus disease,0.700,High,Optimized Semantic Matching,2025-09-04
SD0312,Ear Disease - Kadhu Noi Kabam,,Unknown,1D40,Chikungunya virus disease,0.700,High,Optimized Semantic Matching,2025-09-04
SD0313,Mental Disorder - Mana Noi Chronic,,Unknown,QA02.3,"observation for Suspected mental or behavioural disorders, ruled out",0.700,High,Optimized Semantic Matching,2025-09-04
SD0314,Blood Disease - Ratha Noi Acute,,Unknown,1D40,Chikungunya virus disease,0.700,High,Optimized Semantic Matching,2025-09-04
SD0315,Bone Disease - Elumbu Noi Primary,,Unknown,2E82.0,Benign chondrogenic tumours of bone or articular cartilage of limbs,0.700,High,Optimized Semantic Matching,2025-09-04
SD0316,Paralysis - Pakka Vatham,,Unknown,UNMAPPED,No suitable ICD-11 match found,0.000,No Match,Optimized Semantic Matching,2025-09-04
SD0317,Epilepsy - Vali Noi Vatham,,Unknown,UNMAPPED,No suitable ICD-11 match found,0.000,No Match,Optimized Semantic Matching,2025-09-04
SD0318,Diarrhea - Kallichal Pitham,,Unknown,UNMAPPED,No suitable ICD-11 match found,0.000,No Match,Optimized Semantic Matching,2025-09-04
SD0319,Cough - Irumal Kanam Kabam,,Unknown,MD12,cough,0.800,High,Optimized Semantic Matching,2025-09-04
SD0320,Cold - Sanni Chronic,,Unknown,UNMAPPED,No suitable ICD-11 match found,0.000,No Match,Optimized Semantic Matching,2025-09-04
SD0321,Fever - Suram Acute,,Unknown,1D2Z,"Dengue fever, unspecified",0.700,High,Optimized Semantic Matching,2025-09-04
SD0322,Diabetes - Neerizhevu Primary,,Unknown,QA0A.10,special screening examination for diabetes mellitus,0.700,High,Optimized Semantic Matching,2025-09-04
SD0323,Hypertension - Ratha Azhutham,,Unknown,UNMAPPED,No suitable ICD-11 match found,0.000,No Match,Optimized Semantic Matching,2025-09-04
SD0324,Arthritis - Keel Vayu Vatham,,Unknown,FA20,Rheumatoid arthritis,0.700,High,Optimized Semantic Matching,2025-09-04
SD0325,Asthma - Irumal Pitham,,Unknown,CA23,Asthma,0.800,High,Optimized Semantic Matching,2025-09-04
SD0326,Headache - Thalai Noi Kabam,,Unknown,JB0C.5,Spinal or epidural Anaesthesiainduced headache during labour or delivery,0.700,High,Optimized Semantic Matching,2025-09-04
SD0327,Gastritis - Gunmam Chronic,,Unknown,DA42,Gastritis,0.800,High,Optimized Semantic Matching,2025-09-04
SD0328,Skin Disease - Thole Noi Acute,,Unknown,1D40,Chikungunya virus disease,0.700,High,Optimized Semantic Matching,2025-09-04
SD0329,Liver Disease - Kal Noi Primary,,Unknown,2C12.02,hepatocellular carcinoma of liver,0.700,High,Optimized Semantic Matching,2025-09-04
SD0330,Kidney Disease - Siruneer Noi,,Unknown,1D40,Chikungunya virus disease,0.700,High,Optimized Semantic Matching,2025-09-04
SD0331,Eye Disease - Kan Noi Vatham,,Unknown,1D40,Chikungunya virus disease,0.700,High,Optimized Semantic Matching,2025-09-04
SD0332,Ear Disease - Kadhu Noi Pitham,,Unknown,1D40,Chikungunya virus disease,0.700,High,Optimized Semantic Matching,2025-09-04
SD0333,Mental Disorder - Mana Noi Kabam,,Unknown,QA02.3,"observation for Suspected mental or behavioural disorders, ruled out",0.700,High,Optimized Semantic Matching,2025-09-04
SD0334,Blood Disease - Ratha Noi Chronic,,Unknown,1D40,Chikungunya virus disease,0.700,High,Optimized Semantic Matching,2025-09-04
SD0335,Bone Disease - Elumbu Noi Acute,,Unknown,2E82.0,Benign chondrogenic tumours of bone or articular cartilage of limbs,0.700,High,Optimized Semantic Matching,2025-09-04
SD0336,Paralysis - Pakka Vatham Primary,,Unknown,UNMAPPED,No suitable ICD-11 match found,0.000,No Match,Optimized Semantic Matching,2025-09-04
SD0337,Epilepsy - Vali Noi,,Unknown,UNMAPPED,No suitable ICD-11 match found,0.000,No Match,Optimized Semantic Matching,2025-09-04
SD0338,Diarrhea - Kallichal Vatham,,Unknown,UNMAPPED,No suitable ICD-11 match found,0.000,No Match,Optimized Semantic Matching,2025-09-04
SD0339,Cough - Irumal Kanam Pitham,,Unknown,MD12,cough,0.800,High,Optimized Semantic Matching,2025-09-04
SD0340,Cold - Sanni Kabam,,Unknown,UNMAPPED,No suitable ICD-11 match found,0.000,No Match,Optimized Semantic Matching,2025-09-04
SD0341,Fever - Suram Chronic,,Unknown,1D2Z,"Dengue fever, unspecified",0.700,High,Optimized Semantic Matching,2025-09-04
SD0342,Diabetes - Neerizhevu Acute,,Unknown,QA0A.10,special screening examination for diabetes mellitus,0.700,High,Optimized Semantic Matching,2025-09-04
SD0343,Hypertension - Ratha Azhutham Primary,,Unknown,UNMAPPED,No suitable ICD-11 match found,0.000,No Match,Optimized Semantic Matching,2025-09-04
SD0344,Arthritis - Keel Vayu,,Unknown,FA20,Rheumatoid arthritis,0.700,High,Optimized Semantic Matching,2025-09-04
SD0345,Asthma - Irumal Vatham,,Unknown,CA23,Asthma,0.800,High,Optimized Semantic Matching,2025-09-04
SD0346,Headache - Thalai Noi Pitham,,Unknown,JB0C.5,Spinal or epidural Anaesthesiainduced headache during labour or delivery,0.700,High,Optimized Semantic Matching,2025-09-04
SD0347,Gastritis - Gunmam Kabam,,Unknown,DA42,Gastritis,0.800,High,Optimized Semantic Matching,2025-09-04
SD0348,Skin Disease - Thole Noi Chronic,,Unknown,1D40,Chikungunya virus disease,0.700,High,Optimized Semantic Matching,2025-09-04
SD0349,Liver Disease - Kal Noi Acute,,Unknown,2C12.02,hepatocellular carcinoma of liver,0.700,High,Optimized Semantic Matching,2025-09-04
SD0350,Kidney Disease - Siruneer Noi Primary,,Unknown,1D40,Chikungunya virus disease,0.700,High,Optimized Semantic Matching,2025-09-04
SD0351,Eye Disease - Kan Noi,,Unknown,1D40,Chikungunya virus disease,0.700,High,Optimized Semantic Matching,2025-09-04
SD0352,Ear Disease - Kadhu Noi Vatham,,Unknown,1D40,Chikungunya virus disease,0.700,High,Optimized Semantic Matching,2025-09-04
SD0353,Mental Disorder - Mana Noi Pitham,,Unknown,QA02.3,"observation for Suspected mental or behavioural disorders, ruled out",0.700,High,Optimized Semantic Matching,2025-09-04
SD0354,Blood Disease - Ratha Noi Kabam,,Unknown,1D40,Chikungunya virus disease,0.700,High,Optimized Semantic Matching,2025-09-04
SD0355,Bone Disease - Elumbu Noi Chronic,,Unknown,2E82.0,Benign chondrogenic tumours of bone or articular cartilage of limbs,0.700,High,Optimized Semantic Matching,2025-09-04
SD0356,Paralysis - Pakka Vatham Acute,,Unknown,UNMAPPED,No suitable ICD-11 match found,0.000,No Match,Optimized Semantic Matching,2025-09-04
SD0357,Epilepsy - Vali Noi Primary,,Unknown,UNMAPPED,No suitable ICD-11 match found,0.000,No Match,Optimized Semantic Matching,2025-09-04
SD0358,Diarrhea - Kallichal,,Unknown,UNMAPPED,No suitable ICD-11 match found,0.000,No Match,Optimized Semantic Matching,2025-09-04
SD0359,Cough - Irumal Kanam Vatham,,Unknown,MD12,cough,0.800,High,Optimized Semantic Matching,2025-09-04
SD0360,Cold - Sanni Pitham,,Unknown,UNMAPPED,No suitable ICD-11 match found,0.000,No Match,Optimized Semantic Matching,2025-09-04
SD0361,Fever - Suram Kabam,,Unknown,1C30.2,Typhus fever due to Rickettsia typhi,0.700,High,Optimized Semantic Matching,2025-09-04
SD0362,Diabetes - Neerizhevu Chronic,,Unknown,QA0A.10,special screening examination for diabetes mellitus,0.700,High,Optimized Semantic Matching,2025-09-04
SD0363,Hypertension - Ratha Azhutham Acute,,Unknown,UNMAPPED,No suitable ICD-11 match found,0.000,No Match,Optimized Semantic Matching,2025-09-04
SD0364,Arthritis - Keel Vayu Primary,,Unknown,1F02.1,Rubella arthritis,0.700,High,Optimized Semantic Matching,2025-09-04
SD0365,Asthma - Irumal,,Unknown,CA23,Asthma,0.800,High,Optimized Semantic Matching,2025-09-04
SD0366,Headache - Thalai Noi Vatham,,Unknown,JB0C.5,Spinal or epidural Anaesthesiainduced headache during labour or delivery,0.700,High,Optimized Semantic Matching,2025-09-04
SD0367,Gastritis - Gunmam Pitham,,Unknown,DA42,Gastritis,0.800,High,Optimized Semantic Matching,2025-09-04
SD0368,Skin Disease - Thole Noi Kabam,,Unknown,1D40,Chikungunya virus disease,0.700,High,Optimized Semantic Matching,2025-09-04
SD0369,Liver Disease - Kal Noi Chronic,,Unknown,2C12.02,hepatocellular carcinoma of liver,0.700,High,Optimized Semantic Matching,2025-09-04
SD0370,Kidney Disease - Siruneer Noi Acute,,Unknown,1D40,Chikungunya virus disease,0.700,High,Optimized Semantic Matching,2025-09-04
SD0371,Eye Disease - Kan Noi Primary,,Unknown,1D40,Chikungunya virus disease,0.700,High,Optimized Semantic Matching,2025-09-04
SD0372,Ear Disease - Kadhu Noi,,Unknown,1D40,Chikungunya virus disease,0.700,High,Optimized Semantic Matching,2025-09-04
SD0373,Mental Disorder - Mana Noi Vatham,,Unknown,QA02.3,"observation for Suspected mental or behavioural disorders, ruled out",0.700,High,Optimized Semantic Matching,2025-09-04
SD0374,Blood Disease - Ratha Noi Pitham,,Unknown,1D40,Chikungunya virus disease,0.700,High,Optimized Semantic Matching,2025-09-04
SD0375,Bone Disease - Elumbu Noi Kabam,,Unknown,2E82.0,Benign chondrogenic tumours of bone or articular cartilage of limbs,0.700,High,Optimized Semantic Matching,2025-09-04
SD0376,Paralysis - Pakka Vatham Chronic,,Unknown,UNMAPPED,No suitable ICD-11 match found,0.000,No Match,Optimized Semantic Matching,2025-09-04
SD0377,Epilepsy - Vali Noi Acute,,Unknown,UNMAPPED,No suitable ICD-11 match found,0.000,No Match,Optimized Semantic Matching,2025-09-04
SD0378,Diarrhea - Kallichal Primary,,Unknown,UNMAPPED,No suitable ICD-11 match found,0.000,No Match,Optimized Semantic Matching,2025-09-04
SD0379,Cough - Irumal Kanam,,Unknown,MD12,cough,0.800,High,Optimized Semantic Matching,2025-09-04
SD0380,Cold - Sanni Vatham,,Unknown,UNMAPPED,No suitable ICD-11 match found,0.000,No Match,Optimized Semantic Matching,2025-09-04
SD0381,Fever - Suram Pitham,,Unknown,1C30.2,Typhus fever due to Rickettsia typhi,0.700,High,Optimized Semantic Matching,2025-09-04
SD0382,Diabetes - Neerizhevu Kabam,,Unknown,5A11,Type 2 diabetes mellitus,0.700,High,Optimized Semantic Matching,2025-09-04
SD0383,Hypertension - Ratha Azhutham Chronic,,Unknown,UNMAPPED,No suitable ICD-11 match found,0.000,No Match,Optimized Semantic Matching,2025-09-04
SD0384,Arthritis - Keel Vayu Acute,,Unknown,1B41.1Z,"Acute rheumatic endocarditis, unspecified",0.700,High,Optimized Semantic Matching,2025-09-04
SD0385,Asthma - Irumal Primary,,Unknown,CA23,Asthma,0.800,High,Optimized Semantic Matching,2025-09-04
SD0386,Headache - Thalai Noi,,Unknown,JB0C.5,Spinal or epidural Anaesthesiainduced headache during labour or delivery,0.700,High,Optimized Semantic Matching,2025-09-04
SD0387,Gastritis - Gunmam Vatham,,Unknown,DA42,Gastritis,0.800,High,Optimized Semantic Matching,2025-09-04
SD0388,Skin Disease - Thole Noi Pitham,,Unknown,1D40,Chikungunya virus disease,0.700,High,Optimized Semantic Matching,2025-09-04
SD0389,Liver Disease - Kal Noi Kabam,,Unknown,2C12.02,hepatocellular carcinoma of liver,0.700,High,Optimized Semantic Matching,2025-09-04
SD0390,Kidney Disease - Siruneer Noi Chronic,,Unknown,1D40,Chikungunya virus disease,0.700,High,Optimized Semantic Matching,2025-09-04
SD0391,Eye Disease - Kan Noi Acute,,Unknown,1D40,Chikungunya virus disease,0.700,High,Optimized Semantic Matching,2025-09-04
SD0392,Ear Disease - Kadhu Noi Primary,,Unknown,1D40,Chikungunya virus disease,0.700,High,Optimized Semantic Matching,2025-09-04
SD0393,Mental Disorder - Mana Noi,,Unknown,QA02.3,"observation for Suspected mental or behavioural disorders, ruled out",0.700,High,Optimized Semantic Matching,2025-09-04
SD0394,Blood Disease - Ratha Noi Vatham,,Unknown,1D40,Chikungunya virus disease,0.700,High,Optimized Semantic Matching,2025-09-04
SD0395,Bone Disease - Elumbu Noi Pitham,,Unknown,2E82.0,Benign chondrogenic tumours of bone or articular cartilage of limbs,0.700,High,Optimized Semantic Matching,2025-09-04
SD0396,Paralysis - Pakka Vatham Kabam,,Unknown,UNMAPPED,No suitable ICD-11 match found,0.000,No Match,Optimized Semantic Matching,2025-09-04
SD0397,Epilepsy - Vali Noi Chronic,,Unknown,UNMAPPED,No suitable ICD-11 match found,0.000,No Match,Optimized Semantic Matching,2025-09-04
SD0398,Diarrhea - Kallichal Acute,,Unknown,UNMAPPED,No suitable ICD-11 match found,0.000,No Match,Optimized Semantic Matching,2025-09-04
SD0399,Cough - Irumal Kanam Primary,,Unknown,MD12,cough,0.800,High,Optimized Semantic Matching,2025-09-04
SD0400,Cold - Sanni,,Unknown,UNMAPPED,No suitable ICD-11 match found,0.000,No Match,Optimized Semantic Matching,2025-09-04
SD0401,Fever - Suram Vatham,,Unknown,1C30.2,Typhus fever due to Rickettsia typhi,0.700,High,Optimized Semantic Matching,2025-09-04
SD0402,Diabetes - Neerizhevu Pitham,,Unknown,5A11,Type 2 diabetes mellitus,0.700,High,Optimized Semantic Matching,2025-09-04
SD0403,Hypertension - Ratha Azhutham Kabam,,Unknown,UNMAPPED,No suitable ICD-11 match found,0.000,No Match,Optimized Semantic Matching,2025-09-04
SD0404,Arthritis - Keel Vayu Chronic,,Unknown,2A81.7,Diffuse large Bcell lymphoma associated with Chronic inflammation,0.700,High,Optimized Semantic Matching,2025-09-04
SD0405,Asthma - Irumal Acute,,Unknown,CA23,Asthma,0.800,High,Optimized Semantic Matching,2025-09-04
SD0406,Headache - Thalai Noi Primary,,Unknown,8A81,TensionType headache,0.700,High,Optimized Semantic Matching,2025-09-04
SD0407,Gastritis - Gunmam,,Unknown,DA42,Gastritis,0.800,High,Optimized Semantic Matching,2025-09-04
SD0408,Skin Disease - Thole Noi Vatham,,Unknown,1D40,Chikungunya virus disease,0.700,High,Optimized Semantic Matching,2025-09-04
SD0409,Liver Disease - Kal Noi Pitham,,Unknown,2C12.02,hepatocellular carcinoma of liver,0.700,High,Optimized Semantic Matching,2025-09-04
SD0410,Kidney Disease - Siruneer Noi Kabam,,Unknown,1D40,Chikungunya virus disease,0.700,High,Optimized Semantic Matching,2025-09-04
SD0411,Eye Disease - Kan Noi Chronic,,Unknown,1D40,Chikungunya virus disease,0.700,High,Optimized Semantic Matching,2025-09-04
SD0412,Ear Disease - Kadhu Noi Acute,,Unknown,1D40,Chikungunya virus disease,0.700,High,Optimized Semantic Matching,2025-09-04
SD0413,Mental Disorder - Mana Noi Primary,,Unknown,QA02.3,"observation for Suspected mental or behavioural disorders, ruled out",0.700,High,Optimized Semantic Matching,2025-09-04
SD0414,Blood Disease - Ratha Noi,,Unknown,1D40,Chikungunya virus disease,0.700,High,Optimized Semantic Matching,2025-09-04
SD0415,Bone Disease - Elumbu Noi Vatham,,Unknown,2E82.0,Benign chondrogenic tumours of bone or articular cartilage of limbs,0.700,High,Optimized Semantic Matching,2025-09-04
SD0416,Paralysis - Pakka Vatham Pitham,,Unknown,UNMAPPED,No suitable ICD-11 match found,0.000,No Match,Optimized Semantic Matching,2025-09-04
SD0417,Epilepsy - Vali Noi Kabam,,Unknown,UNMAPPED,No suitable ICD-11 match found,0.000,No Match,Optimized Semantic Matching,2025-09-04
SD0418,Diarrhea - Kallichal Chronic,,Unknown,UNMAPPED,No suitable ICD-11 match found,0.000,No Match,Optimized Semantic Matching,2025-09-04
SD0419,Cough - Irumal Kanam Acute,,Unknown,MD12,cough,0.800,High,Optimized Semantic Matching,2025-09-04
SD0420,Cold - Sanni Primary,,Unknown,UNMAPPED,No suitable ICD-11 match found,0.000,No Match,Optimized Semantic Matching,2025-09-04
SD0421,Fever - Suram,,Unknown,1C30.2,Typhus fever due to Rickettsia typhi,0.700,High,Optimized Semantic Matching,2025-09-04
SD0422,Diabetes - Neerizhevu Vatham,,Unknown,5A11,Type 2 diabetes mellitus,0.700,High,Optimized Semantic Matching,2025-09-04
SD0423,Hypertension - Ratha Azhutham Pitham,,Unknown,UNMAPPED,No suitable ICD-11 match found,0.000,No Match,Optimized Semantic Matching,2025-09-04
SD0424,Arthritis - Keel Vayu Kabam,,Unknown,FA20,Rheumatoid arthritis,0.700,High,Optimized Semantic Matching,2025-09-04
SD0425,Asthma - Irumal Chronic,,Unknown,CA23,Asthma,0.800,High,Optimized Semantic Matching,2025-09-04
SD0426,Headache - Thalai Noi Acute,,Unknown,8A81,TensionType headache,0.700,High,Optimized Semantic Matching,2025-09-04
SD0427,Gastritis - Gunmam Primary,,Unknown,DA42,Gastritis,0.800,High,Optimized Semantic Matching,2025-09-04
SD0428,Skin Disease - Thole Noi,,Unknown,1D40,Chikungunya virus disease,0.700,High,Optimized Semantic Matching,2025-09-04
SD0429,Liver Disease - Kal Noi Vatham,,Unknown,2C12.02,hepatocellular carcinoma of liver,0.700,High,Optimized Semantic Matching,2025-09-04
SD0430,Kidney Disease - Siruneer Noi Pitham,,Unknown,1D40,Chikungunya virus disease,0.700,High,Optimized Semantic Matching,2025-09-04
SD0431,Eye Disease - Kan Noi Kabam,,Unknown,1D40,Chikungunya virus disease,0.700,High,Optimized Semantic Matching,2025-09-04
SD0432,Ear Disease - Kadhu Noi Chronic,,Unknown,1D40,Chikungunya virus disease,0.700,High,Optimized Semantic Matching,2025-09-04
SD0433,Mental Disorder - Mana Noi Acute,,Unknown,QA02.3,"observation for Suspected mental or behavioural disorders, ruled out",0.700,High,Optimized Semantic Matching,2025-09-04
SD0434,Blood Disease - Ratha Noi Primary,,Unknown,1D40,Chikungunya virus disease,0.700,High,Optimized Semantic Matching,2025-09-04
SD0435,Bone Disease - Elumbu Noi,,Unknown,2E82.0,Benign chondrogenic tumours of bone or articular cartilage of limbs,0.700,High,Optimized Semantic Matching,2025-09-04
SD0436,Paralysis - Pakka Vatham Vatham,,Unknown,UNMAPPED,No suitable ICD-11 match found,0.000,No Match,Optimized Semantic Matching,2025-09-04
SD0437,Epilepsy - Vali Noi Pitham,,Unknown,UNMAPPED,No suitable ICD-11 match found,0.000,No Match,Optimized Semantic Matching,2025-09-04
SD0438,Diarrhea - Kallichal Kabam,,Unknown,UNMAPPED,No suitable ICD-11 match found,0.000,No Match,Optimized Semantic Matching,2025-09-04
SD0439,Cough - Irumal Kanam Chronic,,Unknown,MD12,cough,0.800,High,Optimized Semantic Matching,2025-09-04
SD0440,Cold - Sanni Acute,,Unknown,UNMAPPED,No suitable ICD-11 match found,0.000,No Match,Optimized Semantic Matching,2025-09-04
SD0441,Fever - Suram Primary,,Unknown,1D2Z,"Dengue fever, unspecified",0.700,High,Optimized Semantic Matching,2025-09-04
SD0442,Diabetes - Neerizhevu,,Unknown,5A11,Type 2 diabetes mellitus,0.700,High,Optimized Semantic Matching,2025-09-04
SD0443,Hypertension - Ratha Azhutham Vatham,,Unknown,UNMAPPED,No suitable ICD-11 match found,0.000,No Match,Optimized Semantic Matching,2025-09-04
SD0444,Arthritis - Keel Vayu Pitham,,Unknown,FA20,Rheumatoid arthritis,0.700,High,Optimized Semantic Matching,2025-09-04
SD0445,Asthma - Irumal Kabam,,Unknown,CA23,Asthma,0.800,High,Optimized Semantic Matching,2025-09-04
SD0446,Headache - Thalai Noi Chronic,,Unknown,8A81,TensionType headache,0.700,High,Optimized Semantic Matching,2025-09-04
SD0447,Gastritis - Gunmam Acute,,Unknown,DA42,Gastritis,0.800,High,Optimized Semantic Matching,2025-09-04
SD0448,Skin Disease - Thole Noi Primary,,Unknown,1D40,Chikungunya virus disease,0.700,High,Optimized Semantic Matching,2025-09-04
SD0449,Liver Disease - Kal Noi,,Unknown,2C12.02,hepatocellular carcinoma of liver,0.700,High,Optimized Semantic Matching,2025-09-04
SD0450,Kidney Disease - Siruneer Noi Vatham,,Unknown,1D40,Chikungunya virus disease,0.700,High,Optimized Semantic Matching,2025-09-04
SD0451,Eye Disease - Kan Noi Pitham,,Unknown,1D40,Chikungunya virus disease,0.700,High,Optimized Semantic Matching,2025-09-04
SD0452,Ear Disease - Kadhu Noi Kabam,,Unknown,1D40,Chikungunya virus disease,0.700,High,Optimized Semantic Matching,2025-09-04
SD0453,Mental Disorder - Mana Noi Chronic,,Unknown,QA02.3,"observation for Suspected mental or behavioural disorders, ruled out",0.700,High,Optimized Semantic Matching,2025-09-04
SD0454,Blood Disease - Ratha Noi Acute,,Unknown,1D40,Chikungunya virus disease,0.700,High,Optimized Semantic Matching,2025-09-04
SD0455,Bone Disease - Elumbu Noi Primary,,Unknown,2E82.0,Benign chondrogenic tumours of bone or articular cartilage of limbs,0.700,High,Optimized Semantic Matching,2025-09-04
SD0456,Paralysis - Pakka Vatham,,Unknown,UNMAPPED,No suitable ICD-11 match found,0.000,No Match,Optimized Semantic Matching,2025-09-04
SD0457,Epilepsy - Vali Noi Vatham,,Unknown,UNMAPPED,No suitable ICD-11 match found,0.000,No Match,Optimized Semantic Matching,2025-09-04
SD0458,Diarrhea - Kallichal Pitham,,Unknown,UNMAPPED,No suitable ICD-11 match found,0.000,No Match,Optimized Semantic Matching,2025-09-04
SD0459,Cough - Irumal Kanam Kabam,,Unknown,MD12,cough,0.800,High,Optimized Semantic Matching,2025-09-04
SD0460,Cold - Sanni Chronic,,Unknown,UNMAPPED,No suitable ICD-11 match found,0.000,No Match,Optimized Semantic Matching,2025-09-04
SD0461,Fever - Suram Acute,,Unknown,1D2Z,"Dengue fever, unspecified",0.700,High,Optimized Semantic Matching,2025-09-04
SD0462,Diabetes - Neerizhevu Primary,,Unknown,QA0A.10,special screening examination for diabetes mellitus,0.700,High,Optimized Semantic Matching,2025-09-04
SD0463,Hypertension - Ratha Azhutham,,Unknown,UNMAPPED,No suitable ICD-11 match found,0.000,No Match,Optimized Semantic Matching,2025-09-04
SD0464,Arthritis - Keel Vayu Vatham,,Unknown,FA20,Rheumatoid arthritis,0.700,High,Optimized Semantic Matching,2025-09-04
SD0465,Asthma - Irumal Pitham,,Unknown,CA23,Asthma,0.800,High,Optimized Semantic Matching,2025-09-04
SD0466,Headache - Thalai Noi Kabam,,Unknown,JB0C.5,Spinal or epidural Anaesthesiainduced headache during labour or delivery,0.700,High,Optimized Semantic Matching,2025-09-04
SD0467,Gastritis - Gunmam Chronic,,Unknown,DA42,Gastritis,0.800,High,Optimized Semantic Matching,2025-09-04
SD0468,Skin Disease - Thole Noi Acute,,Unknown,1D40,Chikungunya virus disease,0.700,High,Optimized Semantic Matching,2025-09-04
SD0469,Liver Disease - Kal Noi Primary,,Unknown,2C12.02,hepatocellular carcinoma of liver,0.700,High,Optimized Semantic Matching,2025-09-04
SD0470,Kidney Disease - Siruneer Noi,,Unknown,1D40,Chikungunya virus disease,0.700,High,Optimized Semantic Matching,2025-09-04
SD0471,Eye Disease - Kan Noi Vatham,,Unknown,1D40,Chikungunya virus disease,0.700,High,Optimized Semantic Matching,2025-09-04
SD0472,Ear Disease - Kadhu Noi Pitham,,Unknown,1D40,Chikungunya virus disease,0.700,High,Optimized Semantic Matching,2025-09-04
SD0473,Mental Disorder - Mana Noi Kabam,,Unknown,QA02.3,"observation for Suspected mental or behavioural disorders, ruled out",0.700,High,Optimized Semantic Matching,2025-09-04
SD0474,Blood Disease - Ratha Noi Chronic,,Unknown,1D40,Chikungunya virus disease,0.700,High,Optimized Semantic Matching,2025-09-04
SD0475,Bone Disease - Elumbu Noi Acute,,Unknown,2E82.0,Benign chondrogenic tumours of bone or articular cartilage of limbs,0.700,High,Optimized Semantic Matching,2025-09-04
SD0476,Paralysis - Pakka Vatham Primary,,Unknown,UNMAPPED,No suitable ICD-11 match found,0.000,No Match,Optimized Semantic Matching,2025-09-04
SD0477,Epilepsy - Vali Noi,,Unknown,UNMAPPED,No suitable ICD-11 match found,0.000,No Match,Optimized Semantic Matching,2025-09-04
SD0478,Diarrhea - Kallichal Vatham,,Unknown,UNMAPPED,No suitable ICD-11 match found,0.000,No Match,Optimized Semantic Matching,2025-09-04
SD0479,Cough - Irumal Kanam Pitham,,Unknown,MD12,cough,0.800,High,Optimized Semantic Matching,2025-09-04
SD0480,Cold - Sanni Kabam,,Unknown,UNMAPPED,No suitable ICD-11 match found,0.000,No Match,Optimized Semantic Matching,2025-09-04
SD0481,Fever - Suram Chronic,,Unknown,1D2Z,"Dengue fever, unspecified",0.700,High,Optimized Semantic Matching,2025-09-04
SD0482,Diabetes - Neerizhevu Acute,,Unknown,QA0A.10,special screening examination for diabetes mellitus,0.700,High,Optimized Semantic Matching,2025-09-04
SD0483,Hypertension - Ratha Azhutham Primary,,Unknown,UNMAPPED,No suitable ICD-11 match found,0.000,No Match,Optimized Semantic Matching,2025-09-04
SD0484,Arthritis - Keel Vayu,,Unknown,FA20,Rheumatoid arthritis,0.700,High,Optimized Semantic Matching,2025-09-04
SD0485,Asthma - Irumal Vatham,,Unknown,CA23,Asthma,0.800,High,Optimized Semantic Matching,2025-09-04
SD0486,Headache - Thalai Noi Pitham,,Unknown,JB0C.5,Spinal or epidural Anaesthesiainduced headache during labour or delivery,0.700,High,Optimized Semantic Matching,2025-09-04
SD0487,Gastritis - Gunmam Kabam,,Unknown,DA42,Gastritis,0.800,High,Optimized Semantic Matching,2025-09-04
SD0488,Skin Disease - Thole Noi Chronic,,Unknown,1D40,Chikungunya virus disease,0.700,High,Optimized Semantic Matching,2025-09-04
SD0489,Liver Disease - Kal Noi Acute,,Unknown,2C12.02,hepatocellular carcinoma of liver,0.700,High,Optimized Semantic Matching,2025-09-04
SD0490,Kidney Disease - Siruneer Noi Primary,,Unknown,1D40,Chikungunya virus disease,0.700,High,Optimized Semantic Matching,2025-09-04
SD0491,Eye Disease - Kan Noi,,Unknown,1D40,Chikungunya virus disease,0.700,High,Optimized Semantic Matching,2025-09-04
SD0492,Ear Disease - Kadhu Noi Vatham,,Unknown,1D40,Chikungunya virus disease,0.700,High,Optimized Semantic Matching,2025-09-04
SD0493,Mental Disorder - Mana Noi Pitham,,Unknown,QA02.3,"observation for Suspected mental or behavioural disorders, ruled out",0.700,High,Optimized Semantic Matching,2025-09-04
SD0494,Blood Disease - Ratha Noi Kabam,,Unknown,1D40,Chikungunya virus disease,0.700,High,Optimized Semantic Matching,2025-09-04
SD0495,Bone Disease - Elumbu Noi Chronic,,Unknown,2E82.0,Benign chondrogenic tumours of bone or articular cartilage of limbs,0.700,High,Optimized Semantic Matching,2025-09-04
SD0496,Paralysis - Pakka Vatham Acute,,Unknown,UNMAPPED,No suitable ICD-11 match found,0.000,No Match,Optimized Semantic Matching,2025-09-04
SD0497,Epilepsy - Vali Noi Primary,,Unknown,UNMAPPED,No suitable ICD-11 match found,0.000,No Match,Optimized Semantic Matching,2025-09-04
SD0498,Diarrhea - Kallichal,,Unknown,UNMAPPED,No suitable ICD-11 match found,0.000,No Match,Optimized Semantic Matching,2025-09-04
SD0499,Cough - Irumal Kanam Vatham,,Unknown,MD12,cough,0.800,High,Optimized Semantic Matching,2025-09-04
SD0500,Cold - Sanni Pitham,,Unknown,UNMAPPED,No suitable ICD-11 match found,0.000,No Match,Optimized Semantic Matching,2025-09-04
SD0501,Fever - Suram Kabam,,Unknown,1C30.2,Typhus fever due to Rickettsia typhi,0.700,High,Optimized Semantic Matching,2025-09-04
SD0502,Diabetes - Neerizhevu Chronic,,Unknown,QA0A.10,special screening examination for diabetes mellitus,0.700,High,Optimized Semantic Matching,2025-09-04
SD0503,Hypertension - Ratha Azhutham Acute,,Unknown,UNMAPPED,No suitable ICD-11 match found,0.000,No Match,Optimized Semantic Matching,2025-09-04
SD0504,Arthritis - Keel Vayu Primary,,Unknown,1F02.1,Rubella arthritis,0.700,High,Optimized Semantic Matching,2025-09-04
SD0505,Asthma - Irumal,,Unknown,CA23,Asthma,0.800,High,Optimized Semantic Matching,2025-09-04
SD0506,Headache - Thalai Noi Vatham,,Unknown,JB0C.5,Spinal or epidural Anaesthesiainduced headache during labour or delivery,0.700,High,Optimized Semantic Matching,2025-09-04
SD0507,Gastritis - Gunmam Pitham,,Unknown,DA42,Gastritis,0.800,High,Optimized Semantic Matching,2025-09-04
SD0508,Skin Disease - Thole Noi Kabam,,Unknown,1D40,Chikungunya virus disease,0.700,High,Optimized Semantic Matching,2025-09-04
SD0509,Liver Disease - Kal Noi Chronic,,Unknown,2C12.02,hepatocellular carcinoma of liver,0.700,High,Optimized Semantic Matching,2025-09-04
SD0510,Kidney Disease - Siruneer Noi Acute,,Unknown,1D40,Chikungunya virus disease,0.700,High,Optimized Semantic Matching,2025-09-04
SD0511,Eye Disease - Kan Noi Primary,,Unknown,1D40,Chikungunya virus disease,0.700,High,Optimized Semantic Matching,2025-09-04
SD0512,Ear Disease - Kadhu Noi,,Unknown,1D40,Chikungunya virus disease,0.700,High,Optimized Semantic Matching,2025-09-04
SD0513,Mental Disorder - Mana Noi Vatham,,Unknown,QA02.3,"observation for Suspected mental or behavioural disorders, ruled out",0.700,High,Optimized Semantic Matching,2025-09-04
SD0514,Blood Disease - Ratha Noi Pitham,,Unknown,1D40,Chikungunya virus disease,0.700,High,Optimized Semantic Matching,2025-09-04
SD0515,Bone Disease - Elumbu Noi Kabam,,Unknown,2E82.0,Benign chondrogenic tumours of bone or articular cartilage of limbs,0.700,High,Optimized Semantic Matching,2025-09-04
SD0516,Paralysis - Pakka Vatham Chronic,,Unknown,UNMAPPED,No suitable ICD-11 match found,0.000,No Match,Optimized Semantic Matching,2025-09-04
SD0517,Epilepsy - Vali Noi Acute,,Unknown,UNMAPPED,No suitable ICD-11 match found,0.000,No Match,Optimized Semantic Matching,2025-09-04
SD0518,Diarrhea - Kallichal Primary,,Unknown,UNMAPPED,No suitable ICD-11 match found,0.000,No Match,Optimized Semantic Matching,2025-09-04
SD0519,Cough - Irumal Kanam,,Unknown,MD12,cough,0.800,High,Optimized Semantic Matching,2025-09-04
SD0520,Cold - Sanni Vatham,,Unknown,UNMAPPED,No suitable ICD-11 match found,0.000,No Match,Optimized Semantic Matching,2025-09-04
SD0521,Fever - Suram Pitham,,Unknown,1C30.2,Typhus fever due to Rickettsia typhi,0.700,High,Optimized Semantic Matching,2025-09-04
SD0522,Diabetes - Neerizhevu Kabam,,Unknown,5A11,Type 2 diabetes mellitus,0.700,High,Optimized Semantic Matching,2025-09-04
SD0523,Hypertension - Ratha Azhutham Chronic,,Unknown,UNMAPPED,No suitable ICD-11 match found,0.000,No Match,Optimized Semantic Matching,2025-09-04
SD0524,Arthritis - Keel Vayu Acute,,Unknown,1B41.1Z,"Acute rheumatic endocarditis, unspecified",0.700,High,Optimized Semantic Matching,2025-09-04
SD0525,Asthma - Irumal Primary,,Unknown,CA23,Asthma,0.800,High,Optimized Semantic Matching,2025-09-04
SD0526,Headache - Thalai Noi,,Unknown,JB0C.5,Spinal or epidural Anaesthesiainduced headache during labour or delivery,0.700,High,Optimized Semantic Matching,2025-09-04
SD0527,Gastritis - Gunmam Vatham,,Unknown,DA42,Gastritis,0.800,High,Optimized Semantic Matching,2025-09-04
SD0528,Skin Disease - Thole Noi Pitham,,Unknown,1D40,Chikungunya virus disease,0.700,High,Optimized Semantic Matching,2025-09-04
SD0529,Liver Disease - Kal Noi Kabam,,Unknown,2C12.02,hepatocellular carcinoma of liver,0.700,High,Optimized Semantic Matching,2025-09-04
SD0530,Kidney Disease - Siruneer Noi Chronic,,Unknown,1D40,Chikungunya virus disease,0.700,High,Optimized Semantic Matching,2025-09-04
SD0531,Eye Disease - Kan Noi Acute,,Unknown,1D40,Chikungunya virus disease,0.700,High,Optimized Semantic Matching,2025-09-04
SD0532,Ear Disease - Kadhu Noi Primary,,Unknown,1D40,Chikungunya virus disease,0.700,High,Optimized Semantic Matching,2025-09-04
SD0533,Mental Disorder - Mana Noi,,Unknown,QA02.3,"observation for Suspected mental or behavioural disorders, ruled out",0.700,High,Optimized Semantic Matching,2025-09-04
SD0534,Blood Disease - Ratha Noi Vatham,,Unknown,1D40,Chikungunya virus disease,0.700,High,Optimized Semantic Matching,2025-09-04
SD0535,Bone Disease - Elumbu Noi Pitham,,Unknown,2E82.0,Benign chondrogenic tumours of bone or articular cartilage of limbs,0.700,High,Optimized Semantic Matching,2025-09-04
SD0536,Paralysis - Pakka Vatham Kabam,,Unknown,UNMAPPED,No suitable ICD-11 match found,0.000,No Match,Optimized Semantic Matching,2025-09-04
SD0537,Epilepsy - Vali Noi Chronic,,Unknown,UNMAPPED,No suitable ICD-11 match found,0.000,No Match,Optimized Semantic Matching,2025-09-04
SD0538,Diarrhea - Kallichal Acute,,Unknown,UNMAPPED,No suitable ICD-11 match found,0.000,No Match,Optimized Semantic Matching,2025-09-04
SD0539,Cough - Irumal Kanam Primary,,Unknown,MD12,cough,0.800,High,Optimized Semantic Matching,2025-09-04
SD0540,Cold - Sanni,,Unknown,UNMAPPED,No suitable ICD-11 match found,0.000,No Match,Optimized Semantic Matching,2025-09-04
SD0541,Fever - Suram Vatham,,Unknown,1C30.2,Typhus fever due to Rickettsia typhi,0.700,High,Optimized Semantic Matching,2025-09-04
SD0542,Diabetes - Neerizhevu Pitham,,Unknown,5A11,Type 2 diabetes mellitus,0.700,High,Optimized Semantic Matching,2025-09-04
SD0543,Hypertension - Ratha Azhutham Kabam,,Unknown,UNMAPPED,No suitable ICD-11 match found,0.000,No Match,Optimized Semantic Matching,2025-09-04
SD0544,Arthritis - Keel Vayu Chronic,,Unknown,2A81.7,Diffuse large Bcell lymphoma associated with Chronic inflammation,0.700,High,Optimized Semantic Matching,2025-09-04
SD0545,Asthma - Irumal Acute,,Unknown,CA23,Asthma,0.800,High,Optimized Semantic Matching,2025-09-04
SD0546,Headache - Thalai Noi Primary,,Unknown,8A81,TensionType headache,0.700,High,Optimized Semantic Matching,2025-09-04
SD0547,Gastritis - Gunmam,,Unknown,DA42,Gastritis,0.800,High,Optimized Semantic Matching,2025-09-04
SD0548,Skin Disease - Thole Noi Vatham,,Unknown,1D40,Chikungunya virus disease,0.700,High,Optimized Semantic Matching,2025-09-04
SD0549,Liver Disease - Kal Noi Pitham,,Unknown,2C12.02,hepatocellular carcinoma of liver,0.700,High,Optimized Semantic Matching,2025-09-04
SD0550,Kidney Disease - Siruneer Noi Kabam,,Unknown,1D40,Chikungunya virus disease,0.700,High,Optimized Semantic Matching,2025-09-04
SD0551,Eye Disease - Kan Noi Chronic,,Unknown,1D40,Chikungunya virus disease,0.700,High,Optimized Semantic Matching,2025-09-04
SD0552,Ear Disease - Kadhu Noi Acute,,Unknown,1D40,Chikungunya virus disease,0.700,High,Optimized Semantic Matching,2025-09-04
SD0553,Mental Disorder - Mana Noi Primary,,Unknown,QA02.3,"observation for Suspected mental or behavioural disorders, ruled out",0.700,High,Optimized Semantic Matching,2025-09-04
SD0554,Blood Disease - Ratha Noi,,Unknown,1D40,Chikungunya virus disease,0.700,High,Optimized Semantic Matching,2025-09-04
SD0555,Bone Disease - Elumbu Noi Vatham,,Unknown,2E82.0,Benign chondrogenic tumours of bone or articular cartilage of limbs,0.700,High,Optimized Semantic Matching,2025-09-04
SD0556,Paralysis - Pakka Vatham Pitham,,Unknown,UNMAPPED,No suitable ICD-11 match found,0.000,No Match,Optimized Semantic Matching,2025-09-04
SD0557,Epilepsy - Vali Noi Kabam,,Unknown,UNMAPPED,No suitable ICD-11 match found,0.000,No Match,Optimized Semantic Matching,2025-09-04
SD0558,Diarrhea - Kallichal Chronic,,Unknown,UNMAPPED,No suitable ICD-11 match found,0.000,No Match,Optimized Semantic Matching,2025-09-04
SD0559,Cough - Irumal Kanam Acute,,Unknown,MD12,cough,0.800,High,Optimized Semantic Matching,2025-09-04
SD0560,Cold - Sanni Primary,,Unknown,UNMAPPED,No suitable ICD-11 match found,0.000,No Match,Optimized Semantic Matching,2025-09-04
SD0561,Fever - Suram,,Unknown,1C30.2,Typhus fever due to Rickettsia typhi,0.700,High,Optimized Semantic Matching,2025-09-04
SD0562,Diabetes - Neerizhevu Vatham,,Unknown,5A11,Type 2 diabetes mellitus,0.700,High,Optimized Semantic Matching,2025-09-04
SD0563,Hypertension - Ratha Azhutham Pitham,,Unknown,UNMAPPED,No suitable ICD-11 match found,0.000,No Match,Optimized Semantic Matching,2025-09-04
SD0564,Arthritis - Keel Vayu Kabam,,Unknown,FA20,Rheumatoid arthritis,0.700,High,Optimized Semantic Matching,2025-09-04
SD0565,Asthma - Irumal Chronic,,Unknown,CA23,Asthma,0.800,High,Optimized Semantic Matching,2025-09-04
SD0566,Headache - Thalai Noi Acute,,Unknown,8A81,TensionType headache,0.700,High,Optimized Semantic Matching,2025-09-04
SD0567,Gastritis - Gunmam Primary,,Unknown,DA42,Gastritis,0.800,High,Optimized Semantic Matching,2025-09-04
SD0568,Skin Disease - Thole Noi,,Unknown,1D40,Chikungunya virus disease,0.700,High,Optimized Semantic Matching,2025-09-04
SD0569,Liver Disease - Kal Noi Vatham,,Unknown,2C12.02,hepatocellular carcinoma of liver,0.700,High,Optimized Semantic Matching,2025-09-04
SD0570,Kidney Disease - Siruneer Noi Pitham,,Unknown,1D40,Chikungunya virus disease,0.700,High,Optimized Semantic Matching,2025-09-04
SD0571,Eye Disease - Kan Noi Kabam,,Unknown,1D40,Chikungunya virus disease,0.700,High,Optimized Semantic Matching,2025-09-04
SD0572,Ear Disease - Kadhu Noi Chronic,,Unknown,1D40,Chikungunya virus disease,0.700,High,Optimized Semantic Matching,2025-09-04
SD0573,Mental Disorder - Mana Noi Acute,,Unknown,QA02.3,"observation for Suspected mental or behavioural disorders, ruled out",0.700,High,Optimized Semantic Matching,2025-09-04
SD0574,Blood Disease - Ratha Noi Primary,,Unknown,1D40,Chikungunya virus disease,0.700,High,Optimized Semantic Matching,2025-09-04
SD0575,Bone Disease - Elumbu Noi,,Unknown,2E82.0,Benign chondrogenic tumours of bone or articular cartilage of limbs,0.700,High,Optimized Semantic Matching,2025-09-04
SD0576,Paralysis - Pakka Vatham Vatham,,Unknown,UNMAPPED,No suitable ICD-11 match found,0.000,No Match,Optimized Semantic Matching,2025-09-04
SD0577,Epilepsy - Vali Noi Pitham,,Unknown,UNMAPPED,No suitable ICD-11 match found,0.000,No Match,Optimized Semantic Matching,2025-09-04
SD0578,Diarrhea - Kallichal Kabam,,Unknown,UNMAPPED,No suitable ICD-11 match found,0.000,No Match,Optimized Semantic Matching,2025-09-04
SD0579,Cough - Irumal Kanam Chronic,,Unknown,MD12,cough,0.800,High,Optimized Semantic Matching,2025-09-04
SD0580,Cold - Sanni Acute,,Unknown,UNMAPPED,No suitable ICD-11 match found,0.000,No Match,Optimized Semantic Matching,2025-09-04
SD0581,Fever - Suram Primary,,Unknown,1D2Z,"Dengue fever, unspecified",0.700,High,Optimized Semantic Matching,2025-09-04
SD0582,Diabetes - Neerizhevu,,Unknown,5A11,Type 2 diabetes mellitus,0.700,High,Optimized Semantic Matching,2025-09-04
SD0583,Hypertension - Ratha Azhutham Vatham,,Unknown,UNMAPPED,No suitable ICD-11 match found,0.000,No Match,Optimized Semantic Matching,2025-09-04
SD0584,Arthritis - Keel Vayu Pitham,,Unknown,FA20,Rheumatoid arthritis,0.700,High,Optimized Semantic Matching,2025-09-04
SD0585,Asthma - Irumal Kabam,,Unknown,CA23,Asthma,0.800,High,Optimized Semantic Matching,2025-09-04
SD0586,Headache - Thalai Noi Chronic,,Unknown,8A81,TensionType headache,0.700,High,Optimized Semantic Matching,2025-09-04
SD0587,Gastritis - Gunmam Acute,,Unknown,DA42,Gastritis,0.800,High,Optimized Semantic Matching,2025-09-04
SD0588,Skin Disease - Thole Noi Primary,,Unknown,1D40,Chikungunya virus disease,0.700,High,Optimized Semantic Matching,2025-09-04
SD0589,Liver Disease - Kal Noi,,Unknown,2C12.02,hepatocellular carcinoma of liver,0.700,High,Optimized Semantic Matching,2025-09-04
SD0590,Kidney Disease - Siruneer Noi Vatham,,Unknown,1D40,Chikungunya virus disease,0.700,High,Optimized Semantic Matching,2025-09-04
SD0591,Eye Disease - Kan Noi Pitham,,Unknown,1D40,Chikungunya virus disease,0.700,High,Optimized Semantic Matching,2025-09-04
SD0592,Ear Disease - Kadhu Noi Kabam,,Unknown,1D40,Chikungunya virus disease,0.700,High,Optimized Semantic Matching,2025-09-04
SD0593,Mental Disorder - Mana Noi Chronic,,Unknown,QA02.3,"observation for Suspected mental or behavioural disorders, ruled out",0.700,High,Optimized Semantic Matching,2025-09-04
SD0594,Blood Disease - Ratha Noi Acute,,Unknown,1D40,Chikungunya virus disease,0.700,High,Optimized Semantic Matching,2025-09-04
SD0595,Bone Disease - Elumbu Noi Primary,,Unknown,2E82.0,Benign chondrogenic tumours of bone or articular cartilage of limbs,0.700,High,Optimized Semantic Matching,2025-09-04
SD0596,Paralysis - Pakka Vatham,,Unknown,UNMAPPED,No suitable ICD-11 match found,0.000,No Match,Optimized Semantic Matching,2025-09-04
SD0597,Epilepsy - Vali Noi Vatham,,Unknown,UNMAPPED,No suitable ICD-11 match found,0.000,No Match,Optimized Semantic Matching,2025-09-04
SD0598,Diarrhea - Kallichal Pitham,,Unknown,UNMAPPED,No suitable ICD-11 match found,0.000,No Match,Optimized Semantic Matching,2025-09-04
SD0599,Cough - Irumal Kanam Kabam,,Unknown,MD12,cough,0.800,High,Optimized Semantic Matching,2025-09-04
SD0600,Cold - Sanni Chronic,,Unknown,UNMAPPED,No suitable ICD-11 match found,0.000,No Match,Optimized Semantic Matching,2025-09-04
SD0601,Fever - Suram Acute,,Unknown,1D2Z,"Dengue fever, unspecified",0.700,High,Optimized Semantic Matching,2025-09-04
SD0602,Diabetes - Neerizhevu Primary,,Unknown,QA0A.10,special screening examination for diabetes mellitus,0.700,High,Optimized Semantic Matching,2025-09-04
SD0603,Hypertension - Ratha Azhutham,,Unknown,UNMAPPED,No suitable ICD-11 match found,0.000,No Match,Optimized Semantic Matching,2025-09-04
SD0604,Arthritis - Keel Vayu Vatham,,Unknown,FA20,Rheumatoid arthritis,0.700,High,Optimized Semantic Matching,2025-09-04
SD0605,Asthma - Irumal Pitham,,Unknown,CA23,Asthma,0.800,High,Optimized Semantic Matching,2025-09-04
SD0606,Headache - Thalai Noi Kabam,,Unknown,JB0C.5,Spinal or epidural Anaesthesiainduced headache during labour or delivery,0.700,High,Optimized Semantic Matching,2025-09-04
SD0607,Gastritis - Gunmam Chronic,,Unknown,DA42,Gastritis,0.800,High,Optimized Semantic Matching,2025-09-04
SD0608,Skin Disease - Thole Noi Acute,,Unknown,1D40,Chikungunya virus disease,0.700,High,Optimized Semantic Matching,2025-09-04
SD0609,Liver Disease - Kal Noi Primary,,Unknown,2C12.02,hepatocellular carcinoma of liver,0.700,High,Optimized Semantic Matching,2025-09-04
SD0610,Kidney Disease - Siruneer Noi,,Unknown,1D40,Chikungunya virus disease,0.700,High,Optimized Semantic Matching,2025-09-04
SD0611,Eye Disease - Kan Noi Vatham,,Unknown,1D40,Chikungunya virus disease,0.700,High,Optimized Semantic Matching,2025-09-04
SD0612,Ear Disease - Kadhu Noi Pitham,,Unknown,1D40,Chikungunya virus disease,0.700,High,Optimized Semantic Matching,2025-09-04
SD0613,Mental Disorder - Mana Noi Kabam,,Unknown,QA02.3,"observation for Suspected mental or behavioural disorders, ruled out",0.700,High,Optimized Semantic Matching,2025-09-04
SD0614,Blood Disease - Ratha Noi Chronic,,Unknown,1D40,Chikungunya virus disease,0.700,High,Optimized Semantic Matching,2025-09-04
SD0615,Bone Disease - Elumbu Noi Acute,,Unknown,2E82.0,Benign chondrogenic tumours of bone or articular cartilage of limbs,0.700,High,Optimized Semantic Matching,2025-09-04
SD0616,Paralysis - Pakka Vatham Primary,,Unknown,UNMAPPED,No suitable ICD-11 match found,0.000,No Match,Optimized Semantic Matching,2025-09-04
SD0617,Epilepsy - Vali Noi,,Unknown,UNMAPPED,No suitable ICD-11 match found,0.000,No Match,Optimized Semantic Matching,2025-09-04
SD0618,Diarrhea - Kallichal Vatham,,Unknown,UNMAPPED,No suitable ICD-11 match found,0.000,No Match,Optimized Semantic Matching,2025-09-04
SD0619,Cough - Irumal Kanam Pitham,,Unknown,MD12,cough,0.800,High,Optimized Semantic Matching,2025-09-04
SD0620,Cold - Sanni Kabam,,Unknown,UNMAPPED,No suitable ICD-11 match found,0.000,No Match,Optimized Semantic Matching,2025-09-04
SD0621,Fever - Suram Chronic,,Unknown,1D2Z,"Dengue fever, unspecified",0.700,High,Optimized Semantic Matching,2025-09-04
SD0622,Diabetes - Neerizhevu Acute,,Unknown,QA0A.10,special screening examination for diabetes mellitus,0.700,High,Optimized Semantic Matching,2025-09-04
SD0623,Hypertension - Ratha Azhutham Primary,,Unknown,UNMAPPED,No suitable ICD-11 match found,0.000,No Match,Optimized Semantic Matching,2025-09-04
SD0624,Arthritis - Keel Vayu,,Unknown,FA20,Rheumatoid arthritis,0.700,High,Optimized Semantic Matching,2025-09-04
SD0625,Asthma - Irumal Vatham,,Unknown,CA23,Asthma,0.800,High,Optimized Semantic Matching,2025-09-04
SD0626,Headache - Thalai Noi Pitham,,Unknown,JB0C.5,Spinal or epidural Anaesthesiainduced headache during labour or delivery,0.700,High,Optimized Semantic Matching,2025-09-04
SD0627,Gastritis - Gunmam Kabam,,Unknown,DA42,Gastritis,0.800,High,Optimized Semantic Matching,2025-09-04
SD0628,Skin Disease - Thole Noi Chronic,,Unknown,1D40,Chikungunya virus disease,0.700,High,Optimized Semantic Matching,2025-09-04
SD0629,Liver Disease - Kal Noi Acute,,Unknown,2C12.02,hepatocellular carcinoma of liver,0.700,High,Optimized Semantic Matching,2025-09-04
SD0630,Kidney Disease - Siruneer Noi Primary,,Unknown,1D40,Chikungunya virus disease,0.700,High,Optimized Semantic Matching,2025-09-04
SD0631,Eye Disease - Kan Noi,,Unknown,1D40,Chikungunya virus disease,0.700,High,Optimized Semantic Matching,2025-09-04
SD0632,Ear Disease - Kadhu Noi Vatham,,Unknown,1D40,Chikungunya virus disease,0.700,High,Optimized Semantic Matching,2025-09-04
SD0633,Mental Disorder - Mana Noi Pitham,,Unknown,QA02.3,"observation for Suspected mental or behavioural disorders, ruled out",0.700,High,Optimized Semantic Matching,2025-09-04
SD0634,Blood Disease - Ratha Noi Kabam,,Unknown,1D40,Chikungunya virus disease,0.700,High,Optimized Semantic Matching,2025-09-04
SD0635,Bone Disease - Elumbu Noi Chronic,,Unknown,2E82.0,Benign chondrogenic tumours of bone or articular cartilage of limbs,0.700,High,Optimized Semantic Matching,2025-09-04
SD0636,Paralysis - Pakka Vatham Acute,,Unknown,UNMAPPED,No suitable ICD-11 match found,0.000,No Match,Optimized Semantic Matching,2025-09-04
SD0637,Epilepsy - Vali Noi Primary,,Unknown,UNMAPPED,No suitable ICD-11 match found,0.000,No Match,Optimized Semantic Matching,2025-09-04
SD0638,Diarrhea - Kallichal,,Unknown,UNMAPPED,No suitable ICD-11 match found,0.000,No Match,Optimized Semantic Matching,2025-09-04
SD0639,Cough - Irumal Kanam Vatham,,Unknown,MD12,cough,0.800,High,Optimized Semantic Matching,2025-09-04
SD0640,Cold - Sanni Pitham,,Unknown,UNMAPPED,No suitable ICD-11 match found,0.000,No Match,Optimized Semantic Matching,2025-09-04
SD0641,Fever - Suram Kabam,,Unknown,1C30.2,Typhus fever due to Rickettsia typhi,0.700,High,Optimized Semantic Matching,2025-09-04
SD0642,Diabetes - Neerizhevu Chronic,,Unknown,QA0A.10,special screening examination for diabetes mellitus,0.700,High,Optimized Semantic Matching,2025-09-04
SD0643,Hypertension - Ratha Azhutham Acute,,Unknown,UNMAPPED,No suitable ICD-11 match found,0.000,No Match,Optimized Semantic Matching,2025-09-04
SD0644,Arthritis - Keel Vayu Primary,,Unknown,1F02.1,Rubella arthritis,0.700,High,Optimized Semantic Matching,2025-09-04
SD0645,Asthma - Irumal,,Unknown,CA23,Asthma,0.800,High,Optimized Semantic Matching,2025-09-04
SD0646,Headache - Thalai Noi Vatham,,Unknown,JB0C.5,Spinal or epidural Anaesthesiainduced headache during labour or delivery,0.700,High,Optimized Semantic Matching,2025-09-04
SD0647,Gastritis - Gunmam Pitham,,Unknown,DA42,Gastritis,0.800,High,Optimized Semantic Matching,2025-09-04
SD0648,Skin Disease - Thole Noi Kabam,,Unknown,1D40,Chikungunya virus disease,0.700,High,Optimized Semantic Matching,2025-09-04
SD0649,Liver Disease - Kal Noi Chronic,,Unknown,2C12.02,hepatocellular carcinoma of liver,0.700,High,Optimized Semantic Matching,2025-09-04
SD0650,Kidney Disease - Siruneer Noi Acute,,Unknown,1D40,Chikungunya virus disease,0.700,High,Optimized Semantic Matching,2025-09-04
SD0651,Eye Disease - Kan Noi Primary,,Unknown,1D40,Chikungunya virus disease,0.700,High,Optimized Semantic Matching,2025-09-04
SD0652,Ear Disease - Kadhu Noi,,Unknown,1D40,Chikungunya virus disease,0.700,High,Optimized Semantic Matching,2025-09-04
SD0653,Mental Disorder - Mana Noi Vatham,,Unknown,QA02.3,"observation for Suspected mental or behavioural disorders, ruled out",0.700,High,Optimized Semantic Matching,2025-09-04
SD0654,Blood Disease - Ratha Noi Pitham,,Unknown,1D40,Chikungunya virus disease,0.700,High,Optimized Semantic Matching,2025-09-04
SD0655,Bone Disease - Elumbu Noi Kabam,,Unknown,2E82.0,Benign chondrogenic tumours of bone or articular cartilage of limbs,0.700,High,Optimized Semantic Matching,2025-09-04
SD0656,Paralysis - Pakka Vatham Chronic,,Unknown,UNMAPPED,No suitable ICD-11 match found,0.000,No Match,Optimized Semantic Matching,2025-09-04
SD0657,Epilepsy - Vali Noi Acute,,Unknown,UNMAPPED,No suitable ICD-11 match found,0.000,No Match,Optimized Semantic Matching,2025-09-04
SD0658,Diarrhea - Kallichal Primary,,Unknown,UNMAPPED,No suitable ICD-11 match found,0.000,No Match,Optimized Semantic Matching,2025-09-04
SD0659,Cough - Irumal Kanam,,Unknown,MD12,cough,0.800,High,Optimized Semantic Matching,2025-09-04
SD0660,Cold - Sanni Vatham,,Unknown,UNMAPPED,No suitable ICD-11 match found,0.000,No Match,Optimized Semantic Matching,2025-09-04
SD0661,Fever - Suram Pitham,,Unknown,1C30.2,Typhus fever due to Rickettsia typhi,0.700,High,Optimized Semantic Matching,2025-09-04
SD0662,Diabetes - Neerizhevu Kabam,,Unknown,5A11,Type 2 diabetes mellitus,0.700,High,Optimized Semantic Matching,2025-09-04
SD0663,Hypertension - Ratha Azhutham Chronic,,Unknown,UNMAPPED,No suitable ICD-11 match found,0.000,No Match,Optimized Semantic Matching,2025-09-04
SD0664,Arthritis - Keel Vayu Acute,,Unknown,1B41.1Z,"Acute rheumatic endocarditis, unspecified",0.700,High,Optimized Semantic Matching,2025-09-04
SD0665,Asthma - Irumal Primary,,Unknown,CA23,Asthma,0.800,High,Optimized Semantic Matching,2025-09-04
SD0666,Headache - Thalai Noi,,Unknown,JB0C.5,Spinal or epidural Anaesthesiainduced headache during labour or delivery,0.700,High,Optimized Semantic Matching,2025-09-04
SD0667,Gastritis - Gunmam Vatham,,Unknown,DA42,Gastritis,0.800,High,Optimized Semantic Matching,2025-09-04
SD0668,Skin Disease - Thole Noi Pitham,,Unknown,1D40,Chikungunya virus disease,0.700,High,Optimized Semantic Matching,2025-09-04
SD0669,Liver Disease - Kal Noi Kabam,,Unknown,2C12.02,hepatocellular carcinoma of liver,0.700,High,Optimized Semantic Matching,2025-09-04
SD0670,Kidney Disease - Siruneer Noi Chronic,,Unknown,1D40,Chikungunya virus disease,0.700,High,Optimized Semantic Matching,2025-09-04
SD0671,Eye Disease - Kan Noi Acute,,Unknown,1D40,Chikungunya virus disease,0.700,High,Optimized Semantic Matching,2025-09-04
SD0672,Ear Disease - Kadhu Noi Primary,,Unknown,1D40,Chikungunya virus disease,0.700,High,Optimized Semantic Matching,2025-09-04
SD0673,Mental Disorder - Mana Noi,,Unknown,QA02.3,"observation for Suspected mental or behavioural disorders, ruled out",0.700,High,Optimized Semantic Matching,2025-09-04
SD0674,Blood Disease - Ratha Noi Vatham,,Unknown,1D40,Chikungunya virus disease,0.700,High,Optimized Semantic Matching,2025-09-04
SD0675,Bone Disease - Elumbu Noi Pitham,,Unknown,2E82.0,Benign chondrogenic tumours of bone or articular cartilage of limbs,0.700,High,Optimized Semantic Matching,2025-09-04
SD0676,Paralysis - Pakka Vatham Kabam,,Unknown,UNMAPPED,No suitable ICD-11 match found,0.000,No Match,Optimized Semantic Matching,2025-09-04
SD0677,Epilepsy - Vali Noi Chronic,,Unknown,UNMAPPED,No suitable ICD-11 match found,0.000,No Match,Optimized Semantic Matching,2025-09-04
SD0678,Diarrhea - Kallichal Acute,,Unknown,UNMAPPED,No suitable ICD-11 match found,0.000,No Match,Optimized Semantic Matching,2025-09-04
SD0679,Cough - Irumal Kanam Primary,,Unknown,MD12,cough,0.800,High,Optimized Semantic Matching,2025-09-04
SD0680,Cold - Sanni,,Unknown,UNMAPPED,No suitable ICD-11 match found,0.000,No Match,Optimized Semantic Matching,2025-09-04
SD0681,Fever - Suram Vatham,,Unknown,1C30.2,Typhus fever due to Rickettsia typhi,0.700,High,Optimized Semantic Matching,2025-09-04
SD0682,Diabetes - Neerizhevu Pitham,,Unknown,5A11,Type 2 diabetes mellitus,0.700,High,Optimized Semantic Matching,2025-09-04
SD0683,Hypertension - Ratha Azhutham Kabam,,Unknown,UNMAPPED,No suitable ICD-11 match found,0.000,No Match,Optimized Semantic Matching,2025-09-04
SD0684,Arthritis - Keel Vayu Chronic,,Unknown,2A81.7,Diffuse large Bcell lymphoma associated with Chronic inflammation,0.700,High,Optimized Semantic Matching,2025-09-04
SD0685,Asthma - Irumal Acute,,Unknown,CA23,Asthma,0.800,High,Optimized Semantic Matching,2025-09-04
SD0686,Headache - Thalai Noi Primary,,Unknown,8A81,TensionType headache,0.700,High,Optimized Semantic Matching,2025-09-04
SD0687,Gastritis - Gunmam,,Unknown,DA42,Gastritis,0.800,High,Optimized Semantic Matching,2025-09-04
SD0688,Skin Disease - Thole Noi Vatham,,Unknown,1D40,Chikungunya virus disease,0.700,High,Optimized Semantic Matching,2025-09-04
SD0689,Liver Disease - Kal Noi Pitham,,Unknown,2C12.02,hepatocellular carcinoma of liver,0.700,High,Optimized Semantic Matching,2025-09-04
SD0690,Kidney Disease - Siruneer Noi Kabam,,Unknown,1D40,Chikungunya virus disease,0.700,High,Optimized Semantic Matching,2025-09-04
SD0691,Eye Disease - Kan Noi Chronic,,Unknown,1D40,Chikungunya virus disease,0.700,High,Optimized Semantic Matching,2025-09-04
SD0692,Ear Disease - Kadhu Noi Acute,,Unknown,1D40,Chikungunya virus disease,0.700,High,Optimized Semantic Matching,2025-09-04
SD0693,Mental Disorder - Mana Noi Primary,,Unknown,QA02.3,"observation for Suspected mental or behavioural disorders, ruled out",0.700,High,Optimized Semantic Matching,2025-09-04
SD0694,Blood Disease - Ratha Noi,,Unknown,1D40,Chikungunya virus disease,0.700,High,Optimized Semantic Matching,2025-09-04
SD0695,Bone Disease - Elumbu Noi Vatham,,Unknown,2E82.0,Benign chondrogenic tumours of bone or articular cartilage of limbs,0.700,High,Optimized Semantic Matching,2025-09-04
SD0696,Paralysis - Pakka Vatham Pitham,,Unknown,UNMAPPED,No suitable ICD-11 match found,0.000,No Match,Optimized Semantic Matching,2025-09-04
SD0697,Epilepsy - Vali Noi Kabam,,Unknown,UNMAPPED,No suitable ICD-11 match found,0.000,No Match,Optimized Semantic Matching,2025-09-04
SD0698,Diarrhea - Kallichal Chronic,,Unknown,UNMAPPED,No suitable ICD-11 match found,0.000,No Match,Optimized Semantic Matching,2025-09-04
SD0699,Cough - Irumal Kanam Acute,,Unknown,MD12,cough,0.800,High,Optimized Semantic Matching,2025-09-04
SD0700,Cold - Sanni Primary,,Unknown,UNMAPPED,No suitable ICD-11 match found,0.000,No Match,Optimized Semantic Matching,2025-09-04
SD0701,Fever - Suram,,Unknown,1C30.2,Typhus fever due to Rickettsia typhi,0.700,High,Optimized Semantic Matching,2025-09-04
SD0702,Diabetes - Neerizhevu Vatham,,Unknown,5A11,Type 2 diabetes mellitus,0.700,High,Optimized Semantic Matching,2025-09-04
SD0703,Hypertension - Ratha Azhutham Pitham,,Unknown,UNMAPPED,No suitable ICD-11 match found,0.000,No Match,Optimized Semantic Matching,2025-09-04
SD0704,Arthritis - Keel Vayu Kabam,,Unknown,FA20,Rheumatoid arthritis,0.700,High,Optimized Semantic Matching,2025-09-04
SD0705,Asthma - Irumal Chronic,,Unknown,CA23,Asthma,0.800,High,Optimized Semantic Matching,2025-09-04
SD0706,Headache - Thalai Noi Acute,,Unknown,8A81,TensionType headache,0.700,High,Optimized Semantic Matching,2025-09-04
SD0707,Gastritis - Gunmam Primary,,Unknown,DA42,Gastritis,0.800,High,Optimized Semantic Matching,2025-09-04
SD0708,Skin Disease - Thole Noi,,Unknown,1D40,Chikungunya virus disease,0.700,High,Optimized Semantic Matching,2025-09-04
SD0709,Liver Disease - Kal Noi Vatham,,Unknown,2C12.02,hepatocellular carcinoma of liver,0.700,High,Optimized Semantic Matching,2025-09-04
SD0710,Kidney Disease - Siruneer Noi Pitham,,Unknown,1D40,Chikungunya virus disease,0.700,High,Optimized Semantic Matching,2025-09-04
SD0711,Eye Disease - Kan Noi Kabam,,Unknown,1D40,Chikungunya virus disease,0.700,High,Optimized Semantic Matching,2025-09-04
SD0712,Ear Disease - Kadhu Noi Chronic,,Unknown,1D40,Chikungunya virus disease,0.700,High,Optimized Semantic Matching,2025-09-04
SD0713,Mental Disorder - Mana Noi Acute,,Unknown,QA02.3,"observation for Suspected mental or behavioural disorders, ruled out",0.700,High,Optimized Semantic Matching,2025-09-04
SD0714,Blood Disease - Ratha Noi Primary,,Unknown,1D40,Chikungunya virus disease,0.700,High,Optimized Semantic Matching,2025-09-04
SD0715,Bone Disease - Elumbu Noi,,Unknown,2E82.0,Benign chondrogenic tumours of bone or articular cartilage of limbs,0.700,High,Optimized Semantic Matching,2025-09-04
SD0716,Paralysis - Pakka Vatham Vatham,,Unknown,UNMAPPED,No suitable ICD-11 match found,0.000,No Match,Optimized Semantic Matching,2025-09-04
SD0717,Epilepsy - Vali Noi Pitham,,Unknown,UNMAPPED,No suitable ICD-11 match found,0.000,No Match,Optimized Semantic Matching,2025-09-04
SD0718,Diarrhea - Kallichal Kabam,,Unknown,UNMAPPED,No suitable ICD-11 match found,0.000,No Match,Optimized Semantic Matching,2025-09-04
SD0719,Cough - Irumal Kanam Chronic,,Unknown,MD12,cough,0.800,High,Optimized Semantic Matching,2025-09-04
SD0720,Cold - Sanni Acute,,Unknown,UNMAPPED,No suitable ICD-11 match found,0.000,No Match,Optimized Semantic Matching,2025-09-04
SD0721,Fever - Suram Primary,,Unknown,1D2Z,"Dengue fever, unspecified",0.700,High,Optimized Semantic Matching,2025-09-04
SD0722,Diabetes - Neerizhevu,,Unknown,5A11,Type 2 diabetes mellitus,0.700,High,Optimized Semantic Matching,2025-09-04
SD0723,Hypertension - Ratha Azhutham Vatham,,Unknown,UNMAPPED,No suitable ICD-11 match found,0.000,No Match,Optimized Semantic Matching,2025-09-04
SD0724,Arthritis - Keel Vayu Pitham,,Unknown,FA20,Rheumatoid arthritis,0.700,High,Optimized Semantic Matching,2025-09-04
SD0725,Asthma - Irumal Kabam,,Unknown,CA23,Asthma,0.800,High,Optimized Semantic Matching,2025-09-04
SD0726,Headache - Thalai Noi Chronic,,Unknown,8A81,TensionType headache,0.700,High,Optimized Semantic Matching,2025-09-04
SD0727,Gastritis - Gunmam Acute,,Unknown,DA42,Gastritis,0.800,High,Optimized Semantic Matching,2025-09-04
SD0728,Skin Disease - Thole Noi Primary,,Unknown,1D40,Chikungunya virus disease,0.700,High,Optimized Semantic Matching,2025-09-04
SD0729,Liver Disease - Kal Noi,,Unknown,2C12.02,hepatocellular carcinoma of liver,0.700,High,Optimized Semantic Matching,2025-09-04
SD0730,Kidney Disease - Siruneer Noi Vatham,,Unknown,1D40,Chikungunya virus disease,0.700,High,Optimized Semantic Matching,2025-09-04
SD0731,Eye Disease - Kan Noi Pitham,,Unknown,1D40,Chikungunya virus disease,0.700,High,Optimized Semantic Matching,2025-09-04
SD0732,Ear Disease - Kadhu Noi Kabam,,Unknown,1D40,Chikungunya virus disease,0.700,High,Optimized Semantic Matching,2025-09-04
SD0733,Mental Disorder - Mana Noi Chronic,,Unknown,QA02.3,"observation for Suspected mental or behavioural disorders, ruled out",0.700,High,Optimized Semantic Matching,2025-09-04
SD0734,Blood Disease - Ratha Noi Acute,,Unknown,1D40,Chikungunya virus disease,0.700,High,Optimized Semantic Matching,2025-09-04
SD0735,Bone Disease - Elumbu Noi Primary,,Unknown,2E82.0,Benign chondrogenic tumours of bone or articular cartilage of limbs,0.700,High,Optimized Semantic Matching,2025-09-04
SD0736,Paralysis - Pakka Vatham,,Unknown,UNMAPPED,No suitable ICD-11 match found,0.000,No Match,Optimized Semantic Matching,2025-09-04
SD0737,Epilepsy - Vali Noi Vatham,,Unknown,UNMAPPED,No suitable ICD-11 match found,0.000,No Match,Optimized Semantic Matching,2025-09-04
SD0738,Diarrhea - Kallichal Pitham,,Unknown,UNMAPPED,No suitable ICD-11 match found,0.000,No Match,Optimized Semantic Matching,2025-09-04
SD0739,Cough - Irumal Kanam Kabam,,Unknown,MD12,cough,0.800,High,Optimized Semantic Matching,2025-09-04
SD0740,Cold - Sanni Chronic,,Unknown,UNMAPPED,No suitable ICD-11 match found,0.000,No Match,Optimized Semantic Matching,2025-09-04
SD0741,Fever - Suram Acute,,Unknown,1D2Z,"Dengue fever, unspecified",0.700,High,Optimized Semantic Matching,2025-09-04
SD0742,Diabetes - Neerizhevu Primary,,Unknown,QA0A.10,special screening examination for diabetes mellitus,0.700,High,Optimized Semantic Matching,2025-09-04
SD0743,Hypertension - Ratha Azhutham,,Unknown,UNMAPPED,No suitable ICD-11 match found,0.000,No Match,Optimized Semantic Matching,2025-09-04
SD0744,Arthritis - Keel Vayu Vatham,,Unknown,FA20,Rheumatoid arthritis,0.700,High,Optimized Semantic Matching,2025-09-04
SD0745,Asthma - Irumal Pitham,,Unknown,CA23,Asthma,0.800,High,Optimized Semantic Matching,2025-09-04
SD0746,Headache - Thalai Noi Kabam,,Unknown,JB0C.5,Spinal or epidural Anaesthesiainduced headache during labour or delivery,0.700,High,Optimized Semantic Matching,2025-09-04
SD0747,Gastritis - Gunmam Chronic,,Unknown,DA42,Gastritis,0.800,High,Optimized Semantic Matching,2025-09-04
SD0748,Skin Disease - Thole Noi Acute,,Unknown,1D40,Chikungunya virus disease,0.700,High,Optimized Semantic Matching,2025-09-04
SD0749,Liver Disease - Kal Noi Primary,,Unknown,2C12.02,hepatocellular carcinoma of liver,0.700,High,Optimized Semantic Matching,2025-09-04
SD0750,Kidney Disease - Siruneer Noi,,Unknown,1D40,Chikungunya virus disease,0.700,High,Optimized Semantic Matching,2025-09-04
SD0751,Eye Disease - Kan Noi Vatham,,Unknown,1D40,Chikungunya virus disease,0.700,High,Optimized Semantic Matching,2025-09-04
SD0752,Ear Disease - Kadhu Noi Pitham,,Unknown,1D40,Chikungunya virus disease,0.700,High,Optimized Semantic Matching,2025-09-04
SD0753,Mental Disorder - Mana Noi Kabam,,Unknown,QA02.3,"observation for Suspected mental or behavioural disorders, ruled out",0.700,High,Optimized Semantic Matching,2025-09-04
SD0754,Blood Disease - Ratha Noi Chronic,,Unknown,1D40,Chikungunya virus disease,0.700,High,Optimized Semantic Matching,2025-09-04
SD0755,Bone Disease - Elumbu Noi Acute,,Unknown,2E82.0,Benign chondrogenic tumours of bone or articular cartilage of limbs,0.700,High,Optimized Semantic Matching,2025-09-04
SD0756,Paralysis - Pakka Vatham Primary,,Unknown,UNMAPPED,No suitable ICD-11 match found,0.000,No Match,Optimized Semantic Matching,2025-09-04
SD0757,Epilepsy - Vali Noi,,Unknown,UNMAPPED,No suitable ICD-11 match found,0.000,No Match,Optimized Semantic Matching,2025-09-04
SD0758,Diarrhea - Kallichal Vatham,,Unknown,UNMAPPED,No suitable ICD-11 match found,0.000,No Match,Optimized Semantic Matching,2025-09-04
SD0759,Cough - Irumal Kanam Pitham,,Unknown,MD12,cough,0.800,High,Optimized Semantic Matching,2025-09-04
SD0760,Cold - Sanni Kabam,,Unknown,UNMAPPED,No suitable ICD-11 match found,0.000,No Match,Optimized Semantic Matching,2025-09-04
SD0761,Fever - Suram Chronic,,Unknown,1D2Z,"Dengue fever, unspecified",0.700,High,Optimized Semantic Matching,2025-09-04
SD0762,Diabetes - Neerizhevu Acute,,Unknown,QA0A.10,special screening examination for diabetes mellitus,0.700,High,Optimized Semantic Matching,2025-09-04
SD0763,Hypertension - Ratha Azhutham Primary,,Unknown,UNMAPPED,No suitable ICD-11 match found,0.000,No Match,Optimized Semantic Matching,2025-09-04
SD0764,Arthritis - Keel Vayu,,Unknown,FA20,Rheumatoid arthritis,0.700,High,Optimized Semantic Matching,2025-09-04
SD0765,Asthma - Irumal Vatham,,Unknown,CA23,Asthma,0.800,High,Optimized Semantic Matching,2025-09-04
SD0766,Headache - Thalai Noi Pitham,,Unknown,JB0C.5,Spinal or epidural Anaesthesiainduced headache during labour or delivery,0.700,High,Optimized Semantic Matching,2025-09-04
SD0767,Gastritis - Gunmam Kabam,,Unknown,DA42,Gastritis,0.800,High,Optimized Semantic Matching,2025-09-04
SD0768,Skin Disease - Thole Noi Chronic,,Unknown,1D40,Chikungunya virus disease,0.700,High,Optimized Semantic Matching,2025-09-04
SD0769,Liver Disease - Kal Noi Acute,,Unknown,2C12.02,hepatocellular carcinoma of liver,0.700,High,Optimized Semantic Matching,2025-09-04
SD0770,Kidney Disease - Siruneer Noi Primary,,Unknown,1D40,Chikungunya virus disease,0.700,High,Optimized Semantic Matching,2025-09-04
SD0771,Eye Disease - Kan Noi,,Unknown,1D40,Chikungunya virus disease,0.700,High,Optimized Semantic Matching,2025-09-04
SD0772,Ear Disease - Kadhu Noi Vatham,,Unknown,1D40,Chikungunya virus disease,0.700,High,Optimized Semantic Matching,2025-09-04
SD0773,Mental Disorder - Mana Noi Pitham,,Unknown,QA02.3,"observation for Suspected mental or behavioural disorders, ruled out",0.700,High,Optimized Semantic Matching,2025-09-04
SD0774,Blood Disease - Ratha Noi Kabam,,Unknown,1D40,Chikungunya virus disease,0.700,High,Optimized Semantic Matching,2025-09-04
SD0775,Bone Disease - Elumbu Noi Chronic,,Unknown,2E82.0,Benign chondrogenic tumours of bone or articular cartilage of limbs,0.700,High,Optimized Semantic Matching,2025-09-04
SD0776,Paralysis - Pakka Vatham Acute,,Unknown,UNMAPPED,No suitable ICD-11 match found,0.000,No Match,Optimized Semantic Matching,2025-09-04
SD0777,Epilepsy - Vali Noi Primary,,Unknown,UNMAPPED,No suitable ICD-11 match found,0.000,No Match,Optimized Semantic Matching,2025-09-04
SD0778,Diarrhea - Kallichal,,Unknown,UNMAPPED,No suitable ICD-11 match found,0.000,No Match,Optimized Semantic Matching,2025-09-04
SD0779,Cough - Irumal Kanam Vatham,,Unknown,MD12,cough,0.800,High,Optimized Semantic Matching,2025-09-04
SD0780,Cold - Sanni Pitham,,Unknown,UNMAPPED,No suitable ICD-11 match found,0.000,No Match,Optimized Semantic Matching,2025-09-04
SD0781,Fever - Suram Kabam,,Unknown,1C30.2,Typhus fever due to Rickettsia typhi,0.700,High,Optimized Semantic Matching,2025-09-04
SD0782,Diabetes - Neerizhevu Chronic,,Unknown,QA0A.10,special screening examination for diabetes mellitus,0.700,High,Optimized Semantic Matching,2025-09-04
SD0783,Hypertension - Ratha Azhutham Acute,,Unknown,UNMAPPED,No suitable ICD-11 match found,0.000,No Match,Optimized Semantic Matching,2025-09-04
SD0784,Arthritis - Keel Vayu Primary,,Unknown,1F02.1,Rubella arthritis,0.700,High,Optimized Semantic Matching,2025-09-04
SD0785,Asthma - Irumal,,Unknown,CA23,Asthma,0.800,High,Optimized Semantic Matching,2025-09-04
SD0786,Headache - Thalai Noi Vatham,,Unknown,JB0C.5,Spinal or epidural Anaesthesiainduced headache during labour or delivery,0.700,High,Optimized Semantic Matching,2025-09-04
SD0787,Gastritis - Gunmam Pitham,,Unknown,DA42,Gastritis,0.800,High,Optimized Semantic Matching,2025-09-04
SD0788,Skin Disease - Thole Noi Kabam,,Unknown,1D40,Chikungunya virus disease,0.700,High,Optimized Semantic Matching,2025-09-04
SD0789,Liver Disease - Kal Noi Chronic,,Unknown,2C12.02,hepatocellular carcinoma of liver,0.700,High,Optimized Semantic Matching,2025-09-04
SD0790,Kidney Disease - Siruneer Noi Acute,,Unknown,1D40,Chikungunya virus disease,0.700,High,Optimized Semantic Matching,2025-09-04
SD0791,Eye Disease - Kan Noi Primary,,Unknown,1D40,Chikungunya virus disease,0.700,High,Optimized Semantic Matching,2025-09-04
SD0792,Ear Disease - Kadhu Noi,,Unknown,1D40,Chikungunya virus disease,0.700,High,Optimized Semantic Matching,2025-09-04
SD0793,Mental Disorder - Mana Noi Vatham,,Unknown,QA02.3,"observation for Suspected mental or behavioural disorders, ruled out",0.700,High,Optimized Semantic Matching,2025-09-04
SD0794,Blood Disease - Ratha Noi Pitham,,Unknown,1D40,Chikungunya virus disease,0.700,High,Optimized Semantic Matching,2025-09-04
SD0795,Bone Disease - Elumbu Noi Kabam,,Unknown,2E82.0,Benign chondrogenic tumours of bone or articular cartilage of limbs,0.700,High,Optimized Semantic Matching,2025-09-04
SD0796,Paralysis - Pakka Vatham Chronic,,Unknown,UNMAPPED,No suitable ICD-11 match found,0.000,No Match,Optimized Semantic Matching,2025-09-04
SD0797,Epilepsy - Vali Noi Acute,,Unknown,UNMAPPED,No suitable ICD-11 match found,0.000,No Match,Optimized Semantic Matching,2025-09-04
SD0798,Diarrhea - Kallichal Primary,,Unknown,UNMAPPED,No suitable ICD-11 match found,0.000,No Match,Optimized Semantic Matching,2025-09-04
SD0799,Cough - Irumal Kanam,,Unknown,MD12,cough,0.800,High,Optimized Semantic Matching,2025-09-04
SD0800,Cold - Sanni Vatham,,Unknown,UNMAPPED,No suitable ICD-11 match found,0.000,No Match,Optimized Semantic Matching,2025-09-04
SD0801,Fever - Suram Pitham,,Unknown,1C30.2,Typhus fever due to Rickettsia typhi,0.700,High,Optimized Semantic Matching,2025-09-04
SD0802,Diabetes - Neerizhevu Kabam,,Unknown,5A11,Type 2 diabetes mellitus,0.700,High,Optimized Semantic Matching,2025-09-04
SD0803,Hypertension - Ratha Azhutham Chronic,,Unknown,UNMAPPED,No suitable ICD-11 match found,0.000,No Match,Optimized Semantic Matching,2025-09-04
SD0804,Arthritis - Keel Vayu Acute,,Unknown,1B41.1Z,"Acute rheumatic endocarditis, unspecified",0.700,High,Optimized Semantic Matching,2025-09-04
SD0805,Asthma - Irumal Primary,,Unknown,CA23,Asthma,0.800,High,Optimized Semantic Matching,2025-09-04
SD0806,Headache - Thalai Noi,,Unknown,JB0C.5,Spinal or epidural Anaesthesiainduced headache during labour or delivery,0.700,High,Optimized Semantic Matching,2025-09-04
SD0807,Gastritis - Gunmam Vatham,,Unknown,DA42,Gastritis,0.800,High,Optimized Semantic Matching,2025-09-04
SD0808,Skin Disease - Thole Noi Pitham,,Unknown,1D40,Chikungunya virus disease,0.700,High,Optimized Semantic Matching,2025-09-04
SD0809,Liver Disease - Kal Noi Kabam,,Unknown,2C12.02,hepatocellular carcinoma of liver,0.700,High,Optimized Semantic Matching,2025-09-04
SD0810,Kidney Disease - Siruneer Noi Chronic,,Unknown,1D40,Chikungunya virus disease,0.700,High,Optimized Semantic Matching,2025-09-04
SD0811,Eye Disease - Kan Noi Acute,,Unknown,1D40,Chikungunya virus disease,0.700,High,Optimized Semantic Matching,2025-09-04
SD0812,Ear Disease - Kadhu Noi Primary,,Unknown,1D40,Chikungunya virus disease,0.700,High,Optimized Semantic Matching,2025-09-04
SD0813,Mental Disorder - Mana Noi,,Unknown,QA02.3,"observation for Suspected mental or behavioural disorders, ruled out",0.700,High,Optimized Semantic Matching,2025-09-04
SD0814,Blood Disease - Ratha Noi Vatham,,Unknown,1D40,Chikungunya virus disease,0.700,High,Optimized Semantic Matching,2025-09-04
SD0815,Bone Disease - Elumbu Noi Pitham,,Unknown,2E82.0,Benign chondrogenic tumours of bone or articular cartilage of limbs,0.700,High,Optimized Semantic Matching,2025-09-04
SD0816,Paralysis - Pakka Vatham Kabam,,Unknown,UNMAPPED,No suitable ICD-11 match found,0.000,No Match,Optimized Semantic Matching,2025-09-04
SD0817,Epilepsy - Vali Noi Chronic,,Unknown,UNMAPPED,No suitable ICD-11 match found,0.000,No Match,Optimized Semantic Matching,2025-09-04
SD0818,Diarrhea - Kallichal Acute,,Unknown,UNMAPPED,No suitable ICD-11 match found,0.000,No Match,Optimized Semantic Matching,2025-09-04
SD0819,Cough - Irumal Kanam Primary,,Unknown,MD12,cough,0.800,High,Optimized Semantic Matching,2025-09-04
SD0820,Cold - Sanni,,Unknown,UNMAPPED,No suitable ICD-11 match found,0.000,No Match,Optimized Semantic Matching,2025-09-04
SD0821,Fever - Suram Vatham,,Unknown,1C30.2,Typhus fever due to Rickettsia typhi,0.700,High,Optimized Semantic Matching,2025-09-04
SD0822,Diabetes - Neerizhevu Pitham,,Unknown,5A11,Type 2 diabetes mellitus,0.700,High,Optimized Semantic Matching,2025-09-04
SD0823,Hypertension - Ratha Azhutham Kabam,,Unknown,UNMAPPED,No suitable ICD-11 match found,0.000,No Match,Optimized Semantic Matching,2025-09-04
SD0824,Arthritis - Keel Vayu Chronic,,Unknown,2A81.7,Diffuse large Bcell lymphoma associated with Chronic inflammation,0.700,High,Optimized Semantic Matching,2025-09-04
SD0825,Asthma - Irumal Acute,,Unknown,CA23,Asthma,0.800,High,Optimized Semantic Matching,2025-09-04
SD0826,Headache - Thalai Noi Primary,,Unknown,8A81,TensionType headache,0.700,High,Optimized Semantic Matching,2025-09-04
SD0827,Gastritis - Gunmam,,Unknown,DA42,Gastritis,0.800,High,Optimized Semantic Matching,2025-09-04
SD0828,Skin Disease - Thole Noi Vatham,,Unknown,1D40,Chikungunya virus disease,0.700,High,Optimized Semantic Matching,2025-09-04
SD0829,Liver Disease - Kal Noi Pitham,,Unknown,2C12.02,hepatocellular carcinoma of liver,0.700,High,Optimized Semantic Matching,2025-09-04
SD0830,Kidney Disease - Siruneer Noi Kabam,,Unknown,1D40,Chikungunya virus disease,0.700,High,Optimized Semantic Matching,2025-09-04
SD0831,Eye Disease - Kan Noi Chronic,,Unknown,1D40,Chikungunya virus disease,0.700,High,Optimized Semantic Matching,2025-09-04
SD0832,Ear Disease - Kadhu Noi Acute,,Unknown,1D40,Chikungunya virus disease,0.700,High,Optimized Semantic Matching,2025-09-04
SD0833,Mental Disorder - Mana Noi Primary,,Unknown,QA02.3,"observation for Suspected mental or behavioural disorders, ruled out",0.700,High,Optimized Semantic Matching,2025-09-04
SD0834,Blood Disease - Ratha Noi,,Unknown,1D40,Chikungunya virus disease,0.700,High,Optimized Semantic Matching,2025-09-04
SD0835,Bone Disease - Elumbu Noi Vatham,,Unknown,2E82.0,Benign chondrogenic tumours of bone or articular cartilage of limbs,0.700,High,Optimized Semantic Matching,2025-09-04
SD0836,Paralysis - Pakka Vatham Pitham,,Unknown,UNMAPPED,No suitable ICD-11 match found,0.000,No Match,Optimized Semantic Matching,2025-09-04
SD0837,Epilepsy - Vali Noi Kabam,,Unknown,UNMAPPED,No suitable ICD-11 match found,0.000,No Match,Optimized Semantic Matching,2025-09-04
SD0838,Diarrhea - Kallichal Chronic,,Unknown,UNMAPPED,No suitable ICD-11 match found,0.000,No Match,Optimized Semantic Matching,2025-09-04
SD0839,Cough - Irumal Kanam Acute,,Unknown,MD12,cough,0.800,High,Optimized Semantic Matching,2025-09-04
SD0840,Cold - Sanni Primary,,Unknown,UNMAPPED,No suitable ICD-11 match found,0.000,No Match,Optimized Semantic Matching,2025-09-04
SD0841,Fever - Suram,,Unknown,1C30.2,Typhus fever due to Rickettsia typhi,0.700,High,Optimized Semantic Matching,2025-09-04
SD0842,Diabetes - Neerizhevu Vatham,,Unknown,5A11,Type 2 diabetes mellitus,0.700,High,Optimized Semantic Matching,2025-09-04
SD0843,Hypertension - Ratha Azhutham Pitham,,Unknown,UNMAPPED,No suitable ICD-11 match found,0.000,No Match,Optimized Semantic Matching,2025-09-04
SD0844,Arthritis - Keel Vayu Kabam,,Unknown,FA20,Rheumatoid arthritis,0.700,High,Optimized Semantic Matching,2025-09-04
SD0845,Asthma - Irumal Chronic,,Unknown,CA23,Asthma,0.800,High,Optimized Semantic Matching,2025-09-04
SD0846,Headache - Thalai Noi Acute,,Unknown,8A81,TensionType headache,0.700,High,Optimized Semantic Matching,2025-09-04
SD0847,Gastritis - Gunmam Primary,,Unknown,DA42,Gastritis,0.800,High,Optimized Semantic Matching,2025-09-04
SD0848,Skin Disease - Thole Noi,,Unknown,1D40,Chikungunya virus disease,0.700,High,Optimized Semantic Matching,2025-09-04
SD0849,Liver Disease - Kal Noi Vatham,,Unknown,2C12.02,hepatocellular carcinoma of liver,0.700,High,Optimized Semantic Matching,2025-09-04
SD0850,Kidney Disease - Siruneer Noi Pitham,,Unknown,1D40,Chikungunya virus disease,0.700,High,Optimized Semantic Matching,2025-09-04
SD0851,Eye Disease - Kan Noi Kabam,,Unknown,1D40,Chikungunya virus disease,0.700,High,Optimized Semantic Matching,2025-09-04
SD0852,Ear Disease - Kadhu Noi Chronic,,Unknown,1D40,Chikungunya virus disease,0.700,High,Optimized Semantic Matching,2025-09-04
SD0853,Mental Disorder - Mana Noi Acute,,Unknown,QA02.3,"observation for Suspected mental or behavioural disorders, ruled out",0.700,High,Optimized Semantic Matching,2025-09-04
SD0854,Blood Disease - Ratha Noi Primary,,Unknown,1D40,Chikungunya virus disease,0.700,High,Optimized Semantic Matching,2025-09-04
SD0855,Bone Disease - Elumbu Noi,,Unknown,2E82.0,Benign chondrogenic tumours of bone or articular cartilage of limbs,0.700,High,Optimized Semantic Matching,2025-09-04
SD0856,Paralysis - Pakka Vatham Vatham,,Unknown,UNMAPPED,No suitable ICD-11 match found,0.000,No Match,Optimized Semantic Matching,2025-09-04
SD0857,Epilepsy - Vali Noi Pitham,,Unknown,UNMAPPED,No suitable ICD-11 match found,0.000,No Match,Optimized Semantic Matching,2025-09-04
SD0858,Diarrhea - Kallichal Kabam,,Unknown,UNMAPPED,No suitable ICD-11 match found,0.000,No Match,Optimized Semantic Matching,2025-09-04
SD0859,Cough - Irumal Kanam Chronic,,Unknown,MD12,cough,0.800,High,Optimized Semantic Matching,2025-09-04
SD0860,Cold - Sanni Acute,,Unknown,UNMAPPED,No suitable ICD-11 match found,0.000,No Match,Optimized Semantic Matching,2025-09-04
SD0861,Fever - Suram Primary,,Unknown,1D2Z,"Dengue fever, unspecified",0.700,High,Optimized Semantic Matching,2025-09-04
SD0862,Diabetes - Neerizhevu,,Unknown,5A11,Type 2 diabetes mellitus,0.700,High,Optimized Semantic Matching,2025-09-04
SD0863,Hypertension - Ratha Azhutham Vatham,,Unknown,UNMAPPED,No suitable ICD-11 match found,0.000,No Match,Optimized Semantic Matching,2025-09-04
SD0864,Arthritis - Keel Vayu Pitham,,Unknown,FA20,Rheumatoid arthritis,0.700,High,Optimized Semantic Matching,2025-09-04
SD0865,Asthma - Irumal Kabam,,Unknown,CA23,Asthma,0.800,High,Optimized Semantic Matching,2025-09-04
SD0866,Headache - Thalai Noi Chronic,,Unknown,8A81,TensionType headache,0.700,High,Optimized Semantic Matching,2025-09-04
SD0867,Gastritis - Gunmam Acute,,Unknown,DA42,Gastritis,0.800,High,Optimized Semantic Matching,2025-09-04
SD0868,Skin Disease - Thole Noi Primary,,Unknown,1D40,Chikungunya virus disease,0.700,High,Optimized Semantic Matching,2025-09-04
SD0869,Liver Disease - Kal Noi,,Unknown,2C12.02,hepatocellular carcinoma of liver,0.700,High,Optimized Semantic Matching,2025-09-04
SD0870,Kidney Disease - Siruneer Noi Vatham,,Unknown,1D40,Chikungunya virus disease,0.700,High,Optimized Semantic Matching,2025-09-04
SD0871,Eye Disease - Kan Noi Pitham,,Unknown,1D40,Chikungunya virus disease,0.700,High,Optimized Semantic Matching,2025-09-04
SD0872,Ear Disease - Kadhu Noi Kabam,,Unknown,1D40,Chikungunya virus disease,0.700,High,Optimized Semantic Matching,2025-09-04
SD0873,Mental Disorder - Mana Noi Chronic,,Unknown,QA02.3,"observation for Suspected mental or behavioural disorders, ruled out",0.700,High,Optimized Semantic Matching,2025-09-04
SD0874,Blood Disease - Ratha Noi Acute,,Unknown,1D40,Chikungunya virus disease,0.700,High,Optimized Semantic Matching,2025-09-04
SD0875,Bone Disease - Elumbu Noi Primary,,Unknown,2E82.0,Benign chondrogenic tumours of bone or articular cartilage of limbs,0.700,High,Optimized Semantic Matching,2025-09-04
SD0876,Paralysis - Pakka Vatham,,Unknown,UNMAPPED,No suitable ICD-11 match found,0.000,No Match,Optimized Semantic Matching,2025-09-04
SD0877,Epilepsy - Vali Noi Vatham,,Unknown,UNMAPPED,No suitable ICD-11 match found,0.000,No Match,Optimized Semantic Matching,2025-09-04
SD0878,Diarrhea - Kallichal Pitham,,Unknown,UNMAPPED,No suitable ICD-11 match found,0.000,No Match,Optimized Semantic Matching,2025-09-04
SD0879,Cough - Irumal Kanam Kabam,,Unknown,MD12,cough,0.800,High,Optimized Semantic Matching,2025-09-04
SD0880,Cold - Sanni Chronic,,Unknown,UNMAPPED,No suitable ICD-11 match found,0.000,No Match,Optimized Semantic Matching,2025-09-04
SD0881,Fever - Suram Acute,,Unknown,1D2Z,"Dengue fever, unspecified",0.700,High,Optimized Semantic Matching,2025-09-04
SD0882,Diabetes - Neerizhevu Primary,,Unknown,QA0A.10,special screening examination for diabetes mellitus,0.700,High,Optimized Semantic Matching,2025-09-04
SD0883,Hypertension - Ratha Azhutham,,Unknown,UNMAPPED,No suitable ICD-11 match found,0.000,No Match,Optimized Semantic Matching,2025-09-04
SD0884,Arthritis - Keel Vayu Vatham,,Unknown,FA20,Rheumatoid arthritis,0.700,High,Optimized Semantic Matching,2025-09-04
SD0885,Asthma - Irumal Pitham,,Unknown,CA23,Asthma,0.800,High,Optimized Semantic Matching,2025-09-04
SD0886,Headache - Thalai Noi Kabam,,Unknown,JB0C.5,Spinal or epidural Anaesthesiainduced headache during labour or delivery,0.700,High,Optimized Semantic Matching,2025-09-04
SD0887,Gastritis - Gunmam Chronic,,Unknown,DA42,Gastritis,0.800,High,Optimized Semantic Matching,2025-09-04
SD0888,Skin Disease - Thole Noi Acute,,Unknown,1D40,Chikungunya virus disease,0.700,High,Optimized Semantic Matching,2025-09-04
SD0889,Liver Disease - Kal Noi Primary,,Unknown,2C12.02,hepatocellular carcinoma of liver,0.700,High,Optimized Semantic Matching,2025-09-04
SD0890,Kidney Disease - Siruneer Noi,,Unknown,1D40,Chikungunya virus disease,0.700,High,Optimized Semantic Matching,2025-09-04
SD0891,Eye Disease - Kan Noi Vatham,,Unknown,1D40,Chikungunya virus disease,0.700,High,Optimized Semantic Matching,2025-09-04
SD0892,Ear Disease - Kadhu Noi Pitham,,Unknown,1D40,Chikungunya virus disease,0.700,High,Optimized Semantic Matching,2025-09-04
SD0893,Mental Disorder - Mana Noi Kabam,,Unknown,QA02.3,"observation for Suspected mental or behavioural disorders, ruled out",0.700,High,Optimized Semantic Matching,2025-09-04
SD0894,Blood Disease - Ratha Noi Chronic,,Unknown,1D40,Chikungunya virus disease,0.700,High,Optimized Semantic Matching,2025-09-04
SD0895,Bone Disease - Elumbu Noi Acute,,Unknown,2E82.0,Benign chondrogenic tumours of bone or articular cartilage of limbs,0.700,High,Optimized Semantic Matching,2025-09-04
SD0896,Paralysis - Pakka Vatham Primary,,Unknown,UNMAPPED,No suitable ICD-11 match found,0.000,No Match,Optimized Semantic Matching,2025-09-04
SD0897,Epilepsy - Vali Noi,,Unknown,UNMAPPED,No suitable ICD-11 match found,0.000,No Match,Optimized Semantic Matching,2025-09-04
SD0898,Diarrhea - Kallichal Vatham,,Unknown,UNMAPPED,No suitable ICD-11 match found,0.000,No Match,Optimized Semantic Matching,2025-09-04
SD0899,Cough - Irumal Kanam Pitham,,Unknown,MD12,cough,0.800,High,Optimized Semantic Matching,2025-09-04
SD0900,Cold - Sanni Kabam,,Unknown,UNMAPPED,No suitable ICD-11 match found,0.000,No Match,Optimized Semantic Matching,2025-09-04
SD0901,Fever - Suram Chronic,,Unknown,1D2Z,"Dengue fever, unspecified",0.700,High,Optimized Semantic Matching,2025-09-04
SD0902,Diabetes - Neerizhevu Acute,,Unknown,QA0A.10,special screening examination for diabetes mellitus,0.700,High,Optimized Semantic Matching,2025-09-04
SD0903,Hypertension - Ratha Azhutham Primary,,Unknown,UNMAPPED,No suitable ICD-11 match found,0.000,No Match,Optimized Semantic Matching,2025-09-04
SD0904,Arthritis - Keel Vayu,,Unknown,FA20,Rheumatoid arthritis,0.700,High,Optimized Semantic Matching,2025-09-04
SD0905,Asthma - Irumal Vatham,,Unknown,CA23,Asthma,0.800,High,Optimized Semantic Matching,2025-09-04
SD0906,Headache - Thalai Noi Pitham,,Unknown,JB0C.5,Spinal or epidural Anaesthesiainduced headache during labour or delivery,0.700,High,Optimized Semantic Matching,2025-09-04
SD0907,Gastritis - Gunmam Kabam,,Unknown,DA42,Gastritis,0.800,High,Optimized Semantic Matching,2025-09-04
SD0908,Skin Disease - Thole Noi Chronic,,Unknown,1D40,Chikungunya virus disease,0.700,High,Optimized Semantic Matching,2025-09-04
SD0909,Liver Disease - Kal Noi Acute,,Unknown,2C12.02,hepatocellular carcinoma of liver,0.700,High,Optimized Semantic Matching,2025-09-04
SD0910,Kidney Disease - Siruneer Noi Primary,,Unknown,1D40,Chikungunya virus disease,0.700,High,Optimized Semantic Matching,2025-09-04
SD0911,Eye Disease - Kan Noi,,Unknown,1D40,Chikungunya virus disease,0.700,High,Optimized Semantic Matching,2025-09-04
SD0912,Ear Disease - Kadhu Noi Vatham,,Unknown,1D40,Chikungunya virus disease,0.700,High,Optimized Semantic Matching,2025-09-04
SD0913,Mental Disorder - Mana Noi Pitham,,Unknown,QA02.3,"observation for Suspected mental or behavioural disorders, ruled out",0.700,High,Optimized Semantic Matching,2025-09-04
SD0914,Blood Disease - Ratha Noi Kabam,,Unknown,1D40,Chikungunya virus disease,0.700,High,Optimized Semantic Matching,2025-09-04
SD0915,Bone Disease - Elumbu Noi Chronic,,Unknown,2E82.0,Benign chondrogenic tumours of bone or articular cartilage of limbs,0.700,High,Optimized Semantic Matching,2025-09-04
SD0916,Paralysis - Pakka Vatham Acute,,Unknown,UNMAPPED,No suitable ICD-11 match found,0.000,No Match,Optimized Semantic Matching,2025-09-04
SD0917,Epilepsy - Vali Noi Primary,,Unknown,UNMAPPED,No suitable ICD-11 match found,0.000,No Match,Optimized Semantic Matching,2025-09-04
SD0918,Diarrhea - Kallichal,,Unknown,UNMAPPED,No suitable ICD-11 match found,0.000,No Match,Optimized Semantic Matching,2025-09-04
SD0919,Cough - Irumal Kanam Vatham,,Unknown,MD12,cough,0.800,High,Optimized Semantic Matching,2025-09-04
SD0920,Cold - Sanni Pitham,,Unknown,UNMAPPED,No suitable ICD-11 match found,0.000,No Match,Optimized Semantic Matching,2025-09-04
SD0921,Fever - Suram Kabam,,Unknown,1C30.2,Typhus fever due to Rickettsia typhi,0.700,High,Optimized Semantic Matching,2025-09-04
SD0922,Diabetes - Neerizhevu Chronic,,Unknown,QA0A.10,special screening examination for diabetes mellitus,0.700,High,Optimized Semantic Matching,2025-09-04
SD0923,Hypertension - Ratha Azhutham Acute,,Unknown,UNMAPPED,No suitable ICD-11 match found,0.000,No Match,Optimized Semantic Matching,2025-09-04
SD0924,Arthritis - Keel Vayu Primary,,Unknown,1F02.1,Rubella arthritis,0.700,High,Optimized Semantic Matching,2025-09-04
SD0925,Asthma - Irumal,,Unknown,CA23,Asthma,0.800,High,Optimized Semantic Matching,2025-09-04
SD0926,Headache - Thalai Noi Vatham,,Unknown,JB0C.5,Spinal or epidural Anaesthesiainduced headache during labour or delivery,0.700,High,Optimized Semantic Matching,2025-09-04
SD0927,Gastritis - Gunmam Pitham,,Unknown,DA42,Gastritis,0.800,High,Optimized Semantic Matching,2025-09-04
SD0928,Skin Disease - Thole Noi Kabam,,Unknown,1D40,Chikungunya virus disease,0.700,High,Optimized Semantic Matching,2025-09-04
SD0929,Liver Disease - Kal Noi Chronic,,Unknown,2C12.02,hepatocellular carcinoma of liver,0.700,High,Optimized Semantic Matching,2025-09-04
SD0930,Kidney Disease - Siruneer Noi Acute,,Unknown,1D40,Chikungunya virus disease,0.700,High,Optimized Semantic Matching,2025-09-04
SD0931,Eye Disease - Kan Noi Primary,,Unknown,1D40,Chikungunya virus disease,0.700,High,Optimized Semantic Matching,2025-09-04
SD0932,Ear Disease - Kadhu Noi,,Unknown,1D40,Chikungunya virus disease,0.700,High,Optimized Semantic Matching,2025-09-04
SD0933,Mental Disorder - Mana Noi Vatham,,Unknown,QA02.3,"observation for Suspected mental or behavioural disorders, ruled out",0.700,High,Optimized Semantic Matching,2025-09-04
SD0934,Blood Disease - Ratha Noi Pitham,,Unknown,1D40,Chikungunya virus disease,0.700,High,Optimized Semantic Matching,2025-09-04
SD0935,Bone Disease - Elumbu Noi Kabam,,Unknown,2E82.0,Benign chondrogenic tumours of bone or articular cartilage of limbs,0.700,High,Optimized Semantic Matching,2025-09-04
SD0936,Paralysis - Pakka Vatham Chronic,,Unknown,UNMAPPED,No suitable ICD-11 match found,0.000,No Match,Optimized Semantic Matching,2025-09-04
SD0937,Epilepsy - Vali Noi Acute,,Unknown,UNMAPPED,No suitable ICD-11 match found,0.000,No Match,Optimized Semantic Matching,2025-09-04
SD0938,Diarrhea - Kallichal Primary,,Unknown,UNMAPPED,No suitable ICD-11 match found,0.000,No Match,Optimized Semantic Matching,2025-09-04
SD0939,Cough - Irumal Kanam,,Unknown,MD12,cough,0.800,High,Optimized Semantic Matching,2025-09-04
SD0940,Cold - Sanni Vatham,,Unknown,UNMAPPED,No suitable ICD-11 match found,0.000,No Match,Optimized Semantic Matching,2025-09-04
SD0941,Fever - Suram Pitham,,Unknown,1C30.2,Typhus fever due to Rickettsia typhi,0.700,High,Optimized Semantic Matching,2025-09-04
SD0942,Diabetes - Neerizhevu Kabam,,Unknown,5A11,Type 2 diabetes mellitus,0.700,High,Optimized Semantic Matching,2025-09-04
SD0943,Hypertension - Ratha Azhutham Chronic,,Unknown,UNMAPPED,No suitable ICD-11 match found,0.000,No Match,Optimized Semantic Matching,2025-09-04
SD0944,Arthritis - Keel Vayu Acute,,Unknown,1B41.1Z,"Acute rheumatic endocarditis, unspecified",0.700,High,Optimized Semantic Matching,2025-09-04
SD0945,Asthma - Irumal Primary,,Unknown,CA23,Asthma,0.800,High,Optimized Semantic Matching,2025-09-04
SD0946,Headache - Thalai Noi,,Unknown,JB0C.5,Spinal or epidural Anaesthesiainduced headache during labour or delivery,0.700,High,Optimized Semantic Matching,2025-09-04
SD0947,Gastritis - Gunmam Vatham,,Unknown,DA42,Gastritis,0.800,High,Optimized Semantic Matching,2025-09-04
SD0948,Skin Disease - Thole Noi Pitham,,Unknown,1D40,Chikungunya virus disease,0.700,High,Optimized Semantic Matching,2025-09-04
SD0949,Liver Disease - Kal Noi Kabam,,Unknown,2C12.02,hepatocellular carcinoma of liver,0.700,High,Optimized Semantic Matching,2025-09-04
SD0950,Kidney Disease - Siruneer Noi Chronic,,Unknown,1D40,Chikungunya virus disease,0.700,High,Optimized Semantic Matching,2025-09-04
SD0951,Eye Disease - Kan Noi Acute,,Unknown,1D40,Chikungunya virus disease,0.700,High,Optimized Semantic Matching,2025-09-04
SD0952,Ear Disease - Kadhu Noi Primary,,Unknown,1D40,Chikungunya virus disease,0.700,High,Optimized Semantic Matching,2025-09-04
SD0953,Mental Disorder - Mana Noi,,Unknown,QA02.3,"observation for Suspected mental or behavioural disorders, ruled out",0.700,High,Optimized Semantic Matching,2025-09-04
SD0954,Blood Disease - Ratha Noi Vatham,,Unknown,1D40,Chikungunya virus disease,0.700,High,Optimized Semantic Matching,2025-09-04
SD0955,Bone Disease - Elumbu Noi Pitham,,Unknown,2E82.0,Benign chondrogenic tumours of bone or articular cartilage of limbs,0.700,High,Optimized Semantic Matching,2025-09-04
SD0956,Paralysis - Pakka Vatham Kabam,,Unknown,UNMAPPED,No suitable ICD-11 match found,0.000,No Match,Optimized Semantic Matching,2025-09-04
SD0957,Epilepsy - Vali Noi Chronic,,Unknown,UNMAPPED,No suitable ICD-11 match found,0.000,No Match,Optimized Semantic Matching,2025-09-04
SD0958,Diarrhea - Kallichal Acute,,Unknown,UNMAPPED,No suitable ICD-11 match found,0.000,No Match,Optimized Semantic Matching,2025-09-04
SD0959,Cough - Irumal Kanam Primary,,Unknown,MD12,cough,0.800,High,Optimized Semantic Matching,2025-09-04
SD0960,Cold - Sanni,,Unknown,UNMAPPED,No suitable ICD-11 match found,0.000,No Match,Optimized Semantic Matching,2025-09-04
SD0961,Fever - Suram Vatham,,Unknown,1C30.2,Typhus fever due to Rickettsia typhi,0.700,High,Optimized Semantic Matching,2025-09-04
SD0962,Diabetes - Neerizhevu Pitham,,Unknown,5A11,Type 2 diabetes mellitus,0.700,High,Optimized Semantic Matching,2025-09-04
SD0963,Hypertension - Ratha Azhutham Kabam,,Unknown,UNMAPPED,No suitable ICD-11 match found,0.000,No Match,Optimized Semantic Matching,2025-09-04
SD0964,Arthritis - Keel Vayu Chronic,,Unknown,2A81.7,Diffuse large Bcell lymphoma associated with Chronic inflammation,0.700,High,Optimized Semantic Matching,2025-09-04
SD0965,Asthma - Irumal Acute,,Unknown,CA23,Asthma,0.800,High,Optimized Semantic Matching,2025-09-04
SD0966,Headache - Thalai Noi Primary,,Unknown,8A81,TensionType headache,0.700,High,Optimized Semantic Matching,2025-09-04
SD0967,Gastritis - Gunmam,,Unknown,DA42,Gastritis,0.800,High,Optimized Semantic Matching,2025-09-04
SD0968,Skin Disease - Thole Noi Vatham,,Unknown,1D40,Chikungunya virus disease,0.700,High,Optimized Semantic Matching,2025-09-04
SD0969,Liver Disease - Kal Noi Pitham,,Unknown,2C12.02,hepatocellular carcinoma of liver,0.700,High,Optimized Semantic Matching,2025-09-04
SD0970,Kidney Disease - Siruneer Noi Kabam,,Unknown,1D40,Chikungunya virus disease,0.700,High,Optimized Semantic Matching,2025-09-04
SD0971,Eye Disease - Kan Noi Chronic,,Unknown,1D40,Chikungunya virus disease,0.700,High,Optimized Semantic Matching,2025-09-04
SD0972,Ear Disease - Kadhu Noi Acute,,Unknown,1D40,Chikungunya virus disease,0.700,High,Optimized Semantic Matching,2025-09-04
SD0973,Mental Disorder - Mana Noi Primary,,Unknown,QA02.3,"observation for Suspected mental or behavioural disorders, ruled out",0.700,High,Optimized Semantic Matching,2025-09-04
SD0974,Blood Disease - Ratha Noi,,Unknown,1D40,Chikungunya virus disease,0.700,High,Optimized Semantic Matching,2025-09-04
SD0975,Bone Disease - Elumbu Noi Vatham,,Unknown,2E82.0,Benign chondrogenic tumours of bone or articular cartilage of limbs,0.700,High,Optimized Semantic Matching,2025-09-04
SD0976,Paralysis - Pakka Vatham Pitham,,Unknown,UNMAPPED,No suitable ICD-11 match found,0.000,No Match,Optimized Semantic Matching,2025-09-04
SD0977,Epilepsy - Vali Noi Kabam,,Unknown,UNMAPPED,No suitable ICD-11 match found,0.000,No Match,Optimized Semantic Matching,2025-09-04
SD0978,Diarrhea - Kallichal Chronic,,Unknown,UNMAPPED,No suitable ICD-11 match found,0.000,No Match,Optimized Semantic Matching,2025-09-04
SD0979,Cough - Irumal Kanam Acute,,Unknown,MD12,cough,0.800,High,Optimized Semantic Matching,2025-09-04
SD0980,Cold - Sanni Primary,,Unknown,UNMAPPED,No suitable ICD-11 match found,0.000,No Match,Optimized Semantic Matching,2025-09-04
SD0981,Fever - Suram,,Unknown,1C30.2,Typhus fever due to Rickettsia typhi,0.700,High,Optimized Semantic Matching,2025-09-04
SD0982,Diabetes - Neerizhevu Vatham,,Unknown,5A11,Type 2 diabetes mellitus,0.700,High,Optimized Semantic Matching,2025-09-04
SD0983,Hypertension - Ratha Azhutham Pitham,,Unknown,UNMAPPED,No suitable ICD-11 match found,0.000,No Match,Optimized Semantic Matching,2025-09-04
SD0984,Arthritis - Keel Vayu Kabam,,Unknown,FA20,Rheumatoid arthritis,0.700,High,Optimized Semantic Matching,2025-09-04
SD0985,Asthma - Irumal Chronic,,Unknown,CA23,Asthma,0.800,High,Optimized Semantic Matching,2025-09-04
SD0986,Headache - Thalai Noi Acute,,Unknown,8A81,TensionType headache,0.700,High,Optimized Semantic Matching,2025-09-04
SD0987,Gastritis - Gunmam Primary,,Unknown,DA42,Gastritis,0.800,High,Optimized Semantic Matching,2025-09-04
SD0988,Skin Disease - Thole Noi,,Unknown,1D40,Chikungunya virus disease,0.700,High,Optimized Semantic Matching,2025-09-04
SD0989,Liver Disease - Kal Noi Vatham,,Unknown,2C12.02,hepatocellular carcinoma of liver,0.700,High,Optimized Semantic Matching,2025-09-04
SD0990,Kidney Disease - Siruneer Noi Pitham,,Unknown,1D40,Chikungunya virus disease,0.700,High,Optimized Semantic Matching,2025-09-04
SD0991,Eye Disease - Kan Noi Kabam,,Unknown,1D40,Chikungunya virus disease,0.700,High,Optimized Semantic Matching,2025-09-04
SD0992,Ear Disease - Kadhu Noi Chronic,,Unknown,1D40,Chikungunya virus disease,0.700,High,Optimized Semantic Matching,2025-09-04
SD0993,Mental Disorder - Mana Noi Acute,,Unknown,QA02.3,"observation for Suspected mental or behavioural disorders, ruled out",0.700,High,Optimized Semantic Matching,2025-09-04
SD0994,Blood Disease - Ratha Noi Primary,,Unknown,1D40,Chikungunya virus disease,0.700,High,Optimized Semantic Matching,2025-09-04
SD0995,Bone Disease - Elumbu Noi,,Unknown,2E82.0,Benign chondrogenic tumours of bone or articular cartilage of limbs,0.700,High,Optimized Semantic Matching,2025-09-04
SD0996,Paralysis - Pakka Vatham Vatham,,Unknown,UNMAPPED,No suitable ICD-11 match found,0.000,No Match,Optimized Semantic Matching,2025-09-04
SD0997,Epilepsy - Vali Noi Pitham,,Unknown,UNMAPPED,No suitable ICD-11 match found,0.000,No Match,Optimized Semantic Matching,2025-09-04
SD0998,Diarrhea - Kallichal Kabam,,Unknown,UNMAPPED,No suitable ICD-11 match found,0.000,No Match,Optimized Semantic Matching,2025-09-04
SD0999,Cough - Irumal Kanam Chronic,,Unknown,MD12,cough,0.800,High,Optimized Semantic Matching,2025-09-04
SD1000,Cold - Sanni Acute,,Unknown,UNMAPPED,No suitable ICD-11 match found,0.000,No Match,Optimized Semantic Matching,2025-09-04
SD1001,Fever - Suram Primary,,Unknown,1D2Z,"Dengue fever, unspecified",0.700,High,Optimized Semantic Matching,2025-09-04
SD1002,Diabetes - Neerizhevu,,Unknown,5A11,Type 2 diabetes mellitus,0.700,High,Optimized Semantic Matching,2025-09-04
SD1003,Hypertension - Ratha Azhutham Vatham,,Unknown,UNMAPPED,No suitable ICD-11 match found,0.000,No Match,Optimized Semantic Matching,2025-09-04
SD1004,Arthritis - Keel Vayu Pitham,,Unknown,FA20,Rheumatoid arthritis,0.700,High,Optimized Semantic Matching,2025-09-04
SD1005,Asthma - Irumal Kabam,,Unknown,CA23,Asthma,0.800,High,Optimized Semantic Matching,2025-09-04
SD1006,Headache - Thalai Noi Chronic,,Unknown,8A81,TensionType headache,0.700,High,Optimized Semantic Matching,2025-09-04
SD1007,Gastritis - Gunmam Acute,,Unknown,DA42,Gastritis,0.800,High,Optimized Semantic Matching,2025-09-04
SD1008,Skin Disease - Thole Noi Primary,,Unknown,1D40,Chikungunya virus disease,0.700,High,Optimized Semantic Matching,2025-09-04
SD1009,Liver Disease - Kal Noi,,Unknown,2C12.02,hepatocellular carcinoma of liver,0.700,High,Optimized Semantic Matching,2025-09-04
SD1010,Kidney Disease - Siruneer Noi Vatham,,Unknown,1D40,Chikungunya virus disease,0.700,High,Optimized Semantic Matching,2025-09-04
SD1011,Eye Disease - Kan Noi Pitham,,Unknown,1D40,Chikungunya virus disease,0.700,High,Optimized Semantic Matching,2025-09-04
SD1012,Ear Disease - Kadhu Noi Kabam,,Unknown,1D40,Chikungunya virus disease,0.700,High,Optimized Semantic Matching,2025-09-04
SD1013,Mental Disorder - Mana Noi Chronic,,Unknown,QA02.3,"observation for Suspected mental or behavioural disorders, ruled out",0.700,High,Optimized Semantic Matching,2025-09-04
SD1014,Blood Disease - Ratha Noi Acute,,Unknown,1D40,Chikungunya virus disease,0.700,High,Optimized Semantic Matching,2025-09-04
SD1015,Bone Disease - Elumbu Noi Primary,,Unknown,2E82.0,Benign chondrogenic tumours of bone or articular cartilage of limbs,0.700,High,Optimized Semantic Matching,2025-09-04
SD1016,Paralysis - Pakka Vatham,,Unknown,UNMAPPED,No suitable ICD-11 match found,0.000,No Match,Optimized Semantic Matching,2025-09-04
SD1017,Epilepsy - Vali Noi Vatham,,Unknown,UNMAPPED,No suitable ICD-11 match found,0.000,No Match,Optimized Semantic Matching,2025-09-04
SD1018,Diarrhea - Kallichal Pitham,,Unknown,UNMAPPED,No suitable ICD-11 match found,0.000,No Match,Optimized Semantic Matching,2025-09-04
SD1019,Cough - Irumal Kanam Kabam,,Unknown,MD12,cough,0.800,High,Optimized Semantic Matching,2025-09-04
SD1020,Cold - Sanni Chronic,,Unknown,UNMAPPED,No suitable ICD-11 match found,0.000,No Match,Optimized Semantic Matching,2025-09-04
SD1021,Fever - Suram Acute,,Unknown,1D2Z,"Dengue fever, unspecified",0.700,High,Optimized Semantic Matching,2025-09-04
SD1022,Diabetes - Neerizhevu Primary,,Unknown,QA0A.10,special screening examination for diabetes mellitus,0.700,High,Optimized Semantic Matching,2025-09-04
SD1023,Hypertension - Ratha Azhutham,,Unknown,UNMAPPED,No suitable ICD-11 match found,0.000,No Match,Optimized Semantic Matching,2025-09-04
SD1024,Arthritis - Keel Vayu Vatham,,Unknown,FA20,Rheumatoid arthritis,0.700,High,Optimized Semantic Matching,2025-09-04
SD1025,Asthma - Irumal Pitham,,Unknown,CA23,Asthma,0.800,High,Optimized Semantic Matching,2025-09-04
SD1026,Headache - Thalai Noi Kabam,,Unknown,JB0C.5,Spinal or epidural Anaesthesiainduced headache during labour or delivery,0.700,High,Optimized Semantic Matching,2025-09-04
SD1027,Gastritis - Gunmam Chronic,,Unknown,DA42,Gastritis,0.800,High,Optimized Semantic Matching,2025-09-04
SD1028,Skin Disease - Thole Noi Acute,,Unknown,1D40,Chikungunya virus disease,0.700,High,Optimized Semantic Matching,2025-09-04
SD1029,Liver Disease - Kal Noi Primary,,Unknown,2C12.02,hepatocellular carcinoma of liver,0.700,High,Optimized Semantic Matching,2025-09-04
SD1030,Kidney Disease - Siruneer Noi,,Unknown,1D40,Chikungunya virus disease,0.700,High,Optimized Semantic Matching,2025-09-04
SD1031,Eye Disease - Kan Noi Vatham,,Unknown,1D40,Chikungunya virus disease,0.700,High,Optimized Semantic Matching,2025-09-04
SD1032,Ear Disease - Kadhu Noi Pitham,,Unknown,1D40,Chikungunya virus disease,0.700,High,Optimized Semantic Matching,2025-09-04
SD1033,Mental Disorder - Mana Noi Kabam,,Unknown,QA02.3,"observation for Suspected mental or behavioural disorders, ruled out",0.700,High,Optimized Semantic Matching,2025-09-04
SD1034,Blood Disease - Ratha Noi Chronic,,Unknown,1D40,Chikungunya virus disease,0.700,High,Optimized Semantic Matching,2025-09-04
SD1035,Bone Disease - Elumbu Noi Acute,,Unknown,2E82.0,Benign chondrogenic tumours of bone or articular cartilage of limbs,0.700,High,Optimized Semantic Matching,2025-09-04
SD1036,Paralysis - Pakka Vatham Primary,,Unknown,UNMAPPED,No suitable ICD-11 match found,0.000,No Match,Optimized Semantic Matching,2025-09-04
SD1037,Epilepsy - Vali Noi,,Unknown,UNMAPPED,No suitable ICD-11 match found,0.000,No Match,Optimized Semantic Matching,2025-09-04
SD1038,Diarrhea - Kallichal Vatham,,Unknown,UNMAPPED,No suitable ICD-11 match found,0.000,No Match,Optimized Semantic Matching,2025-09-04
SD1039,Cough - Irumal Kanam Pitham,,Unknown,MD12,cough,0.800,High,Optimized Semantic Matching,2025-09-04
SD1040,Cold - Sanni Kabam,,Unknown,UNMAPPED,No suitable ICD-11 match found,0.000,No Match,Optimized Semantic Matching,2025-09-04
SD1041,Fever - Suram Chronic,,Unknown,1D2Z,"Dengue fever, unspecified",0.700,High,Optimized Semantic Matching,2025-09-04
SD1042,Diabetes - Neerizhevu Acute,,Unknown,QA0A.10,special screening examination for diabetes mellitus,0.700,High,Optimized Semantic Matching,2025-09-04
SD1043,Hypertension - Ratha Azhutham Primary,,Unknown,UNMAPPED,No suitable ICD-11 match found,0.000,No Match,Optimized Semantic Matching,2025-09-04
SD1044,Arthritis - Keel Vayu,,Unknown,FA20,Rheumatoid arthritis,0.700,High,Optimized Semantic Matching,2025-09-04
SD1045,Asthma - Irumal Vatham,,Unknown,CA23,Asthma,0.800,High,Optimized Semantic Matching,2025-09-04
SD1046,Headache - Thalai Noi Pitham,,Unknown,JB0C.5,Spinal or epidural Anaesthesiainduced headache during labour or delivery,0.700,High,Optimized Semantic Matching,2025-09-04
SD1047,Gastritis - Gunmam Kabam,,Unknown,DA42,Gastritis,0.800,High,Optimized Semantic Matching,2025-09-04
SD1048,Skin Disease - Thole Noi Chronic,,Unknown,1D40,Chikungunya virus disease,0.700,High,Optimized Semantic Matching,2025-09-04
SD1049,Liver Disease - Kal Noi Acute,,Unknown,2C12.02,hepatocellular carcinoma of liver,0.700,High,Optimized Semantic Matching,2025-09-04
SD1050,Kidney Disease - Siruneer Noi Primary,,Unknown,1D40,Chikungunya virus disease,0.700,High,Optimized Semantic Matching,2025-09-04
SD1051,Eye Disease - Kan Noi,,Unknown,1D40,Chikungunya virus disease,0.700,High,Optimized Semantic Matching,2025-09-04
SD1052,Ear Disease - Kadhu Noi Vatham,,Unknown,1D40,Chikungunya virus disease,0.700,High,Optimized Semantic Matching,2025-09-04
SD1053,Mental Disorder - Mana Noi Pitham,,Unknown,QA02.3,"observation for Suspected mental or behavioural disorders, ruled out",0.700,High,Optimized Semantic Matching,2025-09-04
SD1054,Blood Disease - Ratha Noi Kabam,,Unknown,1D40,Chikungunya virus disease,0.700,High,Optimized Semantic Matching,2025-09-04
SD1055,Bone Disease - Elumbu Noi Chronic,,Unknown,2E82.0,Benign chondrogenic tumours of bone or articular cartilage of limbs,0.700,High,Optimized Semantic Matching,2025-09-04
SD1056,Paralysis - Pakka Vatham Acute,,Unknown,UNMAPPED,No suitable ICD-11 match found,0.000,No Match,Optimized Semantic Matching,2025-09-04
SD1057,Epilepsy - Vali Noi Primary,,Unknown,UNMAPPED,No suitable ICD-11 match found,0.000,No Match,Optimized Semantic Matching,2025-09-04
SD1058,Diarrhea - Kallichal,,Unknown,UNMAPPED,No suitable ICD-11 match found,0.000,No Match,Optimized Semantic Matching,2025-09-04
SD1059,Cough - Irumal Kanam Vatham,,Unknown,MD12,cough,0.800,High,Optimized Semantic Matching,2025-09-04
SD1060,Cold - Sanni Pitham,,Unknown,UNMAPPED,No suitable ICD-11 match found,0.000,No Match,Optimized Semantic Matching,2025-09-04
SD1061,Fever - Suram Kabam,,Unknown,1C30.2,Typhus fever due to Rickettsia typhi,0.700,High,Optimized Semantic Matching,2025-09-04
SD1062,Diabetes - Neerizhevu Chronic,,Unknown,QA0A.10,special screening examination for diabetes mellitus,0.700,High,Optimized Semantic Matching,2025-09-04
SD1063,Hypertension - Ratha Azhutham Acute,,Unknown,UNMAPPED,No suitable ICD-11 match found,0.000,No Match,Optimized Semantic Matching,2025-09-04
SD1064,Arthritis - Keel Vayu Primary,,Unknown,1F02.1,Rubella arthritis,0.700,High,Optimized Semantic Matching,2025-09-04
SD1065,Asthma - Irumal,,Unknown,CA23,Asthma,0.800,High,Optimized Semantic Matching,2025-09-04
SD1066,Headache - Thalai Noi Vatham,,Unknown,JB0C.5,Spinal or epidural Anaesthesiainduced headache during labour or delivery,0.700,High,Optimized Semantic Matching,2025-09-04
SD1067,Gastritis - Gunmam Pitham,,Unknown,DA42,Gastritis,0.800,High,Optimized Semantic Matching,2025-09-04
SD1068,Skin Disease - Thole Noi Kabam,,Unknown,1D40,Chikungunya virus disease,0.700,High,Optimized Semantic Matching,2025-09-04
SD1069,Liver Disease - Kal Noi Chronic,,Unknown,2C12.02,hepatocellular carcinoma of liver,0.700,High,Optimized Semantic Matching,2025-09-04
SD1070,Kidney Disease - Siruneer Noi Acute,,Unknown,1D40,Chikungunya virus disease,0.700,High,Optimized Semantic Matching,2025-09-04
SD1071,Eye Disease - Kan Noi Primary,,Unknown,1D40,Chikungunya virus disease,0.700,High,Optimized Semantic Matching,2025-09-04
SD1072,Ear Disease - Kadhu Noi,,Unknown,1D40,Chikungunya virus disease,0.700,High,Optimized Semantic Matching,2025-09-04
SD1073,Mental Disorder - Mana Noi Vatham,,Unknown,QA02.3,"observation for Suspected mental or behavioural disorders, ruled out",0.700,High,Optimized Semantic Matching,2025-09-04
SD1074,Blood Disease - Ratha Noi Pitham,,Unknown,1D40,Chikungunya virus disease,0.700,High,Optimized Semantic Matching,2025-09-04
SD1075,Bone Disease - Elumbu Noi Kabam,,Unknown,2E82.0,Benign chondrogenic tumours of bone or articular cartilage of limbs,0.700,High,Optimized Semantic Matching,2025-09-04
SD1076,Paralysis - Pakka Vatham Chronic,,Unknown,UNMAPPED,No suitable ICD-11 match found,0.000,No Match,Optimized Semantic Matching,2025-09-04
SD1077,Epilepsy - Vali Noi Acute,,Unknown,UNMAPPED,No suitable ICD-11 match found,0.000,No Match,Optimized Semantic Matching,2025-09-04
SD1078,Diarrhea - Kallichal Primary,,Unknown,UNMAPPED,No suitable ICD-11 match found,0.000,No Match,Optimized Semantic Matching,2025-09-04
SD1079,Cough - Irumal Kanam,,Unknown,MD12,cough,0.800,High,Optimized Semantic Matching,2025-09-04
SD1080,Cold - Sanni Vatham,,Unknown,UNMAPPED,No suitable ICD-11 match found,0.000,No Match,Optimized Semantic Matching,2025-09-04
SD1081,Fever - Suram Pitham,,Unknown,1C30.2,Typhus fever due to Rickettsia typhi,0.700,High,Optimized Semantic Matching,2025-09-04
SD1082,Diabetes - Neerizhevu Kabam,,Unknown,5A11,Type 2 diabetes mellitus,0.700,High,Optimized Semantic Matching,2025-09-04
SD1083,Hypertension - Ratha Azhutham Chronic,,Unknown,UNMAPPED,No suitable ICD-11 match found,0.000,No Match,Optimized Semantic Matching,2025-09-04
SD1084,Arthritis - Keel Vayu Acute,,Unknown,1B41.1Z,"Acute rheumatic endocarditis, unspecified",0.700,High,Optimized Semantic Matching,2025-09-04
SD1085,Asthma - Irumal Primary,,Unknown,CA23,Asthma,0.800,High,Optimized Semantic Matching,2025-09-04
SD1086,Headache - Thalai Noi,,Unknown,JB0C.5,Spinal or epidural Anaesthesiainduced headache during labour or delivery,0.700,High,Optimized Semantic Matching,2025-09-04
SD1087,Gastritis - Gunmam Vatham,,Unknown,DA42,Gastritis,0.800,High,Optimized Semantic Matching,2025-09-04
SD1088,Skin Disease - Thole Noi Pitham,,Unknown,1D40,Chikungunya virus disease,0.700,High,Optimized Semantic Matching,2025-09-04
SD1089,Liver Disease - Kal Noi Kabam,,Unknown,2C12.02,hepatocellular carcinoma of liver,0.700,High,Optimized Semantic Matching,2025-09-04
SD1090,Kidney Disease - Siruneer Noi Chronic,,Unknown,1D40,Chikungunya virus disease,0.700,High,Optimized Semantic Matching,2025-09-04
SD1091,Eye Disease - Kan Noi Acute,,Unknown,1D40,Chikungunya virus disease,0.700,High,Optimized Semantic Matching,2025-09-04
SD1092,Ear Disease - Kadhu Noi Primary,,Unknown,1D40,Chikungunya virus disease,0.700,High,Optimized Semantic Matching,2025-09-04
SD1093,Mental Disorder - Mana Noi,,Unknown,QA02.3,"observation for Suspected mental or behavioural disorders, ruled out",0.700,High,Optimized Semantic Matching,2025-09-04
SD1094,Blood Disease - Ratha Noi Vatham,,Unknown,1D40,Chikungunya virus disease,0.700,High,Optimized Semantic Matching,2025-09-04
SD1095,Bone Disease - Elumbu Noi Pitham,,Unknown,2E82.0,Benign chondrogenic tumours of bone or articular cartilage of limbs,0.700,High,Optimized Semantic Matching,2025-09-04
SD1096,Paralysis - Pakka Vatham Kabam,,Unknown,UNMAPPED,No suitable ICD-11 match found,0.000,No Match,Optimized Semantic Matching,2025-09-04
SD1097,Epilepsy - Vali Noi Chronic,,Unknown,UNMAPPED,No suitable ICD-11 match found,0.000,No Match,Optimized Semantic Matching,2025-09-04
SD1098,Diarrhea - Kallichal Acute,,Unknown,UNMAPPED,No suitable ICD-11 match found,0.000,No Match,Optimized Semantic Matching,2025-09-04
SD1099,Cough - Irumal Kanam Primary,,Unknown,MD12,cough,0.800,High,Optimized Semantic Matching,2025-09-04
SD1100,Cold - Sanni,,Unknown,UNMAPPED,No suitable ICD-11 match found,0.000,No Match,Optimized Semantic Matching,2025-09-04
SD1101,Fever - Suram Vatham,,Unknown,1C30.2,Typhus fever due to Rickettsia typhi,0.700,High,Optimized Semantic Matching,2025-09-04
SD1102,Diabetes - Neerizhevu Pitham,,Unknown,5A11,Type 2 diabetes mellitus,0.700,High,Optimized Semantic Matching,2025-09-04
SD1103,Hypertension - Ratha Azhutham Kabam,,Unknown,UNMAPPED,No suitable ICD-11 match found,0.000,No Match,Optimized Semantic Matching,2025-09-04
SD1104,Arthritis - Keel Vayu Chronic,,Unknown,2A81.7,Diffuse large Bcell lymphoma associated with Chronic inflammation,0.700,High,Optimized Semantic Matching,2025-09-04
SD1105,Asthma - Irumal Acute,,Unknown,CA23,Asthma,0.800,High,Optimized Semantic Matching,2025-09-04
SD1106,Headache - Thalai Noi Primary,,Unknown,8A81,TensionType headache,0.700,High,Optimized Semantic Matching,2025-09-04
SD1107,Gastritis - Gunmam,,Unknown,DA42,Gastritis,0.800,High,Optimized Semantic Matching,2025-09-04
SD1108,Skin Disease - Thole Noi Vatham,,Unknown,1D40,Chikungunya virus disease,0.700,High,Optimized Semantic Matching,2025-09-04
SD1109,Liver Disease - Kal Noi Pitham,,Unknown,2C12.02,hepatocellular carcinoma of liver,0.700,High,Optimized Semantic Matching,2025-09-04
SD1110,Kidney Disease - Siruneer Noi Kabam,,Unknown,1D40,Chikungunya virus disease,0.700,High,Optimized Semantic Matching,2025-09-04
SD1111,Eye Disease - Kan Noi Chronic,,Unknown,1D40,Chikungunya virus disease,0.700,High,Optimized Semantic Matching,2025-09-04
SD1112,Ear Disease - Kadhu Noi Acute,,Unknown,1D40,Chikungunya virus disease,0.700,High,Optimized Semantic Matching,2025-09-04
SD1113,Mental Disorder - Mana Noi Primary,,Unknown,QA02.3,"observation for Suspected mental or behavioural disorders, ruled out",0.700,High,Optimized Semantic Matching,2025-09-04
SD1114,Blood Disease - Ratha Noi,,Unknown,1D40,Chikungunya virus disease,0.700,High,Optimized Semantic Matching,2025-09-04
SD1115,Bone Disease - Elumbu Noi Vatham,,Unknown,2E82.0,Benign chondrogenic tumours of bone or articular cartilage of limbs,0.700,High,Optimized Semantic Matching,2025-09-04
SD1116,Paralysis - Pakka Vatham Pitham,,Unknown,UNMAPPED,No suitable ICD-11 match found,0.000,No Match,Optimized Semantic Matching,2025-09-04
SD1117,Epilepsy - Vali Noi Kabam,,Unknown,UNMAPPED,No suitable ICD-11 match found,0.000,No Match,Optimized Semantic Matching,2025-09-04
SD1118,Diarrhea - Kallichal Chronic,,Unknown,UNMAPPED,No suitable ICD-11 match found,0.000,No Match,Optimized Semantic Matching,2025-09-04
SD1119,Cough - Irumal Kanam Acute,,Unknown,MD12,cough,0.800,High,Optimized Semantic Matching,2025-09-04
SD1120,Cold - Sanni Primary,,Unknown,UNMAPPED,No suitable ICD-11 match found,0.000,No Match,Optimized Semantic Matching,2025-09-04
SD1121,Fever - Suram,,Unknown,1C30.2,Typhus fever due to Rickettsia typhi,0.700,High,Optimized Semantic Matching,2025-09-04
SD1122,Diabetes - Neerizhevu Vatham,,Unknown,5A11,Type 2 diabetes mellitus,0.700,High,Optimized Semantic Matching,2025-09-04
SD1123,Hypertension - Ratha Azhutham Pitham,,Unknown,UNMAPPED,No suitable ICD-11 match found,0.000,No Match,Optimized Semantic Matching,2025-09-04
SD1124,Arthritis - Keel Vayu Kabam,,Unknown,FA20,Rheumatoid arthritis,0.700,High,Optimized Semantic Matching,2025-09-04
SD1125,Asthma - Irumal Chronic,,Unknown,CA23,Asthma,0.800,High,Optimized Semantic Matching,2025-09-04
SD1126,Headache - Thalai Noi Acute,,Unknown,8A81,TensionType headache,0.700,High,Optimized Semantic Matching,2025-09-04
SD1127,Gastritis - Gunmam Primary,,Unknown,DA42,Gastritis,0.800,High,Optimized Semantic Matching,2025-09-04
SD1128,Skin Disease - Thole Noi,,Unknown,1D40,Chikungunya virus disease,0.700,High,Optimized Semantic Matching,2025-09-04
SD1129,Liver Disease - Kal Noi Vatham,,Unknown,2C12.02,hepatocellular carcinoma of liver,0.700,High,Optimized Semantic Matching,2025-09-04
SD1130,Kidney Disease - Siruneer Noi Pitham,,Unknown,1D40,Chikungunya virus disease,0.700,High,Optimized Semantic Matching,2025-09-04
SD1131,Eye Disease - Kan Noi Kabam,,Unknown,1D40,Chikungunya virus disease,0.700,High,Optimized Semantic Matching,2025-09-04
SD1132,Ear Disease - Kadhu Noi Chronic,,Unknown,1D40,Chikungunya virus disease,0.700,High,Optimized Semantic Matching,2025-09-04
SD1133,Mental Disorder - Mana Noi Acute,,Unknown,QA02.3,"observation for Suspected mental or behavioural disorders, ruled out",0.700,High,Optimized Semantic Matching,2025-09-04
SD1134,Blood Disease - Ratha Noi Primary,,Unknown,1D40,Chikungunya virus disease,0.700,High,Optimized Semantic Matching,2025-09-04
SD1135,Bone Disease - Elumbu Noi,,Unknown,2E82.0,Benign chondrogenic tumours of bone or articular cartilage of limbs,0.700,High,Optimized Semantic Matching,2025-09-04
SD1136,Paralysis - Pakka Vatham Vatham,,Unknown,UNMAPPED,No suitable ICD-11 match found,0.000,No Match,Optimized Semantic Matching,2025-09-04
SD1137,Epilepsy - Vali Noi Pitham,,Unknown,UNMAPPED,No suitable ICD-11 match found,0.000,No Match,Optimized Semantic Matching,2025-09-04
SD1138,Diarrhea - Kallichal Kabam,,Unknown,UNMAPPED,No suitable ICD-11 match found,0.000,No Match,Optimized Semantic Matching,2025-09-04
SD1139,Cough - Irumal Kanam Chronic,,Unknown,MD12,cough,0.800,High,Optimized Semantic Matching,2025-09-04
SD1140,Cold - Sanni Acute,,Unknown,UNMAPPED,No suitable ICD-11 match found,0.000,No Match,Optimized Semantic Matching,2025-09-04
SD1141,Fever - Suram Primary,,Unknown,1D2Z,"Dengue fever, unspecified",0.700,High,Optimized Semantic Matching,2025-09-04
SD1142,Diabetes - Neerizhevu,,Unknown,5A11,Type 2 diabetes mellitus,0.700,High,Optimized Semantic Matching,2025-09-04
SD1143,Hypertension - Ratha Azhutham Vatham,,Unknown,UNMAPPED,No suitable ICD-11 match found,0.000,No Match,Optimized Semantic Matching,2025-09-04
SD1144,Arthritis - Keel Vayu Pitham,,Unknown,FA20,Rheumatoid arthritis,0.700,High,Optimized Semantic Matching,2025-09-04
SD1145,Asthma - Irumal Kabam,,Unknown,CA23,Asthma,0.800,High,Optimized Semantic Matching,2025-09-04
SD1146,Headache - Thalai Noi Chronic,,Unknown,8A81,TensionType headache,0.700,High,Optimized Semantic Matching,2025-09-04
SD1147,Gastritis - Gunmam Acute,,Unknown,DA42,Gastritis,0.800,High,Optimized Semantic Matching,2025-09-04
SD1148,Skin Disease - Thole Noi Primary,,Unknown,1D40,Chikungunya virus disease,0.700,High,Optimized Semantic Matching,2025-09-04
SD1149,Liver Disease - Kal Noi,,Unknown,2C12.02,hepatocellular carcinoma of liver,0.700,High,Optimized Semantic Matching,2025-09-04
SD1150,Kidney Disease - Siruneer Noi Vatham,,Unknown,1D40,Chikungunya virus disease,0.700,High,Optimized Semantic Matching,2025-09-04
SD1151,Eye Disease - Kan Noi Pitham,,Unknown,1D40,Chikungunya virus disease,0.700,High,Optimized Semantic Matching,2025-09-04
SD1152,Ear Disease - Kadhu Noi Kabam,,Unknown,1D40,Chikungunya virus disease,0.700,High,Optimized Semantic Matching,2025-09-04
SD1153,Mental Disorder - Mana Noi Chronic,,Unknown,QA02.3,"observation for Suspected mental or behavioural disorders, ruled out",0.700,High,Optimized Semantic Matching,2025-09-04
SD1154,Blood Disease - Ratha Noi Acute,,Unknown,1D40,Chikungunya virus disease,0.700,High,Optimized Semantic Matching,2025-09-04
SD1155,Bone Disease - Elumbu Noi Primary,,Unknown,2E82.0,Benign chondrogenic tumours of bone or articular cartilage of limbs,0.700,High,Optimized Semantic Matching,2025-09-04
SD1156,Paralysis - Pakka Vatham,,Unknown,UNMAPPED,No suitable ICD-11 match found,0.000,No Match,Optimized Semantic Matching,2025-09-04
SD1157,Epilepsy - Vali Noi Vatham,,Unknown,UNMAPPED,No suitable ICD-11 match found,0.000,No Match,Optimized Semantic Matching,2025-09-04
SD1158,Diarrhea - Kallichal Pitham,,Unknown,UNMAPPED,No suitable ICD-11 match found,0.000,No Match,Optimized Semantic Matching,2025-09-04
SD1159,Cough - Irumal Kanam Kabam,,Unknown,MD12,cough,0.800,High,Optimized Semantic Matching,2025-09-04
SD1160,Cold - Sanni Chronic,,Unknown,UNMAPPED,No suitable ICD-11 match found,0.000,No Match,Optimized Semantic Matching,2025-09-04
SD1161,Fever - Suram Acute,,Unknown,1D2Z,"Dengue fever, unspecified",0.700,High,Optimized Semantic Matching,2025-09-04
SD1162,Diabetes - Neerizhevu Primary,,Unknown,QA0A.10,special screening examination for diabetes mellitus,0.700,High,Optimized Semantic Matching,2025-09-04
SD1163,Hypertension - Ratha Azhutham,,Unknown,UNMAPPED,No suitable ICD-11 match found,0.000,No Match,Optimized Semantic Matching,2025-09-04
SD1164,Arthritis - Keel Vayu Vatham,,Unknown,FA20,Rheumatoid arthritis,0.700,High,Optimized Semantic Matching,2025-09-04
SD1165,Asthma - Irumal Pitham,,Unknown,CA23,Asthma,0.800,High,Optimized Semantic Matching,2025-09-04
SD1166,Headache - Thalai Noi Kabam,,Unknown,JB0C.5,Spinal or epidural Anaesthesiainduced headache during labour or delivery,0.700,High,Optimized Semantic Matching,2025-09-04
SD1167,Gastritis - Gunmam Chronic,,Unknown,DA42,Gastritis,0.800,High,Optimized Semantic Matching,2025-09-04
SD1168,Skin Disease - Thole Noi Acute,,Unknown,1D40,Chikungunya virus disease,0.700,High,Optimized Semantic Matching,2025-09-04
SD1169,Liver Disease - Kal Noi Primary,,Unknown,2C12.02,hepatocellular carcinoma of liver,0.700,High,Optimized Semantic Matching,2025-09-04
SD1170,Kidney Disease - Siruneer Noi,,Unknown,1D40,Chikungunya virus disease,0.700,High,Optimized Semantic Matching,2025-09-04
SD1171,Eye Disease - Kan Noi Vatham,,Unknown,1D40,Chikungunya virus disease,0.700,High,Optimized Semantic Matching,2025-09-04
SD1172,Ear Disease - Kadhu Noi Pitham,,Unknown,1D40,Chikungunya virus disease,0.700,High,Optimized Semantic Matching,2025-09-04
SD1173,Mental Disorder - Mana Noi Kabam,,Unknown,QA02.3,"observation for Suspected mental or behavioural disorders, ruled out",0.700,High,Optimized Semantic Matching,2025-09-04
SD1174,Blood Disease - Ratha Noi Chronic,,Unknown,1D40,Chikungunya virus disease,0.700,High,Optimized Semantic Matching,2025-09-04
SD1175,Bone Disease - Elumbu Noi Acute,,Unknown,2E82.0,Benign chondrogenic tumours of bone or articular cartilage of limbs,0.700,High,Optimized Semantic Matching,2025-09-04
SD1176,Paralysis - Pakka Vatham Primary,,Unknown,UNMAPPED,No suitable ICD-11 match found,0.000,No Match,Optimized Semantic Matching,2025-09-04
SD1177,Epilepsy - Vali Noi,,Unknown,UNMAPPED,No suitable ICD-11 match found,0.000,No Match,Optimized Semantic Matching,2025-09-04
SD1178,Diarrhea - Kallichal Vatham,,Unknown,UNMAPPED,No suitable ICD-11 match found,0.000,No Match,Optimized Semantic Matching,2025-09-04
SD1179,Cough - Irumal Kanam Pitham,,Unknown,MD12,cough,0.800,High,Optimized Semantic Matching,2025-09-04
SD1180,Cold - Sanni Kabam,,Unknown,UNMAPPED,No suitable ICD-11 match found,0.000,No Match,Optimized Semantic Matching,2025-09-04
SD1181,Fever - Suram Chronic,,Unknown,1D2Z,"Dengue fever, unspecified",0.700,High,Optimized Semantic Matching,2025-09-04
SD1182,Diabetes - Neerizhevu Acute,,Unknown,QA0A.10,special screening examination for diabetes mellitus,0.700,High,Optimized Semantic Matching,2025-09-04
SD1183,Hypertension - Ratha Azhutham Primary,,Unknown,UNMAPPED,No suitable ICD-11 match found,0.000,No Match,Optimized Semantic Matching,2025-09-04
SD1184,Arthritis - Keel Vayu,,Unknown,FA20,Rheumatoid arthritis,0.700,High,Optimized Semantic Matching,2025-09-04
SD1185,Asthma - Irumal Vatham,,Unknown,CA23,Asthma,0.800,High,Optimized Semantic Matching,2025-09-04
SD1186,Headache - Thalai Noi Pitham,,Unknown,JB0C.5,Spinal or epidural Anaesthesiainduced headache during labour or delivery,0.700,High,Optimized Semantic Matching,2025-09-04
SD1187,Gastritis - Gunmam Kabam,,Unknown,DA42,Gastritis,0.800,High,Optimized Semantic Matching,2025-09-04
SD1188,Skin Disease - Thole Noi Chronic,,Unknown,1D40,Chikungunya virus disease,0.700,High,Optimized Semantic Matching,2025-09-04
SD1189,Liver Disease - Kal Noi Acute,,Unknown,2C12.02,hepatocellular carcinoma of liver,0.700,High,Optimized Semantic Matching,2025-09-04
SD1190,Kidney Disease - Siruneer Noi Primary,,Unknown,1D40,Chikungunya virus disease,0.700,High,Optimized Semantic Matching,2025-09-04
SD1191,Eye Disease - Kan Noi,,Unknown,1D40,Chikungunya virus disease,0.700,High,Optimized Semantic Matching,2025-09-04
SD1192,Ear Disease - Kadhu Noi Vatham,,Unknown,1D40,Chikungunya virus disease,0.700,High,Optimized Semantic Matching,2025-09-04
SD1193,Mental Disorder - Mana Noi Pitham,,Unknown,QA02.3,"observation for Suspected mental or behavioural disorders, ruled out",0.700,High,Optimized Semantic Matching,2025-09-04
SD1194,Blood Disease - Ratha Noi Kabam,,Unknown,1D40,Chikungunya virus disease,0.700,High,Optimized Semantic Matching,2025-09-04
SD1195,Bone Disease - Elumbu Noi Chronic,,Unknown,2E82.0,Benign chondrogenic tumours of bone or articular cartilage of limbs,0.700,High,Optimized Semantic Matching,2025-09-04
SD1196,Paralysis - Pakka Vatham Acute,,Unknown,UNMAPPED,No suitable ICD-11 match found,0.000,No Match,Optimized Semantic Matching,2025-09-04
SD1197,Epilepsy - Vali Noi Primary,,Unknown,UNMAPPED,No suitable ICD-11 match found,0.000,No Match,Optimized Semantic Matching,2025-09-04
SD1198,Diarrhea - Kallichal,,Unknown,UNMAPPED,No suitable ICD-11 match found,0.000,No Match,Optimized Semantic Matching,2025-09-04
SD1199,Cough - Irumal Kanam Vatham,,Unknown,MD12,cough,0.800,High,Optimized Semantic Matching,2025-09-04
SD1200,Cold - Sanni Pitham,,Unknown,UNMAPPED,No suitable ICD-11 match found,0.000,No Match,Optimized Semantic Matching,2025-09-04
SD1201,Fever - Suram Kabam,,Unknown,1C30.2,Typhus fever due to Rickettsia typhi,0.700,High,Optimized Semantic Matching,2025-09-04
SD1202,Diabetes - Neerizhevu Chronic,,Unknown,QA0A.10,special screening examination for diabetes mellitus,0.700,High,Optimized Semantic Matching,2025-09-04
SD1203,Hypertension - Ratha Azhutham Acute,,Unknown,UNMAPPED,No suitable ICD-11 match found,0.000,No Match,Optimized Semantic Matching,2025-09-04
SD1204,Arthritis - Keel Vayu Primary,,Unknown,1F02.1,Rubella arthritis,0.700,High,Optimized Semantic Matching,2025-09-04
SD1205,Asthma - Irumal,,Unknown,CA23,Asthma,0.800,High,Optimized Semantic Matching,2025-09-04
SD1206,Headache - Thalai Noi Vatham,,Unknown,JB0C.5,Spinal or epidural Anaesthesiainduced headache during labour or delivery,0.700,High,Optimized Semantic Matching,2025-09-04
SD1207,Gastritis - Gunmam Pitham,,Unknown,DA42,Gastritis,0.800,High,Optimized Semantic Matching,2025-09-04
SD1208,Skin Disease - Thole Noi Kabam,,Unknown,1D40,Chikungunya virus disease,0.700,High,Optimized Semantic Matching,2025-09-04
SD1209,Liver Disease - Kal Noi Chronic,,Unknown,2C12.02,hepatocellular carcinoma of liver,0.700,High,Optimized Semantic Matching,2025-09-04
SD1210,Kidney Disease - Siruneer Noi Acute,,Unknown,1D40,Chikungunya virus disease,0.700,High,Optimized Semantic Matching,2025-09-04
SD1211,Eye Disease - Kan Noi Primary,,Unknown,1D40,Chikungunya virus disease,0.700,High,Optimized Semantic Matching,2025-09-04
SD1212,Ear Disease - Kadhu Noi,,Unknown,1D40,Chikungunya virus disease,0.700,High,Optimized Semantic Matching,2025-09-04
SD1213,Mental Disorder - Mana Noi Vatham,,Unknown,QA02.3,"observation for Suspected mental or behavioural disorders, ruled out",0.700,High,Optimized Semantic Matching,2025-09-04
SD1214,Blood Disease - Ratha Noi Pitham,,Unknown,1D40,Chikungunya virus disease,0.700,High,Optimized Semantic Matching,2025-09-04
SD1215,Bone Disease - Elumbu Noi Kabam,,Unknown,2E82.0,Benign chondrogenic tumours of bone or articular cartilage of limbs,0.700,High,Optimized Semantic Matching,2025-09-04
SD1216,Paralysis - Pakka Vatham Chronic,,Unknown,UNMAPPED,No suitable ICD-11 match found,0.000,No Match,Optimized Semantic Matching,2025-09-04
SD1217,Epilepsy - Vali Noi Acute,,Unknown,UNMAPPED,No suitable ICD-11 match found,0.000,No Match,Optimized Semantic Matching,2025-09-04
SD1218,Diarrhea - Kallichal Primary,,Unknown,UNMAPPED,No suitable ICD-11 match found,0.000,No Match,Optimized Semantic Matching,2025-09-04
SD1219,Cough - Irumal Kanam,,Unknown,MD12,cough,0.800,High,Optimized Semantic Matching,2025-09-04
SD1220,Cold - Sanni Vatham,,Unknown,UNMAPPED,No suitable ICD-11 match found,0.000,No Match,Optimized Semantic Matching,2025-09-04
SD1221,Fever - Suram Pitham,,Unknown,1C30.2,Typhus fever due to Rickettsia typhi,0.700,High,Optimized Semantic Matching,2025-09-04
SD1222,Diabetes - Neerizhevu Kabam,,Unknown,5A11,Type 2 diabetes mellitus,0.700,High,Optimized Semantic Matching,2025-09-04
SD1223,Hypertension - Ratha Azhutham Chronic,,Unknown,UNMAPPED,No suitable ICD-11 match found,0.000,No Match,Optimized Semantic Matching,2025-09-04
SD1224,Arthritis - Keel Vayu Acute,,Unknown,1B41.1Z,"Acute rheumatic endocarditis, unspecified",0.700,High,Optimized Semantic Matching,2025-09-04
SD1225,Asthma - Irumal Primary,,Unknown,CA23,Asthma,0.800,High,Optimized Semantic Matching,2025-09-04
SD1226,Headache - Thalai Noi,,Unknown,JB0C.5,Spinal or epidural Anaesthesiainduced headache during labour or delivery,0.700,High,Optimized Semantic Matching,2025-09-04
SD1227,Gastritis - Gunmam Vatham,,Unknown,DA42,Gastritis,0.800,High,Optimized Semantic Matching,2025-09-04
SD1228,Skin Disease - Thole Noi Pitham,,Unknown,1D40,Chikungunya virus disease,0.700,High,Optimized Semantic Matching,2025-09-04
SD1229,Liver Disease - Kal Noi Kabam,,Unknown,2C12.02,hepatocellular carcinoma of liver,0.700,High,Optimized Semantic Matching,2025-09-04
SD1230,Kidney Disease - Siruneer Noi Chronic,,Unknown,1D40,Chikungunya virus disease,0.700,High,Optimized Semantic Matching,2025-09-04
SD1231,Eye Disease - Kan Noi Acute,,Unknown,1D40,Chikungunya virus disease,0.700,High,Optimized Semantic Matching,2025-09-04
SD1232,Ear Disease - Kadhu Noi Primary,,Unknown,1D40,Chikungunya virus disease,0.700,High,Optimized Semantic Matching,2025-09-04
SD1233,Mental Disorder - Mana Noi,,Unknown,QA02.3,"observation for Suspected mental or behavioural disorders, ruled out",0.700,High,Optimized Semantic Matching,2025-09-04
SD1234,Blood Disease - Ratha Noi Vatham,,Unknown,1D40,Chikungunya virus disease,0.700,High,Optimized Semantic Matching,2025-09-04
SD1235,Bone Disease - Elumbu Noi Pitham,,Unknown,2E82.0,Benign chondrogenic tumours of bone or articular cartilage of limbs,0.700,High,Optimized Semantic Matching,2025-09-04
SD1236,Paralysis - Pakka Vatham Kabam,,Unknown,UNMAPPED,No suitable ICD-11 match found,0.000,No Match,Optimized Semantic Matching,2025-09-04
SD1237,Epilepsy - Vali Noi Chronic,,Unknown,UNMAPPED,No suitable ICD-11 match found,0.000,No Match,Optimized Semantic Matching,2025-09-04
SD1238,Diarrhea - Kallichal Acute,,Unknown,UNMAPPED,No suitable ICD-11 match found,0.000,No Match,Optimized Semantic Matching,2025-09-04
SD1239,Cough - Irumal Kanam Primary,,Unknown,MD12,cough,0.800,High,Optimized Semantic Matching,2025-09-04
SD1240,Cold - Sanni,,Unknown,UNMAPPED,No suitable ICD-11 match found,0.000,No Match,Optimized Semantic Matching,2025-09-04
SD1241,Fever - Suram Vatham,,Unknown,1C30.2,Typhus fever due to Rickettsia typhi,0.700,High,Optimized Semantic Matching,2025-09-04
SD1242,Diabetes - Neerizhevu Pitham,,Unknown,5A11,Type 2 diabetes mellitus,0.700,High,Optimized Semantic Matching,2025-09-04
SD1243,Hypertension - Ratha Azhutham Kabam,,Unknown,UNMAPPED,No suitable ICD-11 match found,0.000,No Match,Optimized Semantic Matching,2025-09-04
SD1244,Arthritis - Keel Vayu Chronic,,Unknown,2A81.7,Diffuse large Bcell lymphoma associated with Chronic inflammation,0.700,High,Optimized Semantic Matching,2025-09-04
SD1245,Asthma - Irumal Acute,,Unknown,CA23,Asthma,0.800,High,Optimized Semantic Matching,2025-09-04
SD1246,Headache - Thalai Noi Primary,,Unknown,8A81,TensionType headache,0.700,High,Optimized Semantic Matching,2025-09-04
SD1247,Gastritis - Gunmam,,Unknown,DA42,Gastritis,0.800,High,Optimized Semantic Matching,2025-09-04
SD1248,Skin Disease - Thole Noi Vatham,,Unknown,1D40,Chikungunya virus disease,0.700,High,Optimized Semantic Matching,2025-09-04
SD1249,Liver Disease - Kal Noi Pitham,,Unknown,2C12.02,hepatocellular carcinoma of liver,0.700,High,Optimized Semantic Matching,2025-09-04
SD1250,Kidney Disease - Siruneer Noi Kabam,,Unknown,1D40,Chikungunya virus disease,0.700,High,Optimized Semantic Matching,2025-09-04
SD1251,Eye Disease - Kan Noi Chronic,,Unknown,1D40,Chikungunya virus disease,0.700,High,Optimized Semantic Matching,2025-09-04
SD1252,Ear Disease - Kadhu Noi Acute,,Unknown,1D40,Chikungunya virus disease,0.700,High,Optimized Semantic Matching,2025-09-04
SD1253,Mental Disorder - Mana Noi Primary,,Unknown,QA02.3,"observation for Suspected mental or behavioural disorders, ruled out",0.700,High,Optimized Semantic Matching,2025-09-04
SD1254,Blood Disease - Ratha Noi,,Unknown,1D40,Chikungunya virus disease,0.700,High,Optimized Semantic Matching,2025-09-04
SD1255,Bone Disease - Elumbu Noi Vatham,,Unknown,2E82.0,Benign chondrogenic tumours of bone or articular cartilage of limbs,0.700,High,Optimized Semantic Matching,2025-09-04
SD1256,Paralysis - Pakka Vatham Pitham,,Unknown,UNMAPPED,No suitable ICD-11 match found,0.000,No Match,Optimized Semantic Matching,2025-09-04
SD1257,Epilepsy - Vali Noi Kabam,,Unknown,UNMAPPED,No suitable ICD-11 match found,0.000,No Match,Optimized Semantic Matching,2025-09-04
SD1258,Diarrhea - Kallichal Chronic,,Unknown,UNMAPPED,No suitable ICD-11 match found,0.000,No Match,Optimized Semantic Matching,2025-09-04
SD1259,Cough - Irumal Kanam Acute,,Unknown,MD12,cough,0.800,High,Optimized Semantic Matching,2025-09-04
SD1260,Cold - Sanni Primary,,Unknown,UNMAPPED,No suitable ICD-11 match found,0.000,No Match,Optimized Semantic Matching,2025-09-04
SD1261,Fever - Suram,,Unknown,1C30.2,Typhus fever due to Rickettsia typhi,0.700,High,Optimized Semantic Matching,2025-09-04
SD1262,Diabetes - Neerizhevu Vatham,,Unknown,5A11,Type 2 diabetes mellitus,0.700,High,Optimized Semantic Matching,2025-09-04
SD1263,Hypertension - Ratha Azhutham Pitham,,Unknown,UNMAPPED,No suitable ICD-11 match found,0.000,No Match,Optimized Semantic Matching,2025-09-04
SD1264,Arthritis - Keel Vayu Kabam,,Unknown,FA20,Rheumatoid arthritis,0.700,High,Optimized Semantic Matching,2025-09-04
SD1265,Asthma - Irumal Chronic,,Unknown,CA23,Asthma,0.800,High,Optimized Semantic Matching,2025-09-04
SD1266,Headache - Thalai Noi Acute,,Unknown,8A81,TensionType headache,0.700,High,Optimized Semantic Matching,2025-09-04
SD1267,Gastritis - Gunmam Primary,,Unknown,DA42,Gastritis,0.800,High,Optimized Semantic Matching,2025-09-04
SD1268,Skin Disease - Thole Noi,,Unknown,1D40,Chikungunya virus disease,0.700,High,Optimized Semantic Matching,2025-09-04
SD1269,Liver Disease - Kal Noi Vatham,,Unknown,2C12.02,hepatocellular carcinoma of liver,0.700,High,Optimized Semantic Matching,2025-09-04
SD1270,Kidney Disease - Siruneer Noi Pitham,,Unknown,1D40,Chikungunya virus disease,0.700,High,Optimized Semantic Matching,2025-09-04
SD1271,Eye Disease - Kan Noi Kabam,,Unknown,1D40,Chikungunya virus disease,0.700,High,Optimized Semantic Matching,2025-09-04
SD1272,Ear Disease - Kadhu Noi Chronic,,Unknown,1D40,Chikungunya virus disease,0.700,High,Optimized Semantic Matching,2025-09-04
SD1273,Mental Disorder - Mana Noi Acute,,Unknown,QA02.3,"observation for Suspected mental or behavioural disorders, ruled out",0.700,High,Optimized Semantic Matching,2025-09-04
SD1274,Blood Disease - Ratha Noi Primary,,Unknown,1D40,Chikungunya virus disease,0.700,High,Optimized Semantic Matching,2025-09-04
SD1275,Bone Disease - Elumbu Noi,,Unknown,2E82.0,Benign chondrogenic tumours of bone or articular cartilage of limbs,0.700,High,Optimized Semantic Matching,2025-09-04
SD1276,Paralysis - Pakka Vatham Vatham,,Unknown,UNMAPPED,No suitable ICD-11 match found,0.000,No Match,Optimized Semantic Matching,2025-09-04
SD1277,Epilepsy - Vali Noi Pitham,,Unknown,UNMAPPED,No suitable ICD-11 match found,0.000,No Match,Optimized Semantic Matching,2025-09-04
SD1278,Diarrhea - Kallichal Kabam,,Unknown,UNMAPPED,No suitable ICD-11 match found,0.000,No Match,Optimized Semantic Matching,2025-09-04
SD1279,Cough - Irumal Kanam Chronic,,Unknown,MD12,cough,0.800,High,Optimized Semantic Matching,2025-09-04
SD1280,Cold - Sanni Acute,,Unknown,UNMAPPED,No suitable ICD-11 match found,0.000,No Match,Optimized Semantic Matching,2025-09-04
SD1281,Fever - Suram Primary,,Unknown,1D2Z,"Dengue fever, unspecified",0.700,High,Optimized Semantic Matching,2025-09-04
SD1282,Diabetes - Neerizhevu,,Unknown,5A11,Type 2 diabetes mellitus,0.700,High,Optimized Semantic Matching,2025-09-04
SD1283,Hypertension - Ratha Azhutham Vatham,,Unknown,UNMAPPED,No suitable ICD-11 match found,0.000,No Match,Optimized Semantic Matching,2025-09-04
SD1284,Arthritis - Keel Vayu Pitham,,Unknown,FA20,Rheumatoid arthritis,0.700,High,Optimized Semantic Matching,2025-09-04
SD1285,Asthma - Irumal Kabam,,Unknown,CA23,Asthma,0.800,High,Optimized Semantic Matching,2025-09-04
SD1286,Headache - Thalai Noi Chronic,,Unknown,8A81,TensionType headache,0.700,High,Optimized Semantic Matching,2025-09-04
SD1287,Gastritis - Gunmam Acute,,Unknown,DA42,Gastritis,0.800,High,Optimized Semantic Matching,2025-09-04
SD1288,Skin Disease - Thole Noi Primary,,Unknown,1D40,Chikungunya virus disease,0.700,High,Optimized Semantic Matching,2025-09-04
SD1289,Liver Disease - Kal Noi,,Unknown,2C12.02,hepatocellular carcinoma of liver,0.700,High,Optimized Semantic Matching,2025-09-04
SD1290,Kidney Disease - Siruneer Noi Vatham,,Unknown,1D40,Chikungunya virus disease,0.700,High,Optimized Semantic Matching,2025-09-04
SD1291,Eye Disease - Kan Noi Pitham,,Unknown,1D40,Chikungunya virus disease,0.700,High,Optimized Semantic Matching,2025-09-04
SD1292,Ear Disease - Kadhu Noi Kabam,,Unknown,1D40,Chikungunya virus disease,0.700,High,Optimized Semantic Matching,2025-09-04
SD1293,Mental Disorder - Mana Noi Chronic,,Unknown,QA02.3,"observation for Suspected mental or behavioural disorders, ruled out",0.700,High,Optimized Semantic Matching,2025-09-04
SD1294,Blood Disease - Ratha Noi Acute,,Unknown,1D40,Chikungunya virus disease,0.700,High,Optimized Semantic Matching,2025-09-04
SD1295,Bone Disease - Elumbu Noi Primary,,Unknown,2E82.0,Benign chondrogenic tumours of bone or articular cartilage of limbs,0.700,High,Optimized Semantic Matching,2025-09-04
SD1296,Paralysis - Pakka Vatham,,Unknown,UNMAPPED,No suitable ICD-11 match found,0.000,No Match,Optimized Semantic Matching,2025-09-04
SD1297,Epilepsy - Vali Noi Vatham,,Unknown,UNMAPPED,No suitable ICD-11 match found,0.000,No Match,Optimized Semantic Matching,2025-09-04
SD1298,Diarrhea - Kallichal Pitham,,Unknown,UNMAPPED,No suitable ICD-11 match found,0.000,No Match,Optimized Semantic Matching,2025-09-04
SD1299,Cough - Irumal Kanam Kabam,,Unknown,MD12,cough,0.800,High,Optimized Semantic Matching,2025-09-04
SD1300,Cold - Sanni Chronic,,Unknown,UNMAPPED,No suitable ICD-11 match found,0.000,No Match,Optimized Semantic Matching,2025-09-04
SD1301,Fever - Suram Acute,,Unknown,1D2Z,"Dengue fever, unspecified",0.700,High,Optimized Semantic Matching,2025-09-04
SD1302,Diabetes - Neerizhevu Primary,,Unknown,QA0A.10,special screening examination for diabetes mellitus,0.700,High,Optimized Semantic Matching,2025-09-04
SD1303,Hypertension - Ratha Azhutham,,Unknown,UNMAPPED,No suitable ICD-11 match found,0.000,No Match,Optimized Semantic Matching,2025-09-04
SD1304,Arthritis - Keel Vayu Vatham,,Unknown,FA20,Rheumatoid arthritis,0.700,High,Optimized Semantic Matching,2025-09-04
SD1305,Asthma - Irumal Pitham,,Unknown,CA23,Asthma,0.800,High,Optimized Semantic Matching,2025-09-04
SD1306,Headache - Thalai Noi Kabam,,Unknown,JB0C.5,Spinal or epidural Anaesthesiainduced headache during labour or delivery,0.700,High,Optimized Semantic Matching,2025-09-04
SD1307,Gastritis - Gunmam Chronic,,Unknown,DA42,Gastritis,0.800,High,Optimized Semantic Matching,2025-09-04
SD1308,Skin Disease - Thole Noi Acute,,Unknown,1D40,Chikungunya virus disease,0.700,High,Optimized Semantic Matching,2025-09-04
SD1309,Liver Disease - Kal Noi Primary,,Unknown,2C12.02,hepatocellular carcinoma of liver,0.700,High,Optimized Semantic Matching,2025-09-04
SD1310,Kidney Disease - Siruneer Noi,,Unknown,1D40,Chikungunya virus disease,0.700,High,Optimized Semantic Matching,2025-09-04
SD1311,Eye Disease - Kan Noi Vatham,,Unknown,1D40,Chikungunya virus disease,0.700,High,Optimized Semantic Matching,2025-09-04
SD1312,Ear Disease - Kadhu Noi Pitham,,Unknown,1D40,Chikungunya virus disease,0.700,High,Optimized Semantic Matching,2025-09-04
SD1313,Mental Disorder - Mana Noi Kabam,,Unknown,QA02.3,"observation for Suspected mental or behavioural disorders, ruled out",0.700,High,Optimized Semantic Matching,2025-09-04
SD1314,Blood Disease - Ratha Noi Chronic,,Unknown,1D40,Chikungunya virus disease,0.700,High,Optimized Semantic Matching,2025-09-04
SD1315,Bone Disease - Elumbu Noi Acute,,Unknown,2E82.0,Benign chondrogenic tumours of bone or articular cartilage of limbs,0.700,High,Optimized Semantic Matching,2025-09-04
SD1316,Paralysis - Pakka Vatham Primary,,Unknown,UNMAPPED,No suitable ICD-11 match found,0.000,No Match,Optimized Semantic Matching,2025-09-04
SD1317,Epilepsy - Vali Noi,,Unknown,UNMAPPED,No suitable ICD-11 match found,0.000,No Match,Optimized Semantic Matching,2025-09-04
SD1318,Diarrhea - Kallichal Vatham,,Unknown,UNMAPPED,No suitable ICD-11 match found,0.000,No Match,Optimized Semantic Matching,2025-09-04
SD1319,Cough - Irumal Kanam Pitham,,Unknown,MD12,cough,0.800,High,Optimized Semantic Matching,2025-09-04
SD1320,Cold - Sanni Kabam,,Unknown,UNMAPPED,No suitable ICD-11 match found,0.000,No Match,Optimized Semantic Matching,2025-09-04
SD1321,Fever - Suram Chronic,,Unknown,1D2Z,"Dengue fever, unspecified",0.700,High,Optimized Semantic Matching,2025-09-04
SD1322,Diabetes - Neerizhevu Acute,,Unknown,QA0A.10,special screening examination for diabetes mellitus,0.700,High,Optimized Semantic Matching,2025-09-04
SD1323,Hypertension - Ratha Azhutham Primary,,Unknown,UNMAPPED,No suitable ICD-11 match found,0.000,No Match,Optimized Semantic Matching,2025-09-04
SD1324,Arthritis - Keel Vayu,,Unknown,FA20,Rheumatoid arthritis,0.700,High,Optimized Semantic Matching,2025-09-04
SD1325,Asthma - Irumal Vatham,,Unknown,CA23,Asthma,0.800,High,Optimized Semantic Matching,2025-09-04
SD1326,Headache - Thalai Noi Pitham,,Unknown,JB0C.5,Spinal or epidural Anaesthesiainduced headache during labour or delivery,0.700,High,Optimized Semantic Matching,2025-09-04
SD1327,Gastritis - Gunmam Kabam,,Unknown,DA42,Gastritis,0.800,High,Optimized Semantic Matching,2025-09-04
SD1328,Skin Disease - Thole Noi Chronic,,Unknown,1D40,Chikungunya virus disease,0.700,High,Optimized Semantic Matching,2025-09-04
SD1329,Liver Disease - Kal Noi Acute,,Unknown,2C12.02,hepatocellular carcinoma of liver,0.700,High,Optimized Semantic Matching,2025-09-04
SD1330,Kidney Disease - Siruneer Noi Primary,,Unknown,1D40,Chikungunya virus disease,0.700,High,Optimized Semantic Matching,2025-09-04
SD1331,Eye Disease - Kan Noi,,Unknown,1D40,Chikungunya virus disease,0.700,High,Optimized Semantic Matching,2025-09-04
SD1332,Ear Disease - Kadhu Noi Vatham,,Unknown,1D40,Chikungunya virus disease,0.700,High,Optimized Semantic Matching,2025-09-04
SD1333,Mental Disorder - Mana Noi Pitham,,Unknown,QA02.3,"observation for Suspected mental or behavioural disorders, ruled out",0.700,High,Optimized Semantic Matching,2025-09-04
SD1334,Blood Disease - Ratha Noi Kabam,,Unknown,1D40,Chikungunya virus disease,0.700,High,Optimized Semantic Matching,2025-09-04
SD1335,Bone Disease - Elumbu Noi Chronic,,Unknown,2E82.0,Benign chondrogenic tumours of bone or articular cartilage of limbs,0.700,High,Optimized Semantic Matching,2025-09-04
SD1336,Paralysis - Pakka Vatham Acute,,Unknown,UNMAPPED,No suitable ICD-11 match found,0.000,No Match,Optimized Semantic Matching,2025-09-04
SD1337,Epilepsy - Vali Noi Primary,,Unknown,UNMAPPED,No suitable ICD-11 match found,0.000,No Match,Optimized Semantic Matching,2025-09-04
SD1338,Diarrhea - Kallichal,,Unknown,UNMAPPED,No suitable ICD-11 match found,0.000,No Match,Optimized Semantic Matching,2025-09-04
SD1339,Cough - Irumal Kanam Vatham,,Unknown,MD12,cough,0.800,High,Optimized Semantic Matching,2025-09-04
SD1340,Cold - Sanni Pitham,,Unknown,UNMAPPED,No suitable ICD-11 match found,0.000,No Match,Optimized Semantic Matching,2025-09-04
SD1341,Fever - Suram Kabam,,Unknown,1C30.2,Typhus fever due to Rickettsia typhi,0.700,High,Optimized Semantic Matching,2025-09-04
SD1342,Diabetes - Neerizhevu Chronic,,Unknown,QA0A.10,special screening examination for diabetes mellitus,0.700,High,Optimized Semantic Matching,2025-09-04
SD1343,Hypertension - Ratha Azhutham Acute,,Unknown,UNMAPPED,No suitable ICD-11 match found,0.000,No Match,Optimized Semantic Matching,2025-09-04
SD1344,Arthritis - Keel Vayu Primary,,Unknown,1F02.1,Rubella arthritis,0.700,High,Optimized Semantic Matching,2025-09-04
SD1345,Asthma - Irumal,,Unknown,CA23,Asthma,0.800,High,Optimized Semantic Matching,2025-09-04
SD1346,Headache - Thalai Noi Vatham,,Unknown,JB0C.5,Spinal or epidural Anaesthesiainduced headache during labour or delivery,0.700,High,Optimized Semantic Matching,2025-09-04
SD1347,Gastritis - Gunmam Pitham,,Unknown,DA42,Gastritis,0.800,High,Optimized Semantic Matching,2025-09-04
SD1348,Skin Disease - Thole Noi Kabam,,Unknown,1D40,Chikungunya virus disease,0.700,High,Optimized Semantic Matching,2025-09-04
SD1349,Liver Disease - Kal Noi Chronic,,Unknown,2C12.02,hepatocellular carcinoma of liver,0.700,High,Optimized Semantic Matching,2025-09-04
SD1350,Kidney Disease - Siruneer Noi Acute,,Unknown,1D40,Chikungunya virus disease,0.700,High,Optimized Semantic Matching,2025-09-04
SD1351,Eye Disease - Kan Noi Primary,,Unknown,1D40,Chikungunya virus disease,0.700,High,Optimized Semantic Matching,2025-09-04
SD1352,Ear Disease - Kadhu Noi,,Unknown,1D40,Chikungunya virus disease,0.700,High,Optimized Semantic Matching,2025-09-04
SD1353,Mental Disorder - Mana Noi Vatham,,Unknown,QA02.3,"observation for Suspected mental or behavioural disorders, ruled out",0.700,High,Optimized Semantic Matching,2025-09-04
SD1354,Blood Disease - Ratha Noi Pitham,,Unknown,1D40,Chikungunya virus disease,0.700,High,Optimized Semantic Matching,2025-09-04
SD1355,Bone Disease - Elumbu Noi Kabam,,Unknown,2E82.0,Benign chondrogenic tumours of bone or articular cartilage of limbs,0.700,High,Optimized Semantic Matching,2025-09-04
SD1356,Paralysis - Pakka Vatham Chronic,,Unknown,UNMAPPED,No suitable ICD-11 match found,0.000,No Match,Optimized Semantic Matching,2025-09-04
SD1357,Epilepsy - Vali Noi Acute,,Unknown,UNMAPPED,No suitable ICD-11 match found,0.000,No Match,Optimized Semantic Matching,2025-09-04
SD1358,Diarrhea - Kallichal Primary,,Unknown,UNMAPPED,No suitable ICD-11 match found,0.000,No Match,Optimized Semantic Matching,2025-09-04
SD1359,Cough - Irumal Kanam,,Unknown,MD12,cough,0.800,High,Optimized Semantic Matching,2025-09-04
SD1360,Cold - Sanni Vatham,,Unknown,UNMAPPED,No suitable ICD-11 match found,0.000,No Match,Optimized Semantic Matching,2025-09-04
SD1361,Fever - Suram Pitham,,Unknown,1C30.2,Typhus fever due to Rickettsia typhi,0.700,High,Optimized Semantic Matching,2025-09-04
SD1362,Diabetes - Neerizhevu Kabam,,Unknown,5A11,Type 2 diabetes mellitus,0.700,High,Optimized Semantic Matching,2025-09-04
SD1363,Hypertension - Ratha Azhutham Chronic,,Unknown,UNMAPPED,No suitable ICD-11 match found,0.000,No Match,Optimized Semantic Matching,2025-09-04
SD1364,Arthritis - Keel Vayu Acute,,Unknown,1B41.1Z,"Acute rheumatic endocarditis, unspecified",0.700,High,Optimized Semantic Matching,2025-09-04
SD1365,Asthma - Irumal Primary,,Unknown,CA23,Asthma,0.800,High,Optimized Semantic Matching,2025-09-04
SD1366,Headache - Thalai Noi,,Unknown,JB0C.5,Spinal or epidural Anaesthesiainduced headache during labour or delivery,0.700,High,Optimized Semantic Matching,2025-09-04
SD1367,Gastritis - Gunmam Vatham,,Unknown,DA42,Gastritis,0.800,High,Optimized Semantic Matching,2025-09-04
SD1368,Skin Disease - Thole Noi Pitham,,Unknown,1D40,Chikungunya virus disease,0.700,High,Optimized Semantic Matching,2025-09-04
SD1369,Liver Disease - Kal Noi Kabam,,Unknown,2C12.02,hepatocellular carcinoma of liver,0.700,High,Optimized Semantic Matching,2025-09-04
SD1370,Kidney Disease - Siruneer Noi Chronic,,Unknown,1D40,Chikungunya virus disease,0.700,High,Optimized Semantic Matching,2025-09-04
SD1371,Eye Disease - Kan Noi Acute,,Unknown,1D40,Chikungunya virus disease,0.700,High,Optimized Semantic Matching,2025-09-04
SD1372,Ear Disease - Kadhu Noi Primary,,Unknown,1D40,Chikungunya virus disease,0.700,High,Optimized Semantic Matching,2025-09-04
SD1373,Mental Disorder - Mana Noi,,Unknown,QA02.3,"observation for Suspected mental or behavioural disorders, ruled out",0.700,High,Optimized Semantic Matching,2025-09-04
SD1374,Blood Disease - Ratha Noi Vatham,,Unknown,1D40,Chikungunya virus disease,0.700,High,Optimized Semantic Matching,2025-09-04
SD1375,Bone Disease - Elumbu Noi Pitham,,Unknown,2E82.0,Benign chondrogenic tumours of bone or articular cartilage of limbs,0.700,High,Optimized Semantic Matching,2025-09-04
SD1376,Paralysis - Pakka Vatham Kabam,,Unknown,UNMAPPED,No suitable ICD-11 match found,0.000,No Match,Optimized Semantic Matching,2025-09-04
SD1377,Epilepsy - Vali Noi Chronic,,Unknown,UNMAPPED,No suitable ICD-11 match found,0.000,No Match,Optimized Semantic Matching,2025-09-04
SD1378,Diarrhea - Kallichal Acute,,Unknown,UNMAPPED,No suitable ICD-11 match found,0.000,No Match,Optimized Semantic Matching,2025-09-04
SD1379,Cough - Irumal Kanam Primary,,Unknown,MD12,cough,0.800,High,Optimized Semantic Matching,2025-09-04
SD1380,Cold - Sanni,,Unknown,UNMAPPED,No suitable ICD-11 match found,0.000,No Match,Optimized Semantic Matching,2025-09-04
SD1381,Fever - Suram Vatham,,Unknown,1C30.2,Typhus fever due to Rickettsia typhi,0.700,High,Optimized Semantic Matching,2025-09-04
SD1382,Diabetes - Neerizhevu Pitham,,Unknown,5A11,Type 2 diabetes mellitus,0.700,High,Optimized Semantic Matching,2025-09-04
SD1383,Hypertension - Ratha Azhutham Kabam,,Unknown,UNMAPPED,No suitable ICD-11 match found,0.000,No Match,Optimized Semantic Matching,2025-09-04
SD1384,Arthritis - Keel Vayu Chronic,,Unknown,2A81.7,Diffuse large Bcell lymphoma associated with Chronic inflammation,0.700,High,Optimized Semantic Matching,2025-09-04
SD1385,Asthma - Irumal Acute,,Unknown,CA23,Asthma,0.800,High,Optimized Semantic Matching,2025-09-04
SD1386,Headache - Thalai Noi Primary,,Unknown,8A81,TensionType headache,0.700,High,Optimized Semantic Matching,2025-09-04
SD1387,Gastritis - Gunmam,,Unknown,DA42,Gastritis,0.800,High,Optimized Semantic Matching,2025-09-04
SD1388,Skin Disease - Thole Noi Vatham,,Unknown,1D40,Chikungunya virus disease,0.700,High,Optimized Semantic Matching,2025-09-04
SD1389,Liver Disease - Kal Noi Pitham,,Unknown,2C12.02,hepatocellular carcinoma of liver,0.700,High,Optimized Semantic Matching,2025-09-04
SD1390,Kidney Disease - Siruneer Noi Kabam,,Unknown,1D40,Chikungunya virus disease,0.700,High,Optimized Semantic Matching,2025-09-04
SD1391,Eye Disease - Kan Noi Chronic,,Unknown,1D40,Chikungunya virus disease,0.700,High,Optimized Semantic Matching,2025-09-04
SD1392,Ear Disease - Kadhu Noi Acute,,Unknown,1D40,Chikungunya virus disease,0.700,High,Optimized Semantic Matching,2025-09-04
SD1393,Mental Disorder - Mana Noi Primary,,Unknown,QA02.3,"observation for Suspected mental or behavioural disorders, ruled out",0.700,High,Optimized Semantic Matching,2025-09-04
SD1394,Blood Disease - Ratha Noi,,Unknown,1D40,Chikungunya virus disease,0.700,High,Optimized Semantic Matching,2025-09-04
SD1395,Bone Disease - Elumbu Noi Vatham,,Unknown,2E82.0,Benign chondrogenic tumours of bone or articular cartilage of limbs,0.700,High,Optimized Semantic Matching,2025-09-04
SD1396,Paralysis - Pakka Vatham Pitham,,Unknown,UNMAPPED,No suitable ICD-11 match found,0.000,No Match,Optimized Semantic Matching,2025-09-04
SD1397,Epilepsy - Vali Noi Kabam,,Unknown,UNMAPPED,No suitable ICD-11 match found,0.000,No Match,Optimized Semantic Matching,2025-09-04
SD1398,Diarrhea - Kallichal Chronic,,Unknown,UNMAPPED,No suitable ICD-11 match found,0.000,No Match,Optimized Semantic Matching,2025-09-04
SD1399,Cough - Irumal Kanam Acute,,Unknown,MD12,cough,0.800,High,Optimized Semantic Matching,2025-09-04
SD1400,Cold - Sanni Primary,,Unknown,UNMAPPED,No suitable ICD-11 match found,0.000,No Match,Optimized Semantic Matching,2025-09-04
SD1401,Fever - Suram,,Unknown,1C30.2,Typhus fever due to Rickettsia typhi,0.700,High,Optimized Semantic Matching,2025-09-04
SD1402,Diabetes - Neerizhevu Vatham,,Unknown,5A11,Type 2 diabetes mellitus,0.700,High,Optimized Semantic Matching,2025-09-04
SD1403,Hypertension - Ratha Azhutham Pitham,,Unknown,UNMAPPED,No suitable ICD-11 match found,0.000,No Match,Optimized Semantic Matching,2025-09-04
SD1404,Arthritis - Keel Vayu Kabam,,Unknown,FA20,Rheumatoid arthritis,0.700,High,Optimized Semantic Matching,2025-09-04
SD1405,Asthma - Irumal Chronic,,Unknown,CA23,Asthma,0.800,High,Optimized Semantic Matching,2025-09-04
SD1406,Headache - Thalai Noi Acute,,Unknown,8A81,TensionType headache,0.700,High,Optimized Semantic Matching,2025-09-04
SD1407,Gastritis - Gunmam Primary,,Unknown,DA42,Gastritis,0.800,High,Optimized Semantic Matching,2025-09-04
SD1408,Skin Disease - Thole Noi,,Unknown,1D40,Chikungunya virus disease,0.700,High,Optimized Semantic Matching,2025-09-04
SD1409,Liver Disease - Kal Noi Vatham,,Unknown,2C12.02,hepatocellular carcinoma of liver,0.700,High,Optimized Semantic Matching,2025-09-04
SD1410,Kidney Disease - Siruneer Noi Pitham,,Unknown,1D40,Chikungunya virus disease,0.700,High,Optimized Semantic Matching,2025-09-04
SD1411,Eye Disease - Kan Noi Kabam,,Unknown,1D40,Chikungunya virus disease,0.700,High,Optimized Semantic Matching,2025-09-04
SD1412,Ear Disease - Kadhu Noi Chronic,,Unknown,1D40,Chikungunya virus disease,0.700,High,Optimized Semantic Matching,2025-09-04
SD1413,Mental Disorder - Mana Noi Acute,,Unknown,QA02.3,"observation for Suspected mental or behavioural disorders, ruled out",0.700,High,Optimized Semantic Matching,2025-09-04
SD1414,Blood Disease - Ratha Noi Primary,,Unknown,1D40,Chikungunya virus disease,0.700,High,Optimized Semantic Matching,2025-09-04
SD1415,Bone Disease - Elumbu Noi,,Unknown,2E82.0,Benign chondrogenic tumours of bone or articular cartilage of limbs,0.700,High,Optimized Semantic Matching,2025-09-04
SD1416,Paralysis - Pakka Vatham Vatham,,Unknown,UNMAPPED,No suitable ICD-11 match found,0.000,No Match,Optimized Semantic Matching,2025-09-04
SD1417,Epilepsy - Vali Noi Pitham,,Unknown,UNMAPPED,No suitable ICD-11 match found,0.000,No Match,Optimized Semantic Matching,2025-09-04
SD1418,Diarrhea - Kallichal Kabam,,Unknown,UNMAPPED,No suitable ICD-11 match found,0.000,No Match,Optimized Semantic Matching,2025-09-04
SD1419,Cough - Irumal Kanam Chronic,,Unknown,MD12,cough,0.800,High,Optimized Semantic Matching,2025-09-04
SD1420,Cold - Sanni Acute,,Unknown,UNMAPPED,No suitable ICD-11 match found,0.000,No Match,Optimized Semantic Matching,2025-09-04
SD1421,Fever - Suram Primary,,Unknown,1D2Z,"Dengue fever, unspecified",0.700,High,Optimized Semantic Matching,2025-09-04
SD1422,Diabetes - Neerizhevu,,Unknown,5A11,Type 2 diabetes mellitus,0.700,High,Optimized Semantic Matching,2025-09-04
SD1423,Hypertension - Ratha Azhutham Vatham,,Unknown,UNMAPPED,No suitable ICD-11 match found,0.000,No Match,Optimized Semantic Matching,2025-09-04
SD1424,Arthritis - Keel Vayu Pitham,,Unknown,FA20,Rheumatoid arthritis,0.700,High,Optimized Semantic Matching,2025-09-04
SD1425,Asthma - Irumal Kabam,,Unknown,CA23,Asthma,0.800,High,Optimized Semantic Matching,2025-09-04
SD1426,Headache - Thalai Noi Chronic,,Unknown,8A81,TensionType headache,0.700,High,Optimized Semantic Matching,2025-09-04
SD1427,Gastritis - Gunmam Acute,,Unknown,DA42,Gastritis,0.800,High,Optimized Semantic Matching,2025-09-04
SD1428,Skin Disease - Thole Noi Primary,,Unknown,1D40,Chikungunya virus disease,0.700,High,Optimized Semantic Matching,2025-09-04
SD1429,Liver Disease - Kal Noi,,Unknown,2C12.02,hepatocellular carcinoma of liver,0.700,High,Optimized Semantic Matching,2025-09-04
SD1430,Kidney Disease - Siruneer Noi Vatham,,Unknown,1D40,Chikungunya virus disease,0.700,High,Optimized Semantic Matching,2025-09-04
SD1431,Eye Disease - Kan Noi Pitham,,Unknown,1D40,Chikungunya virus disease,0.700,High,Optimized Semantic Matching,2025-09-04
SD1432,Ear Disease - Kadhu Noi Kabam,,Unknown,1D40,Chikungunya virus disease,0.700,High,Optimized Semantic Matching,2025-09-04
SD1433,Mental Disorder - Mana Noi Chronic,,Unknown,QA02.3,"observation for Suspected mental or behavioural disorders, ruled out",0.700,High,Optimized Semantic Matching,2025-09-04
SD1434,Blood Disease - Ratha Noi Acute,,Unknown,1D40,Chikungunya virus disease,0.700,High,Optimized Semantic Matching,2025-09-04
SD1435,Bone Disease - Elumbu Noi Primary,,Unknown,2E82.0,Benign chondrogenic tumours of bone or articular cartilage of limbs,0.700,High,Optimized Semantic Matching,2025-09-04
SD1436,Paralysis - Pakka Vatham,,Unknown,UNMAPPED,No suitable ICD-11 match found,0.000,No Match,Optimized Semantic Matching,2025-09-04
SD1437,Epilepsy - Vali Noi Vatham,,Unknown,UNMAPPED,No suitable ICD-11 match found,0.000,No Match,Optimized Semantic Matching,2025-09-04
SD1438,Diarrhea - Kallichal Pitham,,Unknown,UNMAPPED,No suitable ICD-11 match found,0.000,No Match,Optimized Semantic Matching,2025-09-04
SD1439,Cough - Irumal Kanam Kabam,,Unknown,MD12,cough,0.800,High,Optimized Semantic Matching,2025-09-04
SD1440,Cold - Sanni Chronic,,Unknown,UNMAPPED,No suitable ICD-11 match found,0.000,No Match,Optimized Semantic Matching,2025-09-04
SD1441,Fever - Suram Acute,,Unknown,1D2Z,"Dengue fever, unspecified",0.700,High,Optimized Semantic Matching,2025-09-04
SD1442,Diabetes - Neerizhevu Primary,,Unknown,QA0A.10,special screening examination for diabetes mellitus,0.700,High,Optimized Semantic Matching,2025-09-04
SD1443,Hypertension - Ratha Azhutham,,Unknown,UNMAPPED,No suitable ICD-11 match found,0.000,No Match,Optimized Semantic Matching,2025-09-04
SD1444,Arthritis - Keel Vayu Vatham,,Unknown,FA20,Rheumatoid arthritis,0.700,High,Optimized Semantic Matching,2025-09-04
SD1445,Asthma - Irumal Pitham,,Unknown,CA23,Asthma,0.800,High,Optimized Semantic Matching,2025-09-04
SD1446,Headache - Thalai Noi Kabam,,Unknown,JB0C.5,Spinal or epidural Anaesthesiainduced headache during labour or delivery,0.700,High,Optimized Semantic Matching,2025-09-04
SD1447,Gastritis - Gunmam Chronic,,Unknown,DA42,Gastritis,0.800,High,Optimized Semantic Matching,2025-09-04
SD1448,Skin Disease - Thole Noi Acute,,Unknown,1D40,Chikungunya virus disease,0.700,High,Optimized Semantic Matching,2025-09-04
SD1449,Liver Disease - Kal Noi Primary,,Unknown,2C12.02,hepatocellular carcinoma of liver,0.700,High,Optimized Semantic Matching,2025-09-04
SD1450,Kidney Disease - Siruneer Noi,,Unknown,1D40,Chikungunya virus disease,0.700,High,Optimized Semantic Matching,2025-09-04
SD1451,Eye Disease - Kan Noi Vatham,,Unknown,1D40,Chikungunya virus disease,0.700,High,Optimized Semantic Matching,2025-09-04
SD1452,Ear Disease - Kadhu Noi Pitham,,Unknown,1D40,Chikungunya virus disease,0.700,High,Optimized Semantic Matching,2025-09-04
SD1453,Mental Disorder - Mana Noi Kabam,,Unknown,QA02.3,"observation for Suspected mental or behavioural disorders, ruled out",0.700,High,Optimized Semantic Matching,2025-09-04
SD1454,Blood Disease - Ratha Noi Chronic,,Unknown,1D40,Chikungunya virus disease,0.700,High,Optimized Semantic Matching,2025-09-04
SD1455,Bone Disease - Elumbu Noi Acute,,Unknown,2E82.0,Benign chondrogenic tumours of bone or articular cartilage of limbs,0.700,High,Optimized Semantic Matching,2025-09-04
SD1456,Paralysis - Pakka Vatham Primary,,Unknown,UNMAPPED,No suitable ICD-11 match found,0.000,No Match,Optimized Semantic Matching,2025-09-04
SD1457,Epilepsy - Vali Noi,,Unknown,UNMAPPED,No suitable ICD-11 match found,0.000,No Match,Optimized Semantic Matching,2025-09-04
SD1458,Diarrhea - Kallichal Vatham,,Unknown,UNMAPPED,No suitable ICD-11 match found,0.000,No Match,Optimized Semantic Matching,2025-09-04
SD1459,Cough - Irumal Kanam Pitham,,Unknown,MD12,cough,0.800,High,Optimized Semantic Matching,2025-09-04
SD1460,Cold - Sanni Kabam,,Unknown,UNMAPPED,No suitable ICD-11 match found,0.000,No Match,Optimized Semantic Matching,2025-09-04
SD1461,Fever - Suram Chronic,,Unknown,1D2Z,"Dengue fever, unspecified",0.700,High,Optimized Semantic Matching,2025-09-04
SD1462,Diabetes - Neerizhevu Acute,,Unknown,QA0A.10,special screening examination for diabetes mellitus,0.700,High,Optimized Semantic Matching,2025-09-04
SD1463,Hypertension - Ratha Azhutham Primary,,Unknown,UNMAPPED,No suitable ICD-11 match found,0.000,No Match,Optimized Semantic Matching,2025-09-04
SD1464,Arthritis - Keel Vayu,,Unknown,FA20,Rheumatoid arthritis,0.700,High,Optimized Semantic Matching,2025-09-04
SD1465,Asthma - Irumal Vatham,,Unknown,CA23,Asthma,0.800,High,Optimized Semantic Matching,2025-09-04
SD1466,Headache - Thalai Noi Pitham,,Unknown,JB0C.5,Spinal or epidural Anaesthesiainduced headache during labour or delivery,0.700,High,Optimized Semantic Matching,2025-09-04
SD1467,Gastritis - Gunmam Kabam,,Unknown,DA42,Gastritis,0.800,High,Optimized Semantic Matching,2025-09-04
SD1468,Skin Disease - Thole Noi Chronic,,Unknown,1D40,Chikungunya virus disease,0.700,High,Optimized Semantic Matching,2025-09-04
SD1469,Liver Disease - Kal Noi Acute,,Unknown,2C12.02,hepatocellular carcinoma of liver,0.700,High,Optimized Semantic Matching,2025-09-04
SD1470,Kidney Disease - Siruneer Noi Primary,,Unknown,1D40,Chikungunya virus disease,0.700,High,Optimized Semantic Matching,2025-09-04
SD1471,Eye Disease - Kan Noi,,Unknown,1D40,Chikungunya virus disease,0.700,High,Optimized Semantic Matching,2025-09-04
SD1472,Ear Disease - Kadhu Noi Vatham,,Unknown,1D40,Chikungunya virus disease,0.700,High,Optimized Semantic Matching,2025-09-04
SD1473,Mental Disorder - Mana Noi Pitham,,Unknown,QA02.3,"observation for Suspected mental or behavioural disorders, ruled out",0.700,High,Optimized Semantic Matching,2025-09-04
SD1474,Blood Disease - Ratha Noi Kabam,,Unknown,1D40,Chikungunya virus disease,0.700,High,Optimized Semantic Matching,2025-09-04
SD1475,Bone Disease - Elumbu Noi Chronic,,Unknown,2E82.0,Benign chondrogenic tumours of bone or articular cartilage of limbs,0.700,High,Optimized Semantic Matching,2025-09-04
SD1476,Paralysis - Pakka Vatham Acute,,Unknown,UNMAPPED,No suitable ICD-11 match found,0.000,No Match,Optimized Semantic Matching,2025-09-04
SD1477,Epilepsy - Vali Noi Primary,,Unknown,UNMAPPED,No suitable ICD-11 match found,0.000,No Match,Optimized Semantic Matching,2025-09-04
SD1478,Diarrhea - Kallichal,,Unknown,UNMAPPED,No suitable ICD-11 match found,0.000,No Match,Optimized Semantic Matching,2025-09-04
SD1479,Cough - Irumal Kanam Vatham,,Unknown,MD12,cough,0.800,High,Optimized Semantic Matching,2025-09-04
SD1480,Cold - Sanni Pitham,,Unknown,UNMAPPED,No suitable ICD-11 match found,0.000,No Match,Optimized Semantic Matching,2025-09-04
SD1481,Fever - Suram Kabam,,Unknown,1C30.2,Typhus fever due to Rickettsia typhi,0.700,High,Optimized Semantic Matching,2025-09-04
SD1482,Diabetes - Neerizhevu Chronic,,Unknown,QA0A.10,special screening examination for diabetes mellitus,0.700,High,Optimized Semantic Matching,2025-09-04
SD1483,Hypertension - Ratha Azhutham Acute,,Unknown,UNMAPPED,No suitable ICD-11 match found,0.000,No Match,Optimized Semantic Matching,2025-09-04
SD1484,Arthritis - Keel Vayu Primary,,Unknown,1F02.1,Rubella arthritis,0.700,High,Optimized Semantic Matching,2025-09-04
SD1485,Asthma - Irumal,,Unknown,CA23,Asthma,0.800,High,Optimized Semantic Matching,2025-09-04
SD1486,Headache - Thalai Noi Vatham,,Unknown,JB0C.5,Spinal or epidural Anaesthesiainduced headache during labour or delivery,0.700,High,Optimized Semantic Matching,2025-09-04
SD1487,Gastritis - Gunmam Pitham,,Unknown,DA42,Gastritis,0.800,High,Optimized Semantic Matching,2025-09-04
SD1488,Skin Disease - Thole Noi Kabam,,Unknown,1D40,Chikungunya virus disease,0.700,High,Optimized Semantic Matching,2025-09-04
SD1489,Liver Disease - Kal Noi Chronic,,Unknown,2C12.02,hepatocellular carcinoma of liver,0.700,High,Optimized Semantic Matching,2025-09-04
SD1490,Kidney Disease - Siruneer Noi Acute,,Unknown,1D40,Chikungunya virus disease,0.700,High,Optimized Semantic Matching,2025-09-04
SD1491,Eye Disease - Kan Noi Primary,,Unknown,1D40,Chikungunya virus disease,0.700,High,Optimized Semantic Matching,2025-09-04
SD1492,Ear Disease - Kadhu Noi,,Unknown,1D40,Chikungunya virus disease,0.700,High,Optimized Semantic Matching,2025-09-04
SD1493,Mental Disorder - Mana Noi Vatham,,Unknown,QA02.3,"observation for Suspected mental or behavioural disorders, ruled out",0.700,High,Optimized Semantic Matching,2025-09-04
SD1494,Blood Disease - Ratha Noi Pitham,,Unknown,1D40,Chikungunya virus disease,0.700,High,Optimized Semantic Matching,2025-09-04
SD1495,Bone Disease - Elumbu Noi Kabam,,Unknown,2E82.0,Benign chondrogenic tumours of bone or articular cartilage of limbs,0.700,High,Optimized Semantic Matching,2025-09-04
SD1496,Paralysis - Pakka Vatham Chronic,,Unknown,UNMAPPED,No suitable ICD-11 match found,0.000,No Match,Optimized Semantic Matching,2025-09-04
SD1497,Epilepsy - Vali Noi Acute,,Unknown,UNMAPPED,No suitable ICD-11 match found,0.000,No Match,Optimized Semantic Matching,2025-09-04
SD1498,Diarrhea - Kallichal Primary,,Unknown,UNMAPPED,No suitable ICD-11 match found,0.000,No Match,Optimized Semantic Matching,2025-09-04
SD1499,Cough - Irumal Kanam,,Unknown,MD12,cough,0.800,High,Optimized Semantic Matching,2025-09-04
SD1500,Cold - Sanni Vatham,,Unknown,UNMAPPED,No suitable ICD-11 match found,0.000,No Match,Optimized Semantic Matching,2025-09-04
SD1501,Fever - Suram Pitham,,Unknown,1C30.2,Typhus fever due to Rickettsia typhi,0.700,High,Optimized Semantic Matching,2025-09-04
SD1502,Diabetes - Neerizhevu Kabam,,Unknown,5A11,Type 2 diabetes mellitus,0.700,High,Optimized Semantic Matching,2025-09-04
SD1503,Hypertension - Ratha Azhutham Chronic,,Unknown,UNMAPPED,No suitable ICD-11 match found,0.000,No Match,Optimized Semantic Matching,2025-09-04
SD1504,Arthritis - Keel Vayu Acute,,Unknown,1B41.1Z,"Acute rheumatic endocarditis, unspecified",0.700,High,Optimized Semantic Matching,2025-09-04
SD1505,Asthma - Irumal Primary,,Unknown,CA23,Asthma,0.800,High,Optimized Semantic Matching,2025-09-04
SD1506,Headache - Thalai Noi,,Unknown,JB0C.5,Spinal or epidural Anaesthesiainduced headache during labour or delivery,0.700,High,Optimized Semantic Matching,2025-09-04
SD1507,Gastritis - Gunmam Vatham,,Unknown,DA42,Gastritis,0.800,High,Optimized Semantic Matching,2025-09-04
SD1508,Skin Disease - Thole Noi Pitham,,Unknown,1D40,Chikungunya virus disease,0.700,High,Optimized Semantic Matching,2025-09-04
SD1509,Liver Disease - Kal Noi Kabam,,Unknown,2C12.02,hepatocellular carcinoma of liver,0.700,High,Optimized Semantic Matching,2025-09-04
SD1510,Kidney Disease - Siruneer Noi Chronic,,Unknown,1D40,Chikungunya virus disease,0.700,High,Optimized Semantic Matching,2025-09-04
SD1511,Eye Disease - Kan Noi Acute,,Unknown,1D40,Chikungunya virus disease,0.700,High,Optimized Semantic Matching,2025-09-04
SD1512,Ear Disease - Kadhu Noi Primary,,Unknown,1D40,Chikungunya virus disease,0.700,High,Optimized Semantic Matching,2025-09-04
SD1513,Mental Disorder - Mana Noi,,Unknown,QA02.3,"observation for Suspected mental or behavioural disorders, ruled out",0.700,High,Optimized Semantic Matching,2025-09-04
SD1514,Blood Disease - Ratha Noi Vatham,,Unknown,1D40,Chikungunya virus disease,0.700,High,Optimized Semantic Matching,2025-09-04
SD1515,Bone Disease - Elumbu Noi Pitham,,Unknown,2E82.0,Benign chondrogenic tumours of bone or articular cartilage of limbs,0.700,High,Optimized Semantic Matching,2025-09-04
SD1516,Paralysis - Pakka Vatham Kabam,,Unknown,UNMAPPED,No suitable ICD-11 match found,0.000,No Match,Optimized Semantic Matching,2025-09-04
SD1517,Epilepsy - Vali Noi Chronic,,Unknown,UNMAPPED,No suitable ICD-11 match found,0.000,No Match,Optimized Semantic Matching,2025-09-04
SD1518,Diarrhea - Kallichal Acute,,Unknown,UNMAPPED,No suitable ICD-11 match found,0.000,No Match,Optimized Semantic Matching,2025-09-04
SD1519,Cough - Irumal Kanam Primary,,Unknown,MD12,cough,0.800,High,Optimized Semantic Matching,2025-09-04
SD1520,Cold - Sanni,,Unknown,UNMAPPED,No suitable ICD-11 match found,0.000,No Match,Optimized Semantic Matching,2025-09-04
SD1521,Fever - Suram Vatham,,Unknown,1C30.2,Typhus fever due to Rickettsia typhi,0.700,High,Optimized Semantic Matching,2025-09-04
SD1522,Diabetes - Neerizhevu Pitham,,Unknown,5A11,Type 2 diabetes mellitus,0.700,High,Optimized Semantic Matching,2025-09-04
SD1523,Hypertension - Ratha Azhutham Kabam,,Unknown,UNMAPPED,No suitable ICD-11 match found,0.000,No Match,Optimized Semantic Matching,2025-09-04
SD1524,Arthritis - Keel Vayu Chronic,,Unknown,2A81.7,Diffuse large Bcell lymphoma associated with Chronic inflammation,0.700,High,Optimized Semantic Matching,2025-09-04
SD1525,Asthma - Irumal Acute,,Unknown,CA23,Asthma,0.800,High,Optimized Semantic Matching,2025-09-04
SD1526,Headache - Thalai Noi Primary,,Unknown,8A81,TensionType headache,0.700,High,Optimized Semantic Matching,2025-09-04
SD1527,Gastritis - Gunmam,,Unknown,DA42,Gastritis,0.800,High,Optimized Semantic Matching,2025-09-04
SD1528,Skin Disease - Thole Noi Vatham,,Unknown,1D40,Chikungunya virus disease,0.700,High,Optimized Semantic Matching,2025-09-04
SD1529,Liver Disease - Kal Noi Pitham,,Unknown,2C12.02,hepatocellular carcinoma of liver,0.700,High,Optimized Semantic Matching,2025-09-04
SD1530,Kidney Disease - Siruneer Noi Kabam,,Unknown,1D40,Chikungunya virus disease,0.700,High,Optimized Semantic Matching,2025-09-04
SD1531,Eye Disease - Kan Noi Chronic,,Unknown,1D40,Chikungunya virus disease,0.700,High,Optimized Semantic Matching,2025-09-04
SD1532,Ear Disease - Kadhu Noi Acute,,Unknown,1D40,Chikungunya virus disease,0.700,High,Optimized Semantic Matching,2025-09-04
SD1533,Mental Disorder - Mana Noi Primary,,Unknown,QA02.3,"observation for Suspected mental or behavioural disorders, ruled out",0.700,High,Optimized Semantic Matching,2025-09-04
SD1534,Blood Disease - Ratha Noi,,Unknown,1D40,Chikungunya virus disease,0.700,High,Optimized Semantic Matching,2025-09-04
SD1535,Bone Disease - Elumbu Noi Vatham,,Unknown,2E82.0,Benign chondrogenic tumours of bone or articular cartilage of limbs,0.700,High,Optimized Semantic Matching,2025-09-04
SD1536,Paralysis - Pakka Vatham Pitham,,Unknown,UNMAPPED,No suitable ICD-11 match found,0.000,No Match,Optimized Semantic Matching,2025-09-04
SD1537,Epilepsy - Vali Noi Kabam,,Unknown,UNMAPPED,No suitable ICD-11 match found,0.000,No Match,Optimized Semantic Matching,2025-09-04
SD1538,Diarrhea - Kallichal Chronic,,Unknown,UNMAPPED,No suitable ICD-11 match found,0.000,No Match,Optimized Semantic Matching,2025-09-04
SD1539,Cough - Irumal Kanam Acute,,Unknown,MD12,cough,0.800,High,Optimized Semantic Matching,2025-09-04
SD1540,Cold - Sanni Primary,,Unknown,UNMAPPED,No suitable ICD-11 match found,0.000,No Match,Optimized Semantic Matching,2025-09-04
SD1541,Fever - Suram,,Unknown,1C30.2,Typhus fever due to Rickettsia typhi,0.700,High,Optimized Semantic Matching,2025-09-04
SD1542,Diabetes - Neerizhevu Vatham,,Unknown,5A11,Type 2 diabetes mellitus,0.700,High,Optimized Semantic Matching,2025-09-04
SD1543,Hypertension - Ratha Azhutham Pitham,,Unknown,UNMAPPED,No suitable ICD-11 match found,0.000,No Match,Optimized Semantic Matching,2025-09-04
SD1544,Arthritis - Keel Vayu Kabam,,Unknown,FA20,Rheumatoid arthritis,0.700,High,Optimized Semantic Matching,2025-09-04
SD1545,Asthma - Irumal Chronic,,Unknown,CA23,Asthma,0.800,High,Optimized Semantic Matching,2025-09-04
SD1546,Headache - Thalai Noi Acute,,Unknown,8A81,TensionType headache,0.700,High,Optimized Semantic Matching,2025-09-04
SD1547,Gastritis - Gunmam Primary,,Unknown,DA42,Gastritis,0.800,High,Optimized Semantic Matching,2025-09-04
SD1548,Skin Disease - Thole Noi,,Unknown,1D40,Chikungunya virus disease,0.700,High,Optimized Semantic Matching,2025-09-04
SD1549,Liver Disease - Kal Noi Vatham,,Unknown,2C12.02,hepatocellular carcinoma of liver,0.700,High,Optimized Semantic Matching,2025-09-04
SD1550,Kidney Disease - Siruneer Noi Pitham,,Unknown,1D40,Chikungunya virus disease,0.700,High,Optimized Semantic Matching,2025-09-04
SD1551,Eye Disease - Kan Noi Kabam,,Unknown,1D40,Chikungunya virus disease,0.700,High,Optimized Semantic Matching,2025-09-04
SD1552,Ear Disease - Kadhu Noi Chronic,,Unknown,1D40,Chikungunya virus disease,0.700,High,Optimized Semantic Matching,2025-09-04
SD1553,Mental Disorder - Mana Noi Acute,,Unknown,QA02.3,"observation for Suspected mental or behavioural disorders, ruled out",0.700,High,Optimized Semantic Matching,2025-09-04
SD1554,Blood Disease - Ratha Noi Primary,,Unknown,1D40,Chikungunya virus disease,0.700,High,Optimized Semantic Matching,2025-09-04
SD1555,Bone Disease - Elumbu Noi,,Unknown,2E82.0,Benign chondrogenic tumours of bone or articular cartilage of limbs,0.700,High,Optimized Semantic Matching,2025-09-04
SD1556,Paralysis - Pakka Vatham Vatham,,Unknown,UNMAPPED,No suitable ICD-11 match found,0.000,No Match,Optimized Semantic Matching,2025-09-04
SD1557,Epilepsy - Vali Noi Pitham,,Unknown,UNMAPPED,No suitable ICD-11 match found,0.000,No Match,Optimized Semantic Matching,2025-09-04
SD1558,Diarrhea - Kallichal Kabam,,Unknown,UNMAPPED,No suitable ICD-11 match found,0.000,No Match,Optimized Semantic Matching,2025-09-04
SD1559,Cough - Irumal Kanam Chronic,,Unknown,MD12,cough,0.800,High,Optimized Semantic Matching,2025-09-04
SD1560,Cold - Sanni Acute,,Unknown,UNMAPPED,No suitable ICD-11 match found,0.000,No Match,Optimized Semantic Matching,2025-09-04
SD1561,Fever - Suram Primary,,Unknown,1D2Z,"Dengue fever, unspecified",0.700,High,Optimized Semantic Matching,2025-09-04
SD1562,Diabetes - Neerizhevu,,Unknown,5A11,Type 2 diabetes mellitus,0.700,High,Optimized Semantic Matching,2025-09-04
SD1563,Hypertension - Ratha Azhutham Vatham,,Unknown,UNMAPPED,No suitable ICD-11 match found,0.000,No Match,Optimized Semantic Matching,2025-09-04
SD1564,Arthritis - Keel Vayu Pitham,,Unknown,FA20,Rheumatoid arthritis,0.700,High,Optimized Semantic Matching,2025-09-04
SD1565,Asthma - Irumal Kabam,,Unknown,CA23,Asthma,0.800,High,Optimized Semantic Matching,2025-09-04
SD1566,Headache - Thalai Noi Chronic,,Unknown,8A81,TensionType headache,0.700,High,Optimized Semantic Matching,2025-09-04
SD1567,Gastritis - Gunmam Acute,,Unknown,DA42,Gastritis,0.800,High,Optimized Semantic Matching,2025-09-04
SD1568,Skin Disease - Thole Noi Primary,,Unknown,1D40,Chikungunya virus disease,0.700,High,Optimized Semantic Matching,2025-09-04
SD1569,Liver Disease - Kal Noi,,Unknown,2C12.02,hepatocellular carcinoma of liver,0.700,High,Optimized Semantic Matching,2025-09-04
SD1570,Kidney Disease - Siruneer Noi Vatham,,Unknown,1D40,Chikungunya virus disease,0.700,High,Optimized Semantic Matching,2025-09-04
SD1571,Eye Disease - Kan Noi Pitham,,Unknown,1D40,Chikungunya virus disease,0.700,High,Optimized Semantic Matching,2025-09-04
SD1572,Ear Disease - Kadhu Noi Kabam,,Unknown,1D40,Chikungunya virus disease,0.700,High,Optimized Semantic Matching,2025-09-04
SD1573,Mental Disorder - Mana Noi Chronic,,Unknown,QA02.3,"observation for Suspected mental or behavioural disorders, ruled out",0.700,High,Optimized Semantic Matching,2025-09-04
SD1574,Blood Disease - Ratha Noi Acute,,Unknown,1D40,Chikungunya virus disease,0.700,High,Optimized Semantic Matching,2025-09-04
SD1575,Bone Disease - Elumbu Noi Primary,,Unknown,2E82.0,Benign chondrogenic tumours of bone or articular cartilage of limbs,0.700,High,Optimized Semantic Matching,2025-09-04
SD1576,Paralysis - Pakka Vatham,,Unknown,UNMAPPED,No suitable ICD-11 match found,0.000,No Match,Optimized Semantic Matching,2025-09-04
SD1577,Epilepsy - Vali Noi Vatham,,Unknown,UNMAPPED,No suitable ICD-11 match found,0.000,No Match,Optimized Semantic Matching,2025-09-04
SD1578,Diarrhea - Kallichal Pitham,,Unknown,UNMAPPED,No suitable ICD-11 match found,0.000,No Match,Optimized Semantic Matching,2025-09-04
SD1579,Cough - Irumal Kanam Kabam,,Unknown,MD12,cough,0.800,High,Optimized Semantic Matching,2025-09-04
SD1580,Cold - Sanni Chronic,,Unknown,UNMAPPED,No suitable ICD-11 match found,0.000,No Match,Optimized Semantic Matching,2025-09-04
SD1581,Fever - Suram Acute,,Unknown,1D2Z,"Dengue fever, unspecified",0.700,High,Optimized Semantic Matching,2025-09-04
SD1582,Diabetes - Neerizhevu Primary,,Unknown,QA0A.10,special screening examination for diabetes mellitus,0.700,High,Optimized Semantic Matching,2025-09-04
SD1583,Hypertension - Ratha Azhutham,,Unknown,UNMAPPED,No suitable ICD-11 match found,0.000,No Match,Optimized Semantic Matching,2025-09-04
SD1584,Arthritis - Keel Vayu Vatham,,Unknown,FA20,Rheumatoid arthritis,0.700,High,Optimized Semantic Matching,2025-09-04
SD1585,Asthma - Irumal Pitham,,Unknown,CA23,Asthma,0.800,High,Optimized Semantic Matching,2025-09-04
SD1586,Headache - Thalai Noi Kabam,,Unknown,JB0C.5,Spinal or epidural Anaesthesiainduced headache during labour or delivery,0.700,High,Optimized Semantic Matching,2025-09-04
SD1587,Gastritis - Gunmam Chronic,,Unknown,DA42,Gastritis,0.800,High,Optimized Semantic Matching,2025-09-04
SD1588,Skin Disease - Thole Noi Acute,,Unknown,1D40,Chikungunya virus disease,0.700,High,Optimized Semantic Matching,2025-09-04
SD1589,Liver Disease - Kal Noi Primary,,Unknown,2C12.02,hepatocellular carcinoma of liver,0.700,High,Optimized Semantic Matching,2025-09-04
SD1590,Kidney Disease - Siruneer Noi,,Unknown,1D40,Chikungunya virus disease,0.700,High,Optimized Semantic Matching,2025-09-04
SD1591,Eye Disease - Kan Noi Vatham,,Unknown,1D40,Chikungunya virus disease,0.700,High,Optimized Semantic Matching,2025-09-04
SD1592,Ear Disease - Kadhu Noi Pitham,,Unknown,1D40,Chikungunya virus disease,0.700,High,Optimized Semantic Matching,2025-09-04
SD1593,Mental Disorder - Mana Noi Kabam,,Unknown,QA02.3,"observation for Suspected mental or behavioural disorders, ruled out",0.700,High,Optimized Semantic Matching,2025-09-04
SD1594,Blood Disease - Ratha Noi Chronic,,Unknown,1D40,Chikungunya virus disease,0.700,High,Optimized Semantic Matching,2025-09-04
SD1595,Bone Disease - Elumbu Noi Acute,,Unknown,2E82.0,Benign chondrogenic tumours of bone or articular cartilage of limbs,0.700,High,Optimized Semantic Matching,2025-09-04
SD1596,Paralysis - Pakka Vatham Primary,,Unknown,UNMAPPED,No suitable ICD-11 match found,0.000,No Match,Optimized Semantic Matching,2025-09-04
SD1597,Epilepsy - Vali Noi,,Unknown,UNMAPPED,No suitable ICD-11 match found,0.000,No Match,Optimized Semantic Matching,2025-09-04
SD1598,Diarrhea - Kallichal Vatham,,Unknown,UNMAPPED,No suitable ICD-11 match found,0.000,No Match,Optimized Semantic Matching,2025-09-04
SD1599,Cough - Irumal Kanam Pitham,,Unknown,MD12,cough,0.800,High,Optimized Semantic Matching,2025-09-04
SD1600,Cold - Sanni Kabam,,Unknown,UNMAPPED,No suitable ICD-11 match found,0.000,No Match,Optimized Semantic Matching,2025-09-04
SD1601,Fever - Suram Chronic,,Unknown,1D2Z,"Dengue fever, unspecified",0.700,High,Optimized Semantic Matching,2025-09-04
SD1602,Diabetes - Neerizhevu Acute,,Unknown,QA0A.10,special screening examination for diabetes mellitus,0.700,High,Optimized Semantic Matching,2025-09-04
SD1603,Hypertension - Ratha Azhutham Primary,,Unknown,UNMAPPED,No suitable ICD-11 match found,0.000,No Match,Optimized Semantic Matching,2025-09-04
SD1604,Arthritis - Keel Vayu,,Unknown,FA20,Rheumatoid arthritis,0.700,High,Optimized Semantic Matching,2025-09-04
SD1605,Asthma - Irumal Vatham,,Unknown,CA23,Asthma,0.800,High,Optimized Semantic Matching,2025-09-04
SD1606,Headache - Thalai Noi Pitham,,Unknown,JB0C.5,Spinal or epidural Anaesthesiainduced headache during labour or delivery,0.700,High,Optimized Semantic Matching,2025-09-04
SD1607,Gastritis - Gunmam Kabam,,Unknown,DA42,Gastritis,0.800,High,Optimized Semantic Matching,2025-09-04
SD1608,Skin Disease - Thole Noi Chronic,,Unknown,1D40,Chikungunya virus disease,0.700,High,Optimized Semantic Matching,2025-09-04
SD1609,Liver Disease - Kal Noi Acute,,Unknown,2C12.02,hepatocellular carcinoma of liver,0.700,High,Optimized Semantic Matching,2025-09-04
SD1610,Kidney Disease - Siruneer Noi Primary,,Unknown,1D40,Chikungunya virus disease,0.700,High,Optimized Semantic Matching,2025-09-04
SD1611,Eye Disease - Kan Noi,,Unknown,1D40,Chikungunya virus disease,0.700,High,Optimized Semantic Matching,2025-09-04
SD1612,Ear Disease - Kadhu Noi Vatham,,Unknown,1D40,Chikungunya virus disease,0.700,High,Optimized Semantic Matching,2025-09-04
SD1613,Mental Disorder - Mana Noi Pitham,,Unknown,QA02.3,"observation for Suspected mental or behavioural disorders, ruled out",0.700,High,Optimized Semantic Matching,2025-09-04
SD1614,Blood Disease - Ratha Noi Kabam,,Unknown,1D40,Chikungunya virus disease,0.700,High,Optimized Semantic Matching,2025-09-04
SD1615,Bone Disease - Elumbu Noi Chronic,,Unknown,2E82.0,Benign chondrogenic tumours of bone or articular cartilage of limbs,0.700,High,Optimized Semantic Matching,2025-09-04
SD1616,Paralysis - Pakka Vatham Acute,,Unknown,UNMAPPED,No suitable ICD-11 match found,0.000,No Match,Optimized Semantic Matching,2025-09-04
SD1617,Epilepsy - Vali Noi Primary,,Unknown,UNMAPPED,No suitable ICD-11 match found,0.000,No Match,Optimized Semantic Matching,2025-09-04
SD1618,Diarrhea - Kallichal,,Unknown,UNMAPPED,No suitable ICD-11 match found,0.000,No Match,Optimized Semantic Matching,2025-09-04
SD1619,Cough - Irumal Kanam Vatham,,Unknown,MD12,cough,0.800,High,Optimized Semantic Matching,2025-09-04
SD1620,Cold - Sanni Pitham,,Unknown,UNMAPPED,No suitable ICD-11 match found,0.000,No Match,Optimized Semantic Matching,2025-09-04
SD1621,Fever - Suram Kabam,,Unknown,1C30.2,Typhus fever due to Rickettsia typhi,0.700,High,Optimized Semantic Matching,2025-09-04
SD1622,Diabetes - Neerizhevu Chronic,,Unknown,QA0A.10,special screening examination for diabetes mellitus,0.700,High,Optimized Semantic Matching,2025-09-04
SD1623,Hypertension - Ratha Azhutham Acute,,Unknown,UNMAPPED,No suitable ICD-11 match found,0.000,No Match,Optimized Semantic Matching,2025-09-04
SD1624,Arthritis - Keel Vayu Primary,,Unknown,1F02.1,Rubella arthritis,0.700,High,Optimized Semantic Matching,2025-09-04
SD1625,Asthma - Irumal,,Unknown,CA23,Asthma,0.800,High,Optimized Semantic Matching,2025-09-04
SD1626,Headache - Thalai Noi Vatham,,Unknown,JB0C.5,Spinal or epidural Anaesthesiainduced headache during labour or delivery,0.700,High,Optimized Semantic Matching,2025-09-04
SD1627,Gastritis - Gunmam Pitham,,Unknown,DA42,Gastritis,0.800,High,Optimized Semantic Matching,2025-09-04
SD1628,Skin Disease - Thole Noi Kabam,,Unknown,1D40,Chikungunya virus disease,0.700,High,Optimized Semantic Matching,2025-09-04
SD1629,Liver Disease - Kal Noi Chronic,,Unknown,2C12.02,hepatocellular carcinoma of liver,0.700,High,Optimized Semantic Matching,2025-09-04
SD1630,Kidney Disease - Siruneer Noi Acute,,Unknown,1D40,Chikungunya virus disease,0.700,High,Optimized Semantic Matching,2025-09-04
SD1631,Eye Disease - Kan Noi Primary,,Unknown,1D40,Chikungunya virus disease,0.700,High,Optimized Semantic Matching,2025-09-04
SD1632,Ear Disease - Kadhu Noi,,Unknown,1D40,Chikungunya virus disease,0.700,High,Optimized Semantic Matching,2025-09-04
SD1633,Mental Disorder - Mana Noi Vatham,,Unknown,QA02.3,"observation for Suspected mental or behavioural disorders, ruled out",0.700,High,Optimized Semantic Matching,2025-09-04
SD1634,Blood Disease - Ratha Noi Pitham,,Unknown,1D40,Chikungunya virus disease,0.700,High,Optimized Semantic Matching,2025-09-04
SD1635,Bone Disease - Elumbu Noi Kabam,,Unknown,2E82.0,Benign chondrogenic tumours of bone or articular cartilage of limbs,0.700,High,Optimized Semantic Matching,2025-09-04
SD1636,Paralysis - Pakka Vatham Chronic,,Unknown,UNMAPPED,No suitable ICD-11 match found,0.000,No Match,Optimized Semantic Matching,2025-09-04
SD1637,Epilepsy - Vali Noi Acute,,Unknown,UNMAPPED,No suitable ICD-11 match found,0.000,No Match,Optimized Semantic Matching,2025-09-04
SD1638,Diarrhea - Kallichal Primary,,Unknown,UNMAPPED,No suitable ICD-11 match found,0.000,No Match,Optimized Semantic Matching,2025-09-04
SD1639,Cough - Irumal Kanam,,Unknown,MD12,cough,0.800,High,Optimized Semantic Matching,2025-09-04
SD1640,Cold - Sanni Vatham,,Unknown,UNMAPPED,No suitable ICD-11 match found,0.000,No Match,Optimized Semantic Matching,2025-09-04
SD1641,Fever - Suram Pitham,,Unknown,1C30.2,Typhus fever due to Rickettsia typhi,0.700,High,Optimized Semantic Matching,2025-09-04
SD1642,Diabetes - Neerizhevu Kabam,,Unknown,5A11,Type 2 diabetes mellitus,0.700,High,Optimized Semantic Matching,2025-09-04
SD1643,Hypertension - Ratha Azhutham Chronic,,Unknown,UNMAPPED,No suitable ICD-11 match found,0.000,No Match,Optimized Semantic Matching,2025-09-04
SD1644,Arthritis - Keel Vayu Acute,,Unknown,1B41.1Z,"Acute rheumatic endocarditis, unspecified",0.700,High,Optimized Semantic Matching,2025-09-04
SD1645,Asthma - Irumal Primary,,Unknown,CA23,Asthma,0.800,High,Optimized Semantic Matching,2025-09-04
SD1646,Headache - Thalai Noi,,Unknown,JB0C.5,Spinal or epidural Anaesthesiainduced headache during labour or delivery,0.700,High,Optimized Semantic Matching,2025-09-04
SD1647,Gastritis - Gunmam Vatham,,Unknown,DA42,Gastritis,0.800,High,Optimized Semantic Matching,2025-09-04
SD1648,Skin Disease - Thole Noi Pitham,,Unknown,1D40,Chikungunya virus disease,0.700,High,Optimized Semantic Matching,2025-09-04
SD1649,Liver Disease - Kal Noi Kabam,,Unknown,2C12.02,hepatocellular carcinoma of liver,0.700,High,Optimized Semantic Matching,2025-09-04
SD1650,Kidney Disease - Siruneer Noi Chronic,,Unknown,1D40,Chikungunya virus disease,0.700,High,Optimized Semantic Matching,2025-09-04
SD1651,Eye Disease - Kan Noi Acute,,Unknown,1D40,Chikungunya virus disease,0.700,High,Optimized Semantic Matching,2025-09-04
SD1652,Ear Disease - Kadhu Noi Primary,,Unknown,1D40,Chikungunya virus disease,0.700,High,Optimized Semantic Matching,2025-09-04
SD1653,Mental Disorder - Mana Noi,,Unknown,QA02.3,"observation for Suspected mental or behavioural disorders, ruled out",0.700,High,Optimized Semantic Matching,2025-09-04
SD1654,Blood Disease - Ratha Noi Vatham,,Unknown,1D40,Chikungunya virus disease,0.700,High,Optimized Semantic Matching,2025-09-04
SD1655,Bone Disease - Elumbu Noi Pitham,,Unknown,2E82.0,Benign chondrogenic tumours of bone or articular cartilage of limbs,0.700,High,Optimized Semantic Matching,2025-09-04
SD1656,Paralysis - Pakka Vatham Kabam,,Unknown,UNMAPPED,No suitable ICD-11 match found,0.000,No Match,Optimized Semantic Matching,2025-09-04
SD1657,Epilepsy - Vali Noi Chronic,,Unknown,UNMAPPED,No suitable ICD-11 match found,0.000,No Match,Optimized Semantic Matching,2025-09-04
SD1658,Diarrhea - Kallichal Acute,,Unknown,UNMAPPED,No suitable ICD-11 match found,0.000,No Match,Optimized Semantic Matching,2025-09-04
SD1659,Cough - Irumal Kanam Primary,,Unknown,MD12,cough,0.800,High,Optimized Semantic Matching,2025-09-04
SD1660,Cold - Sanni,,Unknown,UNMAPPED,No suitable ICD-11 match found,0.000,No Match,Optimized Semantic Matching,2025-09-04
SD1661,Fever - Suram Vatham,,Unknown,1C30.2,Typhus fever due to Rickettsia typhi,0.700,High,Optimized Semantic Matching,2025-09-04
SD1662,Diabetes - Neerizhevu Pitham,,Unknown,5A11,Type 2 diabetes mellitus,0.700,High,Optimized Semantic Matching,2025-09-04
SD1663,Hypertension - Ratha Azhutham Kabam,,Unknown,UNMAPPED,No suitable ICD-11 match found,0.000,No Match,Optimized Semantic Matching,2025-09-04
SD1664,Arthritis - Keel Vayu Chronic,,Unknown,2A81.7,Diffuse large Bcell lymphoma associated with Chronic inflammation,0.700,High,Optimized Semantic Matching,2025-09-04
SD1665,Asthma - Irumal Acute,,Unknown,CA23,Asthma,0.800,High,Optimized Semantic Matching,2025-09-04
SD1666,Headache - Thalai Noi Primary,,Unknown,8A81,TensionType headache,0.700,High,Optimized Semantic Matching,2025-09-04
SD1667,Gastritis - Gunmam,,Unknown,DA42,Gastritis,0.800,High,Optimized Semantic Matching,2025-09-04
SD1668,Skin Disease - Thole Noi Vatham,,Unknown,1D40,Chikungunya virus disease,0.700,High,Optimized Semantic Matching,2025-09-04
SD1669,Liver Disease - Kal Noi Pitham,,Unknown,2C12.02,hepatocellular carcinoma of liver,0.700,High,Optimized Semantic Matching,2025-09-04
SD1670,Kidney Disease - Siruneer Noi Kabam,,Unknown,1D40,Chikungunya virus disease,0.700,High,Optimized Semantic Matching,2025-09-04
SD1671,Eye Disease - Kan Noi Chronic,,Unknown,1D40,Chikungunya virus disease,0.700,High,Optimized Semantic Matching,2025-09-04
SD1672,Ear Disease - Kadhu Noi Acute,,Unknown,1D40,Chikungunya virus disease,0.700,High,Optimized Semantic Matching,2025-09-04
SD1673,Mental Disorder - Mana Noi Primary,,Unknown,QA02.3,"observation for Suspected mental or behavioural disorders, ruled out",0.700,High,Optimized Semantic Matching,2025-09-04
SD1674,Blood Disease - Ratha Noi,,Unknown,1D40,Chikungunya virus disease,0.700,High,Optimized Semantic Matching,2025-09-04
SD1675,Bone Disease - Elumbu Noi Vatham,,Unknown,2E82.0,Benign chondrogenic tumours of bone or articular cartilage of limbs,0.700,High,Optimized Semantic Matching,2025-09-04
SD1676,Paralysis - Pakka Vatham Pitham,,Unknown,UNMAPPED,No suitable ICD-11 match found,0.000,No Match,Optimized Semantic Matching,2025-09-04
SD1677,Epilepsy - Vali Noi Kabam,,Unknown,UNMAPPED,No suitable ICD-11 match found,0.000,No Match,Optimized Semantic Matching,2025-09-04
SD1678,Diarrhea - Kallichal Chronic,,Unknown,UNMAPPED,No suitable ICD-11 match found,0.000,No Match,Optimized Semantic Matching,2025-09-04
SD1679,Cough - Irumal Kanam Acute,,Unknown,MD12,cough,0.800,High,Optimized Semantic Matching,2025-09-04
SD1680,Cold - Sanni Primary,,Unknown,UNMAPPED,No suitable ICD-11 match found,0.000,No Match,Optimized Semantic Matching,2025-09-04
SD1681,Fever - Suram,,Unknown,1C30.2,Typhus fever due to Rickettsia typhi,0.700,High,Optimized Semantic Matching,2025-09-04
SD1682,Diabetes - Neerizhevu Vatham,,Unknown,5A11,Type 2 diabetes mellitus,0.700,High,Optimized Semantic Matching,2025-09-04
SD1683,Hypertension - Ratha Azhutham Pitham,,Unknown,UNMAPPED,No suitable ICD-11 match found,0.000,No Match,Optimized Semantic Matching,2025-09-04
SD1684,Arthritis - Keel Vayu Kabam,,Unknown,FA20,Rheumatoid arthritis,0.700,High,Optimized Semantic Matching,2025-09-04
SD1685,Asthma - Irumal Chronic,,Unknown,CA23,Asthma,0.800,High,Optimized Semantic Matching,2025-09-04
SD1686,Headache - Thalai Noi Acute,,Unknown,8A81,TensionType headache,0.700,High,Optimized Semantic Matching,2025-09-04
SD1687,Gastritis - Gunmam Primary,,Unknown,DA42,Gastritis,0.800,High,Optimized Semantic Matching,2025-09-04
SD1688,Skin Disease - Thole Noi,,Unknown,1D40,Chikungunya virus disease,0.700,High,Optimized Semantic Matching,2025-09-04
SD1689,Liver Disease - Kal Noi Vatham,,Unknown,2C12.02,hepatocellular carcinoma of liver,0.700,High,Optimized Semantic Matching,2025-09-04
SD1690,Kidney Disease - Siruneer Noi Pitham,,Unknown,1D40,Chikungunya virus disease,0.700,High,Optimized Semantic Matching,2025-09-04
SD1691,Eye Disease - Kan Noi Kabam,,Unknown,1D40,Chikungunya virus disease,0.700,High,Optimized Semantic Matching,2025-09-04
SD1692,Ear Disease - Kadhu Noi Chronic,,Unknown,1D40,Chikungunya virus disease,0.700,High,Optimized Semantic Matching,2025-09-04
SD1693,Mental Disorder - Mana Noi Acute,,Unknown,QA02.3,"observation for Suspected mental or behavioural disorders, ruled out",0.700,High,Optimized Semantic Matching,2025-09-04
SD1694,Blood Disease - Ratha Noi Primary,,Unknown,1D40,Chikungunya virus disease,0.700,High,Optimized Semantic Matching,2025-09-04
SD1695,Bone Disease - Elumbu Noi,,Unknown,2E82.0,Benign chondrogenic tumours of bone or articular cartilage of limbs,0.700,High,Optimized Semantic Matching,2025-09-04
SD1696,Paralysis - Pakka Vatham Vatham,,Unknown,UNMAPPED,No suitable ICD-11 match found,0.000,No Match,Optimized Semantic Matching,2025-09-04
SD1697,Epilepsy - Vali Noi Pitham,,Unknown,UNMAPPED,No suitable ICD-11 match found,0.000,No Match,Optimized Semantic Matching,2025-09-04
SD1698,Diarrhea - Kallichal Kabam,,Unknown,UNMAPPED,No suitable ICD-11 match found,0.000,No Match,Optimized Semantic Matching,2025-09-04
SD1699,Cough - Irumal Kanam Chronic,,Unknown,MD12,cough,0.800,High,Optimized Semantic Matching,2025-09-04
SD1700,Cold - Sanni Acute,,Unknown,UNMAPPED,No suitable ICD-11 match found,0.000,No Match,Optimized Semantic Matching,2025-09-04
SD1701,Fever - Suram Primary,,Unknown,1D2Z,"Dengue fever, unspecified",0.700,High,Optimized Semantic Matching,2025-09-04
SD1702,Diabetes - Neerizhevu,,Unknown,5A11,Type 2 diabetes mellitus,0.700,High,Optimized Semantic Matching,2025-09-04
SD1703,Hypertension - Ratha Azhutham Vatham,,Unknown,UNMAPPED,No suitable ICD-11 match found,0.000,No Match,Optimized Semantic Matching,2025-09-04
SD1704,Arthritis - Keel Vayu Pitham,,Unknown,FA20,Rheumatoid arthritis,0.700,High,Optimized Semantic Matching,2025-09-04
SD1705,Asthma - Irumal Kabam,,Unknown,CA23,Asthma,0.800,High,Optimized Semantic Matching,2025-09-04
SD1706,Headache - Thalai Noi Chronic,,Unknown,8A81,TensionType headache,0.700,High,Optimized Semantic Matching,2025-09-04
SD1707,Gastritis - Gunmam Acute,,Unknown,DA42,Gastritis,0.800,High,Optimized Semantic Matching,2025-09-04
SD1708,Skin Disease - Thole Noi Primary,,Unknown,1D40,Chikungunya virus disease,0.700,High,Optimized Semantic Matching,2025-09-04
SD1709,Liver Disease - Kal Noi,,Unknown,2C12.02,hepatocellular carcinoma of liver,0.700,High,Optimized Semantic Matching,2025-09-04
SD1710,Kidney Disease - Siruneer Noi Vatham,,Unknown,1D40,Chikungunya virus disease,0.700,High,Optimized Semantic Matching,2025-09-04
SD1711,Eye Disease - Kan Noi Pitham,,Unknown,1D40,Chikungunya virus disease,0.700,High,Optimized Semantic Matching,2025-09-04
SD1712,Ear Disease - Kadhu Noi Kabam,,Unknown,1D40,Chikungunya virus disease,0.700,High,Optimized Semantic Matching,2025-09-04
SD1713,Mental Disorder - Mana Noi Chronic,,Unknown,QA02.3,"observation for Suspected mental or behavioural disorders, ruled out",0.700,High,Optimized Semantic Matching,2025-09-04
SD1714,Blood Disease - Ratha Noi Acute,,Unknown,1D40,Chikungunya virus disease,0.700,High,Optimized Semantic Matching,2025-09-04
SD1715,Bone Disease - Elumbu Noi Primary,,Unknown,2E82.0,Benign chondrogenic tumours of bone or articular cartilage of limbs,0.700,High,Optimized Semantic Matching,2025-09-04
SD1716,Paralysis - Pakka Vatham,,Unknown,UNMAPPED,No suitable ICD-11 match found,0.000,No Match,Optimized Semantic Matching,2025-09-04
SD1717,Epilepsy - Vali Noi Vatham,,Unknown,UNMAPPED,No suitable ICD-11 match found,0.000,No Match,Optimized Semantic Matching,2025-09-04
SD1718,Diarrhea - Kallichal Pitham,,Unknown,UNMAPPED,No suitable ICD-11 match found,0.000,No Match,Optimized Semantic Matching,2025-09-04
SD1719,Cough - Irumal Kanam Kabam,,Unknown,MD12,cough,0.800,High,Optimized Semantic Matching,2025-09-04
SD1720,Cold - Sanni Chronic,,Unknown,UNMAPPED,No suitable ICD-11 match found,0.000,No Match,Optimized Semantic Matching,2025-09-04
SD1721,Fever - Suram Acute,,Unknown,1D2Z,"Dengue fever, unspecified",0.700,High,Optimized Semantic Matching,2025-09-04
SD1722,Diabetes - Neerizhevu Primary,,Unknown,QA0A.10,special screening examination for diabetes mellitus,0.700,High,Optimized Semantic Matching,2025-09-04
SD1723,Hypertension - Ratha Azhutham,,Unknown,UNMAPPED,No suitable ICD-11 match found,0.000,No Match,Optimized Semantic Matching,2025-09-04
SD1724,Arthritis - Keel Vayu Vatham,,Unknown,FA20,Rheumatoid arthritis,0.700,High,Optimized Semantic Matching,2025-09-04
SD1725,Asthma - Irumal Pitham,,Unknown,CA23,Asthma,0.800,High,Optimized Semantic Matching,2025-09-04
SD1726,Headache - Thalai Noi Kabam,,Unknown,JB0C.5,Spinal or epidural Anaesthesiainduced headache during labour or delivery,0.700,High,Optimized Semantic Matching,2025-09-04
SD1727,Gastritis - Gunmam Chronic,,Unknown,DA42,Gastritis,0.800,High,Optimized Semantic Matching,2025-09-04
SD1728,Skin Disease - Thole Noi Acute,,Unknown,1D40,Chikungunya virus disease,0.700,High,Optimized Semantic Matching,2025-09-04
SD1729,Liver Disease - Kal Noi Primary,,Unknown,2C12.02,hepatocellular carcinoma of liver,0.700,High,Optimized Semantic Matching,2025-09-04
SD1730,Kidney Disease - Siruneer Noi,,Unknown,1D40,Chikungunya virus disease,0.700,High,Optimized Semantic Matching,2025-09-04
SD1731,Eye Disease - Kan Noi Vatham,,Unknown,1D40,Chikungunya virus disease,0.700,High,Optimized Semantic Matching,2025-09-04
SD1732,Ear Disease - Kadhu Noi Pitham,,Unknown,1D40,Chikungunya virus disease,0.700,High,Optimized Semantic Matching,2025-09-04
SD1733,Mental Disorder - Mana Noi Kabam,,Unknown,QA02.3,"observation for Suspected mental or behavioural disorders, ruled out",0.700,High,Optimized Semantic Matching,2025-09-04
SD1734,Blood Disease - Ratha Noi Chronic,,Unknown,1D40,Chikungunya virus disease,0.700,High,Optimized Semantic Matching,2025-09-04
SD1735,Bone Disease - Elumbu Noi Acute,,Unknown,2E82.0,Benign chondrogenic tumours of bone or articular cartilage of limbs,0.700,High,Optimized Semantic Matching,2025-09-04
SD1736,Paralysis - Pakka Vatham Primary,,Unknown,UNMAPPED,No suitable ICD-11 match found,0.000,No Match,Optimized Semantic Matching,2025-09-04
SD1737,Epilepsy - Vali Noi,,Unknown,UNMAPPED,No suitable ICD-11 match found,0.000,No Match,Optimized Semantic Matching,2025-09-04
SD1738,Diarrhea - Kallichal Vatham,,Unknown,UNMAPPED,No suitable ICD-11 match found,0.000,No Match,Optimized Semantic Matching,2025-09-04
SD1739,Cough - Irumal Kanam Pitham,,Unknown,MD12,cough,0.800,High,Optimized Semantic Matching,2025-09-04
SD1740,Cold - Sanni Kabam,,Unknown,UNMAPPED,No suitable ICD-11 match found,0.000,No Match,Optimized Semantic Matching,2025-09-04
SD1741,Fever - Suram Chronic,,Unknown,1D2Z,"Dengue fever, unspecified",0.700,High,Optimized Semantic Matching,2025-09-04
SD1742,Diabetes - Neerizhevu Acute,,Unknown,QA0A.10,special screening examination for diabetes mellitus,0.700,High,Optimized Semantic Matching,2025-09-04
SD1743,Hypertension - Ratha Azhutham Primary,,Unknown,UNMAPPED,No suitable ICD-11 match found,0.000,No Match,Optimized Semantic Matching,2025-09-04
SD1744,Arthritis - Keel Vayu,,Unknown,FA20,Rheumatoid arthritis,0.700,High,Optimized Semantic Matching,2025-09-04
SD1745,Asthma - Irumal Vatham,,Unknown,CA23,Asthma,0.800,High,Optimized Semantic Matching,2025-09-04
SD1746,Headache - Thalai Noi Pitham,,Unknown,JB0C.5,Spinal or epidural Anaesthesiainduced headache during labour or delivery,0.700,High,Optimized Semantic Matching,2025-09-04
SD1747,Gastritis - Gunmam Kabam,,Unknown,DA42,Gastritis,0.800,High,Optimized Semantic Matching,2025-09-04
SD1748,Skin Disease - Thole Noi Chronic,,Unknown,1D40,Chikungunya virus disease,0.700,High,Optimized Semantic Matching,2025-09-04
SD1749,Liver Disease - Kal Noi Acute,,Unknown,2C12.02,hepatocellular carcinoma of liver,0.700,High,Optimized Semantic Matching,2025-09-04
SD1750,Kidney Disease - Siruneer Noi Primary,,Unknown,1D40,Chikungunya virus disease,0.700,High,Optimized Semantic Matching,2025-09-04
SD1751,Eye Disease - Kan Noi,,Unknown,1D40,Chikungunya virus disease,0.700,High,Optimized Semantic Matching,2025-09-04
SD1752,Ear Disease - Kadhu Noi Vatham,,Unknown,1D40,Chikungunya virus disease,0.700,High,Optimized Semantic Matching,2025-09-04
SD1753,Mental Disorder - Mana Noi Pitham,,Unknown,QA02.3,"observation for Suspected mental or behavioural disorders, ruled out",0.700,High,Optimized Semantic Matching,2025-09-04
SD1754,Blood Disease - Ratha Noi Kabam,,Unknown,1D40,Chikungunya virus disease,0.700,High,Optimized Semantic Matching,2025-09-04
SD1755,Bone Disease - Elumbu Noi Chronic,,Unknown,2E82.0,Benign chondrogenic tumours of bone or articular cartilage of limbs,0.700,High,Optimized Semantic Matching,2025-09-04
SD1756,Paralysis - Pakka Vatham Acute,,Unknown,UNMAPPED,No suitable ICD-11 match found,0.000,No Match,Optimized Semantic Matching,2025-09-04
SD1757,Epilepsy - Vali Noi Primary,,Unknown,UNMAPPED,No suitable ICD-11 match found,0.000,No Match,Optimized Semantic Matching,2025-09-04
SD1758,Diarrhea - Kallichal,,Unknown,UNMAPPED,No suitable ICD-11 match found,0.000,No Match,Optimized Semantic Matching,2025-09-04
SD1759,Cough - Irumal Kanam Vatham,,Unknown,MD12,cough,0.800,High,Optimized Semantic Matching,2025-09-04
SD1760,Cold - Sanni Pitham,,Unknown,UNMAPPED,No suitable ICD-11 match found,0.000,No Match,Optimized Semantic Matching,2025-09-04
SD1761,Fever - Suram Kabam,,Unknown,1C30.2,Typhus fever due to Rickettsia typhi,0.700,High,Optimized Semantic Matching,2025-09-04
SD1762,Diabetes - Neerizhevu Chronic,,Unknown,QA0A.10,special screening examination for diabetes mellitus,0.700,High,Optimized Semantic Matching,2025-09-04
SD1763,Hypertension - Ratha Azhutham Acute,,Unknown,UNMAPPED,No suitable ICD-11 match found,0.000,No Match,Optimized Semantic Matching,2025-09-04
SD1764,Arthritis - Keel Vayu Primary,,Unknown,1F02.1,Rubella arthritis,0.700,High,Optimized Semantic Matching,2025-09-04
SD1765,Asthma - Irumal,,Unknown,CA23,Asthma,0.800,High,Optimized Semantic Matching,2025-09-04
SD1766,Headache - Thalai Noi Vatham,,Unknown,JB0C.5,Spinal or epidural Anaesthesiainduced headache during labour or delivery,0.700,High,Optimized Semantic Matching,2025-09-04
SD1767,Gastritis - Gunmam Pitham,,Unknown,DA42,Gastritis,0.800,High,Optimized Semantic Matching,2025-09-04
SD1768,Skin Disease - Thole Noi Kabam,,Unknown,1D40,Chikungunya virus disease,0.700,High,Optimized Semantic Matching,2025-09-04
SD1769,Liver Disease - Kal Noi Chronic,,Unknown,2C12.02,hepatocellular carcinoma of liver,0.700,High,Optimized Semantic Matching,2025-09-04
SD1770,Kidney Disease - Siruneer Noi Acute,,Unknown,1D40,Chikungunya virus disease,0.700,High,Optimized Semantic Matching,2025-09-04
SD1771,Eye Disease - Kan Noi Primary,,Unknown,1D40,Chikungunya virus disease,0.700,High,Optimized Semantic Matching,2025-09-04
SD1772,Ear Disease - Kadhu Noi,,Unknown,1D40,Chikungunya virus disease,0.700,High,Optimized Semantic Matching,2025-09-04
SD1773,Mental Disorder - Mana Noi Vatham,,Unknown,QA02.3,"observation for Suspected mental or behavioural disorders, ruled out",0.700,High,Optimized Semantic Matching,2025-09-04
SD1774,Blood Disease - Ratha Noi Pitham,,Unknown,1D40,Chikungunya virus disease,0.700,High,Optimized Semantic Matching,2025-09-04
SD1775,Bone Disease - Elumbu Noi Kabam,,Unknown,2E82.0,Benign chondrogenic tumours of bone or articular cartilage of limbs,0.700,High,Optimized Semantic Matching,2025-09-04
SD1776,Paralysis - Pakka Vatham Chronic,,Unknown,UNMAPPED,No suitable ICD-11 match found,0.000,No Match,Optimized Semantic Matching,2025-09-04
SD1777,Epilepsy - Vali Noi Acute,,Unknown,UNMAPPED,No suitable ICD-11 match found,0.000,No Match,Optimized Semantic Matching,2025-09-04
SD1778,Diarrhea - Kallichal Primary,,Unknown,UNMAPPED,No suitable ICD-11 match found,0.000,No Match,Optimized Semantic Matching,2025-09-04
SD1779,Cough - Irumal Kanam,,Unknown,MD12,cough,0.800,High,Optimized Semantic Matching,2025-09-04
SD1780,Cold - Sanni Vatham,,Unknown,UNMAPPED,No suitable ICD-11 match found,0.000,No Match,Optimized Semantic Matching,2025-09-04
SD1781,Fever - Suram Pitham,,Unknown,1C30.2,Typhus fever due to Rickettsia typhi,0.700,High,Optimized Semantic Matching,2025-09-04
SD1782,Diabetes - Neerizhevu Kabam,,Unknown,5A11,Type 2 diabetes mellitus,0.700,High,Optimized Semantic Matching,2025-09-04
SD1783,Hypertension - Ratha Azhutham Chronic,,Unknown,UNMAPPED,No suitable ICD-11 match found,0.000,No Match,Optimized Semantic Matching,2025-09-04
SD1784,Arthritis - Keel Vayu Acute,,Unknown,1B41.1Z,"Acute rheumatic endocarditis, unspecified",0.700,High,Optimized Semantic Matching,2025-09-04
SD1785,Asthma - Irumal Primary,,Unknown,CA23,Asthma,0.800,High,Optimized Semantic Matching,2025-09-04
SD1786,Headache - Thalai Noi,,Unknown,JB0C.5,Spinal or epidural Anaesthesiainduced headache during labour or delivery,0.700,High,Optimized Semantic Matching,2025-09-04
SD1787,Gastritis - Gunmam Vatham,,Unknown,DA42,Gastritis,0.800,High,Optimized Semantic Matching,2025-09-04
SD1788,Skin Disease - Thole Noi Pitham,,Unknown,1D40,Chikungunya virus disease,0.700,High,Optimized Semantic Matching,2025-09-04
SD1789,Liver Disease - Kal Noi Kabam,,Unknown,2C12.02,hepatocellular carcinoma of liver,0.700,High,Optimized Semantic Matching,2025-09-04
SD1790,Kidney Disease - Siruneer Noi Chronic,,Unknown,1D40,Chikungunya virus disease,0.700,High,Optimized Semantic Matching,2025-09-04
SD1791,Eye Disease - Kan Noi Acute,,Unknown,1D40,Chikungunya virus disease,0.700,High,Optimized Semantic Matching,2025-09-04
SD1792,Ear Disease - Kadhu Noi Primary,,Unknown,1D40,Chikungunya virus disease,0.700,High,Optimized Semantic Matching,2025-09-04
SD1793,Mental Disorder - Mana Noi,,Unknown,QA02.3,"observation for Suspected mental or behavioural disorders, ruled out",0.700,High,Optimized Semantic Matching,2025-09-04
SD1794,Blood Disease - Ratha Noi Vatham,,Unknown,1D40,Chikungunya virus disease,0.700,High,Optimized Semantic Matching,2025-09-04
SD1795,Bone Disease - Elumbu Noi Pitham,,Unknown,2E82.0,Benign chondrogenic tumours of bone or articular cartilage of limbs,0.700,High,Optimized Semantic Matching,2025-09-04
SD1796,Paralysis - Pakka Vatham Kabam,,Unknown,UNMAPPED,No suitable ICD-11 match found,0.000,No Match,Optimized Semantic Matching,2025-09-04
SD1797,Epilepsy - Vali Noi Chronic,,Unknown,UNMAPPED,No suitable ICD-11 match found,0.000,No Match,Optimized Semantic Matching,2025-09-04
SD1798,Diarrhea - Kallichal Acute,,Unknown,UNMAPPED,No suitable ICD-11 match found,0.000,No Match,Optimized Semantic Matching,2025-09-04
SD1799,Cough - Irumal Kanam Primary,,Unknown,MD12,cough,0.800,High,Optimized Semantic Matching,2025-09-04
SD1800,Cold - Sanni,,Unknown,UNMAPPED,No suitable ICD-11 match found,0.000,No Match,Optimized Semantic Matching,2025-09-04
SD1801,Fever - Suram Vatham,,Unknown,1C30.2,Typhus fever due to Rickettsia typhi,0.700,High,Optimized Semantic Matching,2025-09-04
SD1802,Diabetes - Neerizhevu Pitham,,Unknown,5A11,Type 2 diabetes mellitus,0.700,High,Optimized Semantic Matching,2025-09-04
SD1803,Hypertension - Ratha Azhutham Kabam,,Unknown,UNMAPPED,No suitable ICD-11 match found,0.000,No Match,Optimized Semantic Matching,2025-09-04
SD1804,Arthritis - Keel Vayu Chronic,,Unknown,2A81.7,Diffuse large Bcell lymphoma associated with Chronic inflammation,0.700,High,Optimized Semantic Matching,2025-09-04
SD1805,Asthma - Irumal Acute,,Unknown,CA23,Asthma,0.800,High,Optimized Semantic Matching,2025-09-04
SD1806,Headache - Thalai Noi Primary,,Unknown,8A81,TensionType headache,0.700,High,Optimized Semantic Matching,2025-09-04
SD1807,Gastritis - Gunmam,,Unknown,DA42,Gastritis,0.800,High,Optimized Semantic Matching,2025-09-04
SD1808,Skin Disease - Thole Noi Vatham,,Unknown,1D40,Chikungunya virus disease,0.700,High,Optimized Semantic Matching,2025-09-04
SD1809,Liver Disease - Kal Noi Pitham,,Unknown,2C12.02,hepatocellular carcinoma of liver,0.700,High,Optimized Semantic Matching,2025-09-04
SD1810,Kidney Disease - Siruneer Noi Kabam,,Unknown,1D40,Chikungunya virus disease,0.700,High,Optimized Semantic Matching,2025-09-04
SD1811,Eye Disease - Kan Noi Chronic,,Unknown,1D40,Chikungunya virus disease,0.700,High,Optimized Semantic Matching,2025-09-04
SD1812,Ear Disease - Kadhu Noi Acute,,Unknown,1D40,Chikungunya virus disease,0.700,High,Optimized Semantic Matching,2025-09-04
SD1813,Mental Disorder - Mana Noi Primary,,Unknown,QA02.3,"observation for Suspected mental or behavioural disorders, ruled out",0.700,High,Optimized Semantic Matching,2025-09-04
SD1814,Blood Disease - Ratha Noi,,Unknown,1D40,Chikungunya virus disease,0.700,High,Optimized Semantic Matching,2025-09-04
SD1815,Bone Disease - Elumbu Noi Vatham,,Unknown,2E82.0,Benign chondrogenic tumours of bone or articular cartilage of limbs,0.700,High,Optimized Semantic Matching,2025-09-04
SD1816,Paralysis - Pakka Vatham Pitham,,Unknown,UNMAPPED,No suitable ICD-11 match found,0.000,No Match,Optimized Semantic Matching,2025-09-04
SD1817,Epilepsy - Vali Noi Kabam,,Unknown,UNMAPPED,No suitable ICD-11 match found,0.000,No Match,Optimized Semantic Matching,2025-09-04
SD1818,Diarrhea - Kallichal Chronic,,Unknown,UNMAPPED,No suitable ICD-11 match found,0.000,No Match,Optimized Semantic Matching,2025-09-04
SD1819,Cough - Irumal Kanam Acute,,Unknown,MD12,cough,0.800,High,Optimized Semantic Matching,2025-09-04
SD1820,Cold - Sanni Primary,,Unknown,UNMAPPED,No suitable ICD-11 match found,0.000,No Match,Optimized Semantic Matching,2025-09-04
SD1821,Fever - Suram,,Unknown,1C30.2,Typhus fever due to Rickettsia typhi,0.700,High,Optimized Semantic Matching,2025-09-04
SD1822,Diabetes - Neerizhevu Vatham,,Unknown,5A11,Type 2 diabetes mellitus,0.700,High,Optimized Semantic Matching,2025-09-04
SD1823,Hypertension - Ratha Azhutham Pitham,,Unknown,UNMAPPED,No suitable ICD-11 match found,0.000,No Match,Optimized Semantic Matching,2025-09-04
SD1824,Arthritis - Keel Vayu Kabam,,Unknown,FA20,Rheumatoid arthritis,0.700,High,Optimized Semantic Matching,2025-09-04
SD1825,Asthma - Irumal Chronic,,Unknown,CA23,Asthma,0.800,High,Optimized Semantic Matching,2025-09-04
SD1826,Headache - Thalai Noi Acute,,Unknown,8A81,TensionType headache,0.700,High,Optimized Semantic Matching,2025-09-04
SD1827,Gastritis - Gunmam Primary,,Unknown,DA42,Gastritis,0.800,High,Optimized Semantic Matching,2025-09-04
SD1828,Skin Disease - Thole Noi,,Unknown,1D40,Chikungunya virus disease,0.700,High,Optimized Semantic Matching,2025-09-04
SD1829,Liver Disease - Kal Noi Vatham,,Unknown,2C12.02,hepatocellular carcinoma of liver,0.700,High,Optimized Semantic Matching,2025-09-04
SD1830,Kidney Disease - Siruneer Noi Pitham,,Unknown,1D40,Chikungunya virus disease,0.700,High,Optimized Semantic Matching,2025-09-04
SD1831,Eye Disease - Kan Noi Kabam,,Unknown,1D40,Chikungunya virus disease,0.700,High,Optimized Semantic Matching,2025-09-04
SD1832,Ear Disease - Kadhu Noi Chronic,,Unknown,1D40,Chikungunya virus disease,0.700,High,Optimized Semantic Matching,2025-09-04
SD1833,Mental Disorder - Mana Noi Acute,,Unknown,QA02.3,"observation for Suspected mental or behavioural disorders, ruled out",0.700,High,Optimized Semantic Matching,2025-09-04
SD1834,Blood Disease - Ratha Noi Primary,,Unknown,1D40,Chikungunya virus disease,0.700,High,Optimized Semantic Matching,2025-09-04
SD1835,Bone Disease - Elumbu Noi,,Unknown,2E82.0,Benign chondrogenic tumours of bone or articular cartilage of limbs,0.700,High,Optimized Semantic Matching,2025-09-04
SD1836,Paralysis - Pakka Vatham Vatham,,Unknown,UNMAPPED,No suitable ICD-11 match found,0.000,No Match,Optimized Semantic Matching,2025-09-04
SD1837,Epilepsy - Vali Noi Pitham,,Unknown,UNMAPPED,No suitable ICD-11 match found,0.000,No Match,Optimized Semantic Matching,2025-09-04
SD1838,Diarrhea - Kallichal Kabam,,Unknown,UNMAPPED,No suitable ICD-11 match found,0.000,No Match,Optimized Semantic Matching,2025-09-04
SD1839,Cough - Irumal Kanam Chronic,,Unknown,MD12,cough,0.800,High,Optimized Semantic Matching,2025-09-04
SD1840,Cold - Sanni Acute,,Unknown,UNMAPPED,No suitable ICD-11 match found,0.000,No Match,Optimized Semantic Matching,2025-09-04
SD1841,Fever - Suram Primary,,Unknown,1D2Z,"Dengue fever, unspecified",0.700,High,Optimized Semantic Matching,2025-09-04
SD1842,Diabetes - Neerizhevu,,Unknown,5A11,Type 2 diabetes mellitus,0.700,High,Optimized Semantic Matching,2025-09-04
SD1843,Hypertension - Ratha Azhutham Vatham,,Unknown,UNMAPPED,No suitable ICD-11 match found,0.000,No Match,Optimized Semantic Matching,2025-09-04
SD1844,Arthritis - Keel Vayu Pitham,,Unknown,FA20,Rheumatoid arthritis,0.700,High,Optimized Semantic Matching,2025-09-04
SD1845,Asthma - Irumal Kabam,,Unknown,CA23,Asthma,0.800,High,Optimized Semantic Matching,2025-09-04
SD1846,Headache - Thalai Noi Chronic,,Unknown,8A81,TensionType headache,0.700,High,Optimized Semantic Matching,2025-09-04
SD1847,Gastritis - Gunmam Acute,,Unknown,DA42,Gastritis,0.800,High,Optimized Semantic Matching,2025-09-04
SD1848,Skin Disease - Thole Noi Primary,,Unknown,1D40,Chikungunya virus disease,0.700,High,Optimized Semantic Matching,2025-09-04
SD1849,Liver Disease - Kal Noi,,Unknown,2C12.02,hepatocellular carcinoma of liver,0.700,High,Optimized Semantic Matching,2025-09-04
SD1850,Kidney Disease - Siruneer Noi Vatham,,Unknown,1D40,Chikungunya virus disease,0.700,High,Optimized Semantic Matching,2025-09-04
SD1851,Eye Disease - Kan Noi Pitham,,Unknown,1D40,Chikungunya virus disease,0.700,High,Optimized Semantic Matching,2025-09-04
SD1852,Ear Disease - Kadhu Noi Kabam,,Unknown,1D40,Chikungunya virus disease,0.700,High,Optimized Semantic Matching,2025-09-04
SD1853,Mental Disorder - Mana Noi Chronic,,Unknown,QA02.3,"observation for Suspected mental or behavioural disorders, ruled out",0.700,High,Optimized Semantic Matching,2025-09-04
SD1854,Blood Disease - Ratha Noi Acute,,Unknown,1D40,Chikungunya virus disease,0.700,High,Optimized Semantic Matching,2025-09-04
SD1855,Bone Disease - Elumbu Noi Primary,,Unknown,2E82.0,Benign chondrogenic tumours of bone or articular cartilage of limbs,0.700,High,Optimized Semantic Matching,2025-09-04
SD1856,Paralysis - Pakka Vatham,,Unknown,UNMAPPED,No suitable ICD-11 match found,0.000,No Match,Optimized Semantic Matching,2025-09-04
SD1857,Epilepsy - Vali Noi Vatham,,Unknown,UNMAPPED,No suitable ICD-11 match found,0.000,No Match,Optimized Semantic Matching,2025-09-04
SD1858,Diarrhea - Kallichal Pitham,,Unknown,UNMAPPED,No suitable ICD-11 match found,0.000,No Match,Optimized Semantic Matching,2025-09-04
SD1859,Cough - Irumal Kanam Kabam,,Unknown,MD12,cough,0.800,High,Optimized Semantic Matching,2025-09-04
SD1860,Cold - Sanni Chronic,,Unknown,UNMAPPED,No suitable ICD-11 match found,0.000,No Match,Optimized Semantic Matching,2025-09-04
SD1861,Fever - Suram Acute,,Unknown,1D2Z,"Dengue fever, unspecified",0.700,High,Optimized Semantic Matching,2025-09-04
SD1862,Diabetes - Neerizhevu Primary,,Unknown,QA0A.10,special screening examination for diabetes mellitus,0.700,High,Optimized Semantic Matching,2025-09-04
SD1863,Hypertension - Ratha Azhutham,,Unknown,UNMAPPED,No suitable ICD-11 match found,0.000,No Match,Optimized Semantic Matching,2025-09-04
SD1864,Arthritis - Keel Vayu Vatham,,Unknown,FA20,Rheumatoid arthritis,0.700,High,Optimized Semantic Matching,2025-09-04
SD1865,Asthma - Irumal Pitham,,Unknown,CA23,Asthma,0.800,High,Optimized Semantic Matching,2025-09-04
SD1866,Headache - Thalai Noi Kabam,,Unknown,JB0C.5,Spinal or epidural Anaesthesiainduced headache during labour or delivery,0.700,High,Optimized Semantic Matching,2025-09-04
SD1867,Gastritis - Gunmam Chronic,,Unknown,DA42,Gastritis,0.800,High,Optimized Semantic Matching,2025-09-04
SD1868,Skin Disease - Thole Noi Acute,,Unknown,1D40,Chikungunya virus disease,0.700,High,Optimized Semantic Matching,2025-09-04
SD1869,Liver Disease - Kal Noi Primary,,Unknown,2C12.02,hepatocellular carcinoma of liver,0.700,High,Optimized Semantic Matching,2025-09-04
SD1870,Kidney Disease - Siruneer Noi,,Unknown,1D40,Chikungunya virus disease,0.700,High,Optimized Semantic Matching,2025-09-04
SD1871,Eye Disease - Kan Noi Vatham,,Unknown,1D40,Chikungunya virus disease,0.700,High,Optimized Semantic Matching,2025-09-04
SD1872,Ear Disease - Kadhu Noi Pitham,,Unknown,1D40,Chikungunya virus disease,0.700,High,Optimized Semantic Matching,2025-09-04
SD1873,Mental Disorder - Mana Noi Kabam,,Unknown,QA02.3,"observation for Suspected mental or behavioural disorders, ruled out",0.700,High,Optimized Semantic Matching,2025-09-04
SD1874,Blood Disease - Ratha Noi Chronic,,Unknown,1D40,Chikungunya virus disease,0.700,High,Optimized Semantic Matching,2025-09-04
SD1875,Bone Disease - Elumbu Noi Acute,,Unknown,2E82.0,Benign chondrogenic tumours of bone or articular cartilage of limbs,0.700,High,Optimized Semantic Matching,2025-09-04
SD1876,Paralysis - Pakka Vatham Primary,,Unknown,UNMAPPED,No suitable ICD-11 match found,0.000,No Match,Optimized Semantic Matching,2025-09-04
SD1877,Epilepsy - Vali Noi,,Unknown,UNMAPPED,No suitable ICD-11 match found,0.000,No Match,Optimized Semantic Matching,2025-09-04
SD1878,Diarrhea - Kallichal Vatham,,Unknown,UNMAPPED,No suitable ICD-11 match found,0.000,No Match,Optimized Semantic Matching,2025-09-04
SD1879,Cough - Irumal Kanam Pitham,,Unknown,MD12,cough,0.800,High,Optimized Semantic Matching,2025-09-04
SD1880,Cold - Sanni Kabam,,Unknown,UNMAPPED,No suitable ICD-11 match found,0.000,No Match,Optimized Semantic Matching,2025-09-04
SD1881,Fever - Suram Chronic,,Unknown,1D2Z,"Dengue fever, unspecified",0.700,High,Optimized Semantic Matching,2025-09-04
SD1882,Diabetes - Neerizhevu Acute,,Unknown,QA0A.10,special screening examination for diabetes mellitus,0.700,High,Optimized Semantic Matching,2025-09-04
SD1883,Hypertension - Ratha Azhutham Primary,,Unknown,UNMAPPED,No suitable ICD-11 match found,0.000,No Match,Optimized Semantic Matching,2025-09-04
SD1884,Arthritis - Keel Vayu,,Unknown,FA20,Rheumatoid arthritis,0.700,High,Optimized Semantic Matching,2025-09-04
SD1885,Asthma - Irumal Vatham,,Unknown,CA23,Asthma,0.800,High,Optimized Semantic Matching,2025-09-04
SD1886,Headache - Thalai Noi Pitham,,Unknown,JB0C.5,Spinal or epidural Anaesthesiainduced headache during labour or delivery,0.700,High,Optimized Semantic Matching,2025-09-04
SD1887,Gastritis - Gunmam Kabam,,Unknown,DA42,Gastritis,0.800,High,Optimized Semantic Matching,2025-09-04
SD1888,Skin Disease - Thole Noi Chronic,,Unknown,1D40,Chikungunya virus disease,0.700,High,Optimized Semantic Matching,2025-09-04
SD1889,Liver Disease - Kal Noi Acute,,Unknown,2C12.02,hepatocellular carcinoma of liver,0.700,High,Optimized Semantic Matching,2025-09-04
SD1890,Kidney Disease - Siruneer Noi Primary,,Unknown,1D40,Chikungunya virus disease,0.700,High,Optimized Semantic Matching,2025-09-04
SD1891,Eye Disease - Kan Noi,,Unknown,1D40,Chikungunya virus disease,0.700,High,Optimized Semantic Matching,2025-09-04
SD1892,Ear Disease - Kadhu Noi Vatham,,Unknown,1D40,Chikungunya virus disease,0.700,High,Optimized Semantic Matching,2025-09-04
SD1893,Mental Disorder - Mana Noi Pitham,,Unknown,QA02.3,"observation for Suspected mental or behavioural disorders, ruled out",0.700,High,Optimized Semantic Matching,2025-09-04
SD1894,Blood Disease - Ratha Noi Kabam,,Unknown,1D40,Chikungunya virus disease,0.700,High,Optimized Semantic Matching,2025-09-04
SD1895,Bone Disease - Elumbu Noi Chronic,,Unknown,2E82.0,Benign chondrogenic tumours of bone or articular cartilage of limbs,0.700,High,Optimized Semantic Matching,2025-09-04
SD1896,Paralysis - Pakka Vatham Acute,,Unknown,UNMAPPED,No suitable ICD-11 match found,0.000,No Match,Optimized Semantic Matching,2025-09-04
SD1897,Epilepsy - Vali Noi Primary,,Unknown,UNMAPPED,No suitable ICD-11 match found,0.000,No Match,Optimized Semantic Matching,2025-09-04
SD1898,Diarrhea - Kallichal,,Unknown,UNMAPPED,No suitable ICD-11 match found,0.000,No Match,Optimized Semantic Matching,2025-09-04
SD1899,Cough - Irumal Kanam Vatham,,Unknown,MD12,cough,0.800,High,Optimized Semantic Matching,2025-09-04
SD1900,Cold - Sanni Pitham,,Unknown,UNMAPPED,No suitable ICD-11 match found,0.000,No Match,Optimized Semantic Matching,2025-09-04
SD1901,Fever - Suram Kabam,,Unknown,1C30.2,Typhus fever due to Rickettsia typhi,0.700,High,Optimized Semantic Matching,2025-09-04
SD1902,Diabetes - Neerizhevu Chronic,,Unknown,QA0A.10,special screening examination for diabetes mellitus,0.700,High,Optimized Semantic Matching,2025-09-04
SD1903,Hypertension - Ratha Azhutham Acute,,Unknown,UNMAPPED,No suitable ICD-11 match found,0.000,No Match,Optimized Semantic Matching,2025-09-04
SD1904,Arthritis - Keel Vayu Primary,,Unknown,1F02.1,Rubella arthritis,0.700,High,Optimized Semantic Matching,2025-09-04
SD1905,Asthma - Irumal,,Unknown,CA23,Asthma,0.800,High,Optimized Semantic Matching,2025-09-04
SD1906,Headache - Thalai Noi Vatham,,Unknown,JB0C.5,Spinal or epidural Anaesthesiainduced headache during labour or delivery,0.700,High,Optimized Semantic Matching,2025-09-04
SD1907,Gastritis - Gunmam Pitham,,Unknown,DA42,Gastritis,0.800,High,Optimized Semantic Matching,2025-09-04
SD1908,Skin Disease - Thole Noi Kabam,,Unknown,1D40,Chikungunya virus disease,0.700,High,Optimized Semantic Matching,2025-09-04
SD1909,Liver Disease - Kal Noi Chronic,,Unknown,2C12.02,hepatocellular carcinoma of liver,0.700,High,Optimized Semantic Matching,2025-09-04
SD1910,Kidney Disease - Siruneer Noi Acute,,Unknown,1D40,Chikungunya virus disease,0.700,High,Optimized Semantic Matching,2025-09-04
SD1911,Eye Disease - Kan Noi Primary,,Unknown,1D40,Chikungunya virus disease,0.700,High,Optimized Semantic Matching,2025-09-04
SD1912,Ear Disease - Kadhu Noi,,Unknown,1D40,Chikungunya virus disease,0.700,High,Optimized Semantic Matching,2025-09-04
SD1913,Mental Disorder - Mana Noi Vatham,,Unknown,QA02.3,"observation for Suspected mental or behavioural disorders, ruled out",0.700,High,Optimized Semantic Matching,2025-09-04
SD1914,Blood Disease - Ratha Noi Pitham,,Unknown,1D40,Chikungunya virus disease,0.700,High,Optimized Semantic Matching,2025-09-04
SD1915,Bone Disease - Elumbu Noi Kabam,,Unknown,2E82.0,Benign chondrogenic tumours of bone or articular cartilage of limbs,0.700,High,Optimized Semantic Matching,2025-09-04
SD1916,Paralysis - Pakka Vatham Chronic,,Unknown,UNMAPPED,No suitable ICD-11 match found,0.000,No Match,Optimized Semantic Matching,2025-09-04
SD1917,Epilepsy - Vali Noi Acute,,Unknown,UNMAPPED,No suitable ICD-11 match found,0.000,No Match,Optimized Semantic Matching,2025-09-04
SD1918,Diarrhea - Kallichal Primary,,Unknown,UNMAPPED,No suitable ICD-11 match found,0.000,No Match,Optimized Semantic Matching,2025-09-04
SD1919,Cough - Irumal Kanam,,Unknown,MD12,cough,0.800,High,Optimized Semantic Matching,2025-09-04
SD1920,Cold - Sanni Vatham,,Unknown,UNMAPPED,No suitable ICD-11 match found,0.000,No Match,Optimized Semantic Matching,2025-09-04
SD1921,Fever - Suram Pitham,,Unknown,1C30.2,Typhus fever due to Rickettsia typhi,0.700,High,Optimized Semantic Matching,2025-09-04
SD1922,Diabetes - Neerizhevu Kabam,,Unknown,5A11,Type 2 diabetes mellitus,0.700,High,Optimized Semantic Matching,2025-09-04
SD1923,Hypertension - Ratha Azhutham Chronic,,Unknown,UNMAPPED,No suitable ICD-11 match found,0.000,No Match,Optimized Semantic Matching,2025-09-04
SD1924,Arthritis - Keel Vayu Acute,,Unknown,1B41.1Z,"Acute rheumatic endocarditis, unspecified",0.700,High,Optimized Semantic Matching,2025-09-04
SD1925,Asthma - Irumal Primary,,Unknown,CA23,Asthma,0.800,High,Optimized Semantic Matching,2025-09-04
SD1926,Headache - Thalai Noi,,Unknown,JB0C.5,Spinal or epidural Anaesthesiainduced headache during labour or delivery,0.700,High,Optimized Semantic Matching,2025-09-04
SD1927,Gastritis - Gunmam Vatham,,Unknown,DA42,Gastritis,0.800,High,Optimized Semantic Matching,2025-09-04
SD1928,Skin Disease - Thole Noi Pitham,,Unknown,1D40,Chikungunya virus disease,0.700,High,Optimized Semantic Matching,2025-09-04
SD1929,Liver Disease - Kal Noi Kabam,,Unknown,2C12.02,hepatocellular carcinoma of liver,0.700,High,Optimized Semantic Matching,2025-09-04
SD1930,Kidney Disease - Siruneer Noi Chronic,,Unknown,1D40,Chikungunya virus disease,0.700,High,Optimized Semantic Matching,2025-09-04
SD1931,Eye Disease - Kan Noi Acute,,Unknown,1D40,Chikungunya virus disease,0.700,High,Optimized Semantic Matching,2025-09-04
SD1932,Ear Disease - Kadhu Noi Primary,,Unknown,1D40,Chikungunya virus disease,0.700,High,Optimized Semantic Matching,2025-09-04
SD1933,Mental Disorder - Mana Noi,,Unknown,QA02.3,"observation for Suspected mental or behavioural disorders, ruled out",0.700,High,Optimized Semantic Matching,2025-09-04
SD1934,Blood Disease - Ratha Noi Vatham,,Unknown,1D40,Chikungunya virus disease,0.700,High,Optimized Semantic Matching,2025-09-04
SD1935,Bone Disease - Elumbu Noi Pitham,,Unknown,2E82.0,Benign chondrogenic tumours of bone or articular cartilage of limbs,0.700,High,Optimized Semantic Matching,2025-09-04
SD1936,Paralysis - Pakka Vatham Kabam,,Unknown,UNMAPPED,No suitable ICD-11 match found,0.000,No Match,Optimized Semantic Matching,2025-09-04
SD1937,Epilepsy - Vali Noi Chronic,,Unknown,UNMAPPED,No suitable ICD-11 match found,0.000,No Match,Optimized Semantic Matching,2025-09-04
SD1938,Diarrhea - Kallichal Acute,,Unknown,UNMAPPED,No suitable ICD-11 match found,0.000,No Match,Optimized Semantic Matching,2025-09-04
SD1939,Cough - Irumal Kanam Primary,,Unknown,MD12,cough,0.800,High,Optimized Semantic Matching,2025-09-04
SD1940,Cold - Sanni,,Unknown,UNMAPPED,No suitable ICD-11 match found,0.000,No Match,Optimized Semantic Matching,2025-09-04
SD1941,Fever - Suram Vatham,,Unknown,1C30.2,Typhus fever due to Rickettsia typhi,0.700,High,Optimized Semantic Matching,2025-09-04
SD1942,Diabetes - Neerizhevu Pitham,,Unknown,5A11,Type 2 diabetes mellitus,0.700,High,Optimized Semantic Matching,2025-09-04
SD1943,Hypertension - Ratha Azhutham Kabam,,Unknown,UNMAPPED,No suitable ICD-11 match found,0.000,No Match,Optimized Semantic Matching,2025-09-04
SD1944,Arthritis - Keel Vayu Chronic,,Unknown,2A81.7,Diffuse large Bcell lymphoma associated with Chronic inflammation,0.700,High,Optimized Semantic Matching,2025-09-04
SD1945,Asthma - Irumal Acute,,Unknown,CA23,Asthma,0.800,High,Optimized Semantic Matching,2025-09-04
SD1946,Headache - Thalai Noi Primary,,Unknown,8A81,TensionType headache,0.700,High,Optimized Semantic Matching,2025-09-04
SD1947,Gastritis - Gunmam,,Unknown,DA42,Gastritis,0.800,High,Optimized Semantic Matching,2025-09-04
SD1948,Skin Disease - Thole Noi Vatham,,Unknown,1D40,Chikungunya virus disease,0.700,High,Optimized Semantic Matching,2025-09-04
SD1949,Liver Disease - Kal Noi Pitham,,Unknown,2C12.02,hepatocellular carcinoma of liver,0.700,High,Optimized Semantic Matching,2025-09-04
SD1950,Kidney Disease - Siruneer Noi Kabam,,Unknown,1D40,Chikungunya virus disease,0.700,High,Optimized Semantic Matching,2025-09-04
SD1951,Eye Disease - Kan Noi Chronic,,Unknown,1D40,Chikungunya virus disease,0.700,High,Optimized Semantic Matching,2025-09-04
SD1952,Ear Disease - Kadhu Noi Acute,,Unknown,1D40,Chikungunya virus disease,0.700,High,Optimized Semantic Matching,2025-09-04
SD1953,Mental Disorder - Mana Noi Primary,,Unknown,QA02.3,"observation for Suspected mental or behavioural disorders, ruled out",0.700,High,Optimized Semantic Matching,2025-09-04
SD1954,Blood Disease - Ratha Noi,,Unknown,1D40,Chikungunya virus disease,0.700,High,Optimized Semantic Matching,2025-09-04
SD1955,Bone Disease - Elumbu Noi Vatham,,Unknown,2E82.0,Benign chondrogenic tumours of bone or articular cartilage of limbs,0.700,High,Optimized Semantic Matching,2025-09-04
SD1956,Paralysis - Pakka Vatham Pitham,,Unknown,UNMAPPED,No suitable ICD-11 match found,0.000,No Match,Optimized Semantic Matching,2025-09-04
SD1957,Epilepsy - Vali Noi Kabam,,Unknown,UNMAPPED,No suitable ICD-11 match found,0.000,No Match,Optimized Semantic Matching,2025-09-04
SD1958,Diarrhea - Kallichal Chronic,,Unknown,UNMAPPED,No suitable ICD-11 match found,0.000,No Match,Optimized Semantic Matching,2025-09-04
SD1959,Cough - Irumal Kanam Acute,,Unknown,MD12,cough,0.800,High,Optimized Semantic Matching,2025-09-04
SD1960,Cold - Sanni Primary,,Unknown,UNMAPPED,No suitable ICD-11 match found,0.000,No Match,Optimized Semantic Matching,2025-09-04
SD1961,Fever - Suram,,Unknown,1C30.2,Typhus fever due to Rickettsia typhi,0.700,High,Optimized Semantic Matching,2025-09-04
SD1962,Diabetes - Neerizhevu Vatham,,Unknown,5A11,Type 2 diabetes mellitus,0.700,High,Optimized Semantic Matching,2025-09-04
SD1963,Hypertension - Ratha Azhutham Pitham,,Unknown,UNMAPPED,No suitable ICD-11 match found,0.000,No Match,Optimized Semantic Matching,2025-09-04
SD1964,Arthritis - Keel Vayu Kabam,,Unknown,FA20,Rheumatoid arthritis,0.700,High,Optimized Semantic Matching,2025-09-04
SD1965,Asthma - Irumal Chronic,,Unknown,CA23,Asthma,0.800,High,Optimized Semantic Matching,2025-09-04
SD1966,Headache - Thalai Noi Acute,,Unknown,8A81,TensionType headache,0.700,High,Optimized Semantic Matching,2025-09-04
SD1967,Gastritis - Gunmam Primary,,Unknown,DA42,Gastritis,0.800,High,Optimized Semantic Matching,2025-09-04
SD1968,Skin Disease - Thole Noi,,Unknown,1D40,Chikungunya virus disease,0.700,High,Optimized Semantic Matching,2025-09-04
SD1969,Liver Disease - Kal Noi Vatham,,Unknown,2C12.02,hepatocellular carcinoma of liver,0.700,High,Optimized Semantic Matching,2025-09-04
SD1970,Kidney Disease - Siruneer Noi Pitham,,Unknown,1D40,Chikungunya virus disease,0.700,High,Optimized Semantic Matching,2025-09-04
SD1971,Eye Disease - Kan Noi Kabam,,Unknown,1D40,Chikungunya virus disease,0.700,High,Optimized Semantic Matching,2025-09-04
SD1972,Ear Disease - Kadhu Noi Chronic,,Unknown,1D40,Chikungunya virus disease,0.700,High,Optimized Semantic Matching,2025-09-04
SD1973,Mental Disorder - Mana Noi Acute,,Unknown,QA02.3,"observation for Suspected mental or behavioural disorders, ruled out",0.700,High,Optimized Semantic Matching,2025-09-04
SD1974,Blood Disease - Ratha Noi Primary,,Unknown,1D40,Chikungunya virus disease,0.700,High,Optimized Semantic Matching,2025-09-04
SD1975,Bone Disease - Elumbu Noi,,Unknown,2E82.0,Benign chondrogenic tumours of bone or articular cartilage of limbs,0.700,High,Optimized Semantic Matching,2025-09-04
SD1976,Paralysis - Pakka Vatham Vatham,,Unknown,UNMAPPED,No suitable ICD-11 match found,0.000,No Match,Optimized Semantic Matching,2025-09-04
SD1977,Epilepsy - Vali Noi Pitham,,Unknown,UNMAPPED,No suitable ICD-11 match found,0.000,No Match,Optimized Semantic Matching,2025-09-04
SD1978,Diarrhea - Kallichal Kabam,,Unknown,UNMAPPED,No suitable ICD-11 match found,0.000,No Match,Optimized Semantic Matching,2025-09-04
SD1979,Cough - Irumal Kanam Chronic,,Unknown,MD12,cough,0.800,High,Optimized Semantic Matching,2025-09-04
SD1980,Cold - Sanni Acute,,Unknown,UNMAPPED,No suitable ICD-11 match found,0.000,No Match,Optimized Semantic Matching,2025-09-04
SD1981,Fever - Suram Primary,,Unknown,1D2Z,"Dengue fever, unspecified",0.700,High,Optimized Semantic Matching,2025-09-04
SD1982,Diabetes - Neerizhevu,,Unknown,5A11,Type 2 diabetes mellitus,0.700,High,Optimized Semantic Matching,2025-09-04
SD1983,Hypertension - Ratha Azhutham Vatham,,Unknown,UNMAPPED,No suitable ICD-11 match found,0.000,No Match,Optimized Semantic Matching,2025-09-04
SD1984,Arthritis - Keel Vayu Pitham,,Unknown,FA20,Rheumatoid arthritis,0.700,High,Optimized Semantic Matching,2025-09-04
SD1985,Asthma - Irumal Kabam,,Unknown,CA23,Asthma,0.800,High,Optimized Semantic Matching,2025-09-04
SD1986,Headache - Thalai Noi Chronic,,Unknown,8A81,TensionType headache,0.700,High,Optimized Semantic Matching,2025-09-04
SD1987,Gastritis - Gunmam Acute,,Unknown,DA42,Gastritis,0.800,High,Optimized Semantic Matching,2025-09-04
SD1988,Skin Disease - Thole Noi Primary,,Unknown,1D40,Chikungunya virus disease,0.700,High,Optimized Semantic Matching,2025-09-04
SD1989,Liver Disease - Kal Noi,,Unknown,2C12.02,hepatocellular carcinoma of liver,0.700,High,Optimized Semantic Matching,2025-09-04
SD1990,Kidney Disease - Siruneer Noi Vatham,,Unknown,1D40,Chikungunya virus disease,0.700,High,Optimized Semantic Matching,2025-09-04
SD1991,Eye Disease - Kan Noi Pitham,,Unknown,1D40,Chikungunya virus disease,0.700,High,Optimized Semantic Matching,2025-09-04
SD1992,Ear Disease - Kadhu Noi Kabam,,Unknown,1D40,Chikungunya virus disease,0.700,High,Optimized Semantic Matching,2025-09-04
SD1993,Mental Disorder - Mana Noi Chronic,,Unknown,QA02.3,"observation for Suspected mental or behavioural disorders, ruled out",0.700,High,Optimized Semantic Matching,2025-09-04
SD1994,Blood Disease - Ratha Noi Acute,,Unknown,1D40,Chikungunya virus disease,0.700,High,Optimized Semantic Matching,2025-09-04
SD1995,Bone Disease - Elumbu Noi Primary,,Unknown,2E82.0,Benign chondrogenic tumours of bone or articular cartilage of limbs,0.700,High,Optimized Semantic Matching,2025-09-04
SD1996,Paralysis - Pakka Vatham,,Unknown,UNMAPPED,No suitable ICD-11 match found,0.000,No Match,Optimized Semantic Matching,2025-09-04
SD1997,Epilepsy - Vali Noi Vatham,,Unknown,UNMAPPED,No suitable ICD-11 match found,0.000,No Match,Optimized Semantic Matching,2025-09-04
SD1998,Diarrhea - Kallichal Pitham,,Unknown,UNMAPPED,No suitable ICD-11 match found,0.000,No Match,Optimized Semantic Matching,2025-09-04
SD1999,Cough - Irumal Kanam Kabam,,Unknown,MD12,cough,0.800,High,Optimized Semantic Matching,2025-09-04
SD2000,Cold - Sanni Chronic,,Unknown,UNMAPPED,No suitable ICD-11 match found,0.000,No Match,Optimized Semantic Matching,2025-09-04
SD2001,Fever - Suram Acute,,Unknown,1D2Z,"Dengue fever, unspecified",0.700,High,Optimized Semantic Matching,2025-09-04
SD2002,Diabetes - Neerizhevu Primary,,Unknown,QA0A.10,special screening examination for diabetes mellitus,0.700,High,Optimized Semantic Matching,2025-09-04
SD2003,Hypertension - Ratha Azhutham,,Unknown,UNMAPPED,No suitable ICD-11 match found,0.000,No Match,Optimized Semantic Matching,2025-09-04
SD2004,Arthritis - Keel Vayu Vatham,,Unknown,FA20,Rheumatoid arthritis,0.700,High,Optimized Semantic Matching,2025-09-04
SD2005,Asthma - Irumal Pitham,,Unknown,CA23,Asthma,0.800,High,Optimized Semantic Matching,2025-09-04
SD2006,Headache - Thalai Noi Kabam,,Unknown,JB0C.5,Spinal or epidural Anaesthesiainduced headache during labour or delivery,0.700,High,Optimized Semantic Matching,2025-09-04
SD2007,Gastritis - Gunmam Chronic,,Unknown,DA42,Gastritis,0.800,High,Optimized Semantic Matching,2025-09-04
SD2008,Skin Disease - Thole Noi Acute,,Unknown,1D40,Chikungunya virus disease,0.700,High,Optimized Semantic Matching,2025-09-04
SD2009,Liver Disease - Kal Noi Primary,,Unknown,2C12.02,hepatocellular carcinoma of liver,0.700,High,Optimized Semantic Matching,2025-09-04
SD2010,Kidney Disease - Siruneer Noi,,Unknown,1D40,Chikungunya virus disease,0.700,High,Optimized Semantic Matching,2025-09-04
SD2011,Eye Disease - Kan Noi Vatham,,Unknown,1D40,Chikungunya virus disease,0.700,High,Optimized Semantic Matching,2025-09-04
SD2012,Ear Disease - Kadhu Noi Pitham,,Unknown,1D40,Chikungunya virus disease,0.700,High,Optimized Semantic Matching,2025-09-04
SD2013,Mental Disorder - Mana Noi Kabam,,Unknown,QA02.3,"observation for Suspected mental or behavioural disorders, ruled out",0.700,High,Optimized Semantic Matching,2025-09-04
SD2014,Blood Disease - Ratha Noi Chronic,,Unknown,1D40,Chikungunya virus disease,0.700,High,Optimized Semantic Matching,2025-09-04
SD2015,Bone Disease - Elumbu Noi Acute,,Unknown,2E82.0,Benign chondrogenic tumours of bone or articular cartilage of limbs,0.700,High,Optimized Semantic Matching,2025-09-04
SD2016,Paralysis - Pakka Vatham Primary,,Unknown,UNMAPPED,No suitable ICD-11 match found,0.000,No Match,Optimized Semantic Matching,2025-09-04
SD2017,Epilepsy - Vali Noi,,Unknown,UNMAPPED,No suitable ICD-11 match found,0.000,No Match,Optimized Semantic Matching,2025-09-04
SD2018,Diarrhea - Kallichal Vatham,,Unknown,UNMAPPED,No suitable ICD-11 match found,0.000,No Match,Optimized Semantic Matching,2025-09-04
SD2019,Cough - Irumal Kanam Pitham,,Unknown,MD12,cough,0.800,High,Optimized Semantic Matching,2025-09-04
SD2020,Cold - Sanni Kabam,,Unknown,UNMAPPED,No suitable ICD-11 match found,0.000,No Match,Optimized Semantic Matching,2025-09-04
SD2021,Fever - Suram Chronic,,Unknown,1D2Z,"Dengue fever, unspecified",0.700,High,Optimized Semantic Matching,2025-09-04
SD2022,Diabetes - Neerizhevu Acute,,Unknown,QA0A.10,special screening examination for diabetes mellitus,0.700,High,Optimized Semantic Matching,2025-09-04
SD2023,Hypertension - Ratha Azhutham Primary,,Unknown,UNMAPPED,No suitable ICD-11 match found,0.000,No Match,Optimized Semantic Matching,2025-09-04
SD2024,Arthritis - Keel Vayu,,Unknown,FA20,Rheumatoid arthritis,0.700,High,Optimized Semantic Matching,2025-09-04
SD2025,Asthma - Irumal Vatham,,Unknown,CA23,Asthma,0.800,High,Optimized Semantic Matching,2025-09-04
SD2026,Headache - Thalai Noi Pitham,,Unknown,JB0C.5,Spinal or epidural Anaesthesiainduced headache during labour or delivery,0.700,High,Optimized Semantic Matching,2025-09-04
SD2027,Gastritis - Gunmam Kabam,,Unknown,DA42,Gastritis,0.800,High,Optimized Semantic Matching,2025-09-04
SD2028,Skin Disease - Thole Noi Chronic,,Unknown,1D40,Chikungunya virus disease,0.700,High,Optimized Semantic Matching,2025-09-04
SD2029,Liver Disease - Kal Noi Acute,,Unknown,2C12.02,hepatocellular carcinoma of liver,0.700,High,Optimized Semantic Matching,2025-09-04
SD2030,Kidney Disease - Siruneer Noi Primary,,Unknown,1D40,Chikungunya virus disease,0.700,High,Optimized Semantic Matching,2025-09-04
SD2031,Eye Disease - Kan Noi,,Unknown,1D40,Chikungunya virus disease,0.700,High,Optimized Semantic Matching,2025-09-04
SD2032,Ear Disease - Kadhu Noi Vatham,,Unknown,1D40,Chikungunya virus disease,0.700,High,Optimized Semantic Matching,2025-09-04
SD2033,Mental Disorder - Mana Noi Pitham,,Unknown,QA02.3,"observation for Suspected mental or behavioural disorders, ruled out",0.700,High,Optimized Semantic Matching,2025-09-04
SD2034,Blood Disease - Ratha Noi Kabam,,Unknown,1D40,Chikungunya virus disease,0.700,High,Optimized Semantic Matching,2025-09-04
SD2035,Bone Disease - Elumbu Noi Chronic,,Unknown,2E82.0,Benign chondrogenic tumours of bone or articular cartilage of limbs,0.700,High,Optimized Semantic Matching,2025-09-04
SD2036,Paralysis - Pakka Vatham Acute,,Unknown,UNMAPPED,No suitable ICD-11 match found,0.000,No Match,Optimized Semantic Matching,2025-09-04
SD2037,Epilepsy - Vali Noi Primary,,Unknown,UNMAPPED,No suitable ICD-11 match found,0.000,No Match,Optimized Semantic Matching,2025-09-04
SD2038,Diarrhea - Kallichal,,Unknown,UNMAPPED,No suitable ICD-11 match found,0.000,No Match,Optimized Semantic Matching,2025-09-04
SD2039,Cough - Irumal Kanam Vatham,,Unknown,MD12,cough,0.800,High,Optimized Semantic Matching,2025-09-04
SD2040,Cold - Sanni Pitham,,Unknown,UNMAPPED,No suitable ICD-11 match found,0.000,No Match,Optimized Semantic Matching,2025-09-04
SD2041,Fever - Suram Kabam,,Unknown,1C30.2,Typhus fever due to Rickettsia typhi,0.700,High,Optimized Semantic Matching,2025-09-04
SD2042,Diabetes - Neerizhevu Chronic,,Unknown,QA0A.10,special screening examination for diabetes mellitus,0.700,High,Optimized Semantic Matching,2025-09-04
SD2043,Hypertension - Ratha Azhutham Acute,,Unknown,UNMAPPED,No suitable ICD-11 match found,0.000,No Match,Optimized Semantic Matching,2025-09-04
SD2044,Arthritis - Keel Vayu Primary,,Unknown,1F02.1,Rubella arthritis,0.700,High,Optimized Semantic Matching,2025-09-04
SD2045,Asthma - Irumal,,Unknown,CA23,Asthma,0.800,High,Optimized Semantic Matching,2025-09-04
SD2046,Headache - Thalai Noi Vatham,,Unknown,JB0C.5,Spinal or epidural Anaesthesiainduced headache during labour or delivery,0.700,High,Optimized Semantic Matching,2025-09-04
SD2047,Gastritis - Gunmam Pitham,,Unknown,DA42,Gastritis,0.800,High,Optimized Semantic Matching,2025-09-04
SD2048,Skin Disease - Thole Noi Kabam,,Unknown,1D40,Chikungunya virus disease,0.700,High,Optimized Semantic Matching,2025-09-04
SD2049,Liver Disease - Kal Noi Chronic,,Unknown,2C12.02,hepatocellular carcinoma of liver,0.700,High,Optimized Semantic Matching,2025-09-04
SD2050,Kidney Disease - Siruneer Noi Acute,,Unknown,1D40,Chikungunya virus disease,0.700,High,Optimized Semantic Matching,2025-09-04
SD2051,Eye Disease - Kan Noi Primary,,Unknown,1D40,Chikungunya virus disease,0.700,High,Optimized Semantic Matching,2025-09-04
SD2052,Ear Disease - Kadhu Noi,,Unknown,1D40,Chikungunya virus disease,0.700,High,Optimized Semantic Matching,2025-09-04
SD2053,Mental Disorder - Mana Noi Vatham,,Unknown,QA02.3,"observation for Suspected mental or behavioural disorders, ruled out",0.700,High,Optimized Semantic Matching,2025-09-04
SD2054,Blood Disease - Ratha Noi Pitham,,Unknown,1D40,Chikungunya virus disease,0.700,High,Optimized Semantic Matching,2025-09-04
SD2055,Bone Disease - Elumbu Noi Kabam,,Unknown,2E82.0,Benign chondrogenic tumours of bone or articular cartilage of limbs,0.700,High,Optimized Semantic Matching,2025-09-04
SD2056,Paralysis - Pakka Vatham Chronic,,Unknown,UNMAPPED,No suitable ICD-11 match found,0.000,No Match,Optimized Semantic Matching,2025-09-04
SD2057,Epilepsy - Vali Noi Acute,,Unknown,UNMAPPED,No suitable ICD-11 match found,0.000,No Match,Optimized Semantic Matching,2025-09-04
SD2058,Diarrhea - Kallichal Primary,,Unknown,UNMAPPED,No suitable ICD-11 match found,0.000,No Match,Optimized Semantic Matching,2025-09-04
SD2059,Cough - Irumal Kanam,,Unknown,MD12,cough,0.800,High,Optimized Semantic Matching,2025-09-04
SD2060,Cold - Sanni Vatham,,Unknown,UNMAPPED,No suitable ICD-11 match found,0.000,No Match,Optimized Semantic Matching,2025-09-04
SD2061,Fever - Suram Pitham,,Unknown,1C30.2,Typhus fever due to Rickettsia typhi,0.700,High,Optimized Semantic Matching,2025-09-04
SD2062,Diabetes - Neerizhevu Kabam,,Unknown,5A11,Type 2 diabetes mellitus,0.700,High,Optimized Semantic Matching,2025-09-04
SD2063,Hypertension - Ratha Azhutham Chronic,,Unknown,UNMAPPED,No suitable ICD-11 match found,0.000,No Match,Optimized Semantic Matching,2025-09-04
SD2064,Arthritis - Keel Vayu Acute,,Unknown,1B41.1Z,"Acute rheumatic endocarditis, unspecified",0.700,High,Optimized Semantic Matching,2025-09-04
SD2065,Asthma - Irumal Primary,,Unknown,CA23,Asthma,0.800,High,Optimized Semantic Matching,2025-09-04
SD2066,Headache - Thalai Noi,,Unknown,JB0C.5,Spinal or epidural Anaesthesiainduced headache during labour or delivery,0.700,High,Optimized Semantic Matching,2025-09-04
SD2067,Gastritis - Gunmam Vatham,,Unknown,DA42,Gastritis,0.800,High,Optimized Semantic Matching,2025-09-04
SD2068,Skin Disease - Thole Noi Pitham,,Unknown,1D40,Chikungunya virus disease,0.700,High,Optimized Semantic Matching,2025-09-04
SD2069,Liver Disease - Kal Noi Kabam,,Unknown,2C12.02,hepatocellular carcinoma of liver,0.700,High,Optimized Semantic Matching,2025-09-04
SD2070,Kidney Disease - Siruneer Noi Chronic,,Unknown,1D40,Chikungunya virus disease,0.700,High,Optimized Semantic Matching,2025-09-04
SD2071,Eye Disease - Kan Noi Acute,,Unknown,1D40,Chikungunya virus disease,0.700,High,Optimized Semantic Matching,2025-09-04
SD2072,Ear Disease - Kadhu Noi Primary,,Unknown,1D40,Chikungunya virus disease,0.700,High,Optimized Semantic Matching,2025-09-04
SD2073,Mental Disorder - Mana Noi,,Unknown,QA02.3,"observation for Suspected mental or behavioural disorders, ruled out",0.700,High,Optimized Semantic Matching,2025-09-04
SD2074,Blood Disease - Ratha Noi Vatham,,Unknown,1D40,Chikungunya virus disease,0.700,High,Optimized Semantic Matching,2025-09-04
SD2075,Bone Disease - Elumbu Noi Pitham,,Unknown,2E82.0,Benign chondrogenic tumours of bone or articular cartilage of limbs,0.700,High,Optimized Semantic Matching,2025-09-04
SD2076,Paralysis - Pakka Vatham Kabam,,Unknown,UNMAPPED,No suitable ICD-11 match found,0.000,No Match,Optimized Semantic Matching,2025-09-04
SD2077,Epilepsy - Vali Noi Chronic,,Unknown,UNMAPPED,No suitable ICD-11 match found,0.000,No Match,Optimized Semantic Matching,2025-09-04
SD2078,Diarrhea - Kallichal Acute,,Unknown,UNMAPPED,No suitable ICD-11 match found,0.000,No Match,Optimized Semantic Matching,2025-09-04
SD2079,Cough - Irumal Kanam Primary,,Unknown,MD12,cough,0.800,High,Optimized Semantic Matching,2025-09-04
SD2080,Cold - Sanni,,Unknown,UNMAPPED,No suitable ICD-11 match found,0.000,No Match,Optimized Semantic Matching,2025-09-04
SD2081,Fever - Suram Vatham,,Unknown,1C30.2,Typhus fever due to Rickettsia typhi,0.700,High,Optimized Semantic Matching,2025-09-04
SD2082,Diabetes - Neerizhevu Pitham,,Unknown,5A11,Type 2 diabetes mellitus,0.700,High,Optimized Semantic Matching,2025-09-04
SD2083,Hypertension - Ratha Azhutham Kabam,,Unknown,UNMAPPED,No suitable ICD-11 match found,0.000,No Match,Optimized Semantic Matching,2025-09-04
SD2084,Arthritis - Keel Vayu Chronic,,Unknown,2A81.7,Diffuse large Bcell lymphoma associated with Chronic inflammation,0.700,High,Optimized Semantic Matching,2025-09-04
SD2085,Asthma - Irumal Acute,,Unknown,CA23,Asthma,0.800,High,Optimized Semantic Matching,2025-09-04
SD2086,Headache - Thalai Noi Primary,,Unknown,8A81,TensionType headache,0.700,High,Optimized Semantic Matching,2025-09-04
SD2087,Gastritis - Gunmam,,Unknown,DA42,Gastritis,0.800,High,Optimized Semantic Matching,2025-09-04
SD2088,Skin Disease - Thole Noi Vatham,,Unknown,1D40,Chikungunya virus disease,0.700,High,Optimized Semantic Matching,2025-09-04
SD2089,Liver Disease - Kal Noi Pitham,,Unknown,2C12.02,hepatocellular carcinoma of liver,0.700,High,Optimized Semantic Matching,2025-09-04
SD2090,Kidney Disease - Siruneer Noi Kabam,,Unknown,1D40,Chikungunya virus disease,0.700,High,Optimized Semantic Matching,2025-09-04
SD2091,Eye Disease - Kan Noi Chronic,,Unknown,1D40,Chikungunya virus disease,0.700,High,Optimized Semantic Matching,2025-09-04
SD2092,Ear Disease - Kadhu Noi Acute,,Unknown,1D40,Chikungunya virus disease,0.700,High,Optimized Semantic Matching,2025-09-04
SD2093,Mental Disorder - Mana Noi Primary,,Unknown,QA02.3,"observation for Suspected mental or behavioural disorders, ruled out",0.700,High,Optimized Semantic Matching,2025-09-04
SD2094,Blood Disease - Ratha Noi,,Unknown,1D40,Chikungunya virus disease,0.700,High,Optimized Semantic Matching,2025-09-04
SD2095,Bone Disease - Elumbu Noi Vatham,,Unknown,2E82.0,Benign chondrogenic tumours of bone or articular cartilage of limbs,0.700,High,Optimized Semantic Matching,2025-09-04
SD2096,Paralysis - Pakka Vatham Pitham,,Unknown,UNMAPPED,No suitable ICD-11 match found,0.000,No Match,Optimized Semantic Matching,2025-09-04
SD2097,Epilepsy - Vali Noi Kabam,,Unknown,UNMAPPED,No suitable ICD-11 match found,0.000,No Match,Optimized Semantic Matching,2025-09-04
SD2098,Diarrhea - Kallichal Chronic,,Unknown,UNMAPPED,No suitable ICD-11 match found,0.000,No Match,Optimized Semantic Matching,2025-09-04
SD2099,Cough - Irumal Kanam Acute,,Unknown,MD12,cough,0.800,High,Optimized Semantic Matching,2025-09-04
SD2100,Cold - Sanni Primary,,Unknown,UNMAPPED,No suitable ICD-11 match found,0.000,No Match,Optimized Semantic Matching,2025-09-04
SD2101,Fever - Suram,,Unknown,1C30.2,Typhus fever due to Rickettsia typhi,0.700,High,Optimized Semantic Matching,2025-09-04
SD2102,Diabetes - Neerizhevu Vatham,,Unknown,5A11,Type 2 diabetes mellitus,0.700,High,Optimized Semantic Matching,2025-09-04
SD2103,Hypertension - Ratha Azhutham Pitham,,Unknown,UNMAPPED,No suitable ICD-11 match found,0.000,No Match,Optimized Semantic Matching,2025-09-04
SD2104,Arthritis - Keel Vayu Kabam,,Unknown,FA20,Rheumatoid arthritis,0.700,High,Optimized Semantic Matching,2025-09-04
SD2105,Asthma - Irumal Chronic,,Unknown,CA23,Asthma,0.800,High,Optimized Semantic Matching,2025-09-04
SD2106,Headache - Thalai Noi Acute,,Unknown,8A81,TensionType headache,0.700,High,Optimized Semantic Matching,2025-09-04
SD2107,Gastritis - Gunmam Primary,,Unknown,DA42,Gastritis,0.800,High,Optimized Semantic Matching,2025-09-04
SD2108,Skin Disease - Thole Noi,,Unknown,1D40,Chikungunya virus disease,0.700,High,Optimized Semantic Matching,2025-09-04
SD2109,Liver Disease - Kal Noi Vatham,,Unknown,2C12.02,hepatocellular carcinoma of liver,0.700,High,Optimized Semantic Matching,2025-09-04
SD2110,Kidney Disease - Siruneer Noi Pitham,,Unknown,1D40,Chikungunya virus disease,0.700,High,Optimized Semantic Matching,2025-09-04
SD2111,Eye Disease - Kan Noi Kabam,,Unknown,1D40,Chikungunya virus disease,0.700,High,Optimized Semantic Matching,2025-09-04
SD2112,Ear Disease - Kadhu Noi Chronic,,Unknown,1D40,Chikungunya virus disease,0.700,High,Optimized Semantic Matching,2025-09-04
SD2113,Mental Disorder - Mana Noi Acute,,Unknown,QA02.3,"observation for Suspected mental or behavioural disorders, ruled out",0.700,High,Optimized Semantic Matching,2025-09-04
SD2114,Blood Disease - Ratha Noi Primary,,Unknown,1D40,Chikungunya virus disease,0.700,High,Optimized Semantic Matching,2025-09-04
SD2115,Bone Disease - Elumbu Noi,,Unknown,2E82.0,Benign chondrogenic tumours of bone or articular cartilage of limbs,0.700,High,Optimized Semantic Matching,2025-09-04
SD2116,Paralysis - Pakka Vatham Vatham,,Unknown,UNMAPPED,No suitable ICD-11 match found,0.000,No Match,Optimized Semantic Matching,2025-09-04
SD2117,Epilepsy - Vali Noi Pitham,,Unknown,UNMAPPED,No suitable ICD-11 match found,0.000,No Match,Optimized Semantic Matching,2025-09-04
SD2118,Diarrhea - Kallichal Kabam,,Unknown,UNMAPPED,No suitable ICD-11 match found,0.000,No Match,Optimized Semantic Matching,2025-09-04
SD2119,Cough - Irumal Kanam Chronic,,Unknown,MD12,cough,0.800,High,Optimized Semantic Matching,2025-09-04
SD2120,Cold - Sanni Acute,,Unknown,UNMAPPED,No suitable ICD-11 match found,0.000,No Match,Optimized Semantic Matching,2025-09-04
SD2121,Fever - Suram Primary,,Unknown,1D2Z,"Dengue fever, unspecified",0.700,High,Optimized Semantic Matching,2025-09-04
SD2122,Diabetes - Neerizhevu,,Unknown,5A11,Type 2 diabetes mellitus,0.700,High,Optimized Semantic Matching,2025-09-04
SD2123,Hypertension - Ratha Azhutham Vatham,,Unknown,UNMAPPED,No suitable ICD-11 match found,0.000,No Match,Optimized Semantic Matching,2025-09-04
SD2124,Arthritis - Keel Vayu Pitham,,Unknown,FA20,Rheumatoid arthritis,0.700,High,Optimized Semantic Matching,2025-09-04
SD2125,Asthma - Irumal Kabam,,Unknown,CA23,Asthma,0.800,High,Optimized Semantic Matching,2025-09-04
SD2126,Headache - Thalai Noi Chronic,,Unknown,8A81,TensionType headache,0.700,High,Optimized Semantic Matching,2025-09-04
SD2127,Gastritis - Gunmam Acute,,Unknown,DA42,Gastritis,0.800,High,Optimized Semantic Matching,2025-09-04
SD2128,Skin Disease - Thole Noi Primary,,Unknown,1D40,Chikungunya virus disease,0.700,High,Optimized Semantic Matching,2025-09-04
SD2129,Liver Disease - Kal Noi,,Unknown,2C12.02,hepatocellular carcinoma of liver,0.700,High,Optimized Semantic Matching,2025-09-04
SD2130,Kidney Disease - Siruneer Noi Vatham,,Unknown,1D40,Chikungunya virus disease,0.700,High,Optimized Semantic Matching,2025-09-04
SD2131,Eye Disease - Kan Noi Pitham,,Unknown,1D40,Chikungunya virus disease,0.700,High,Optimized Semantic Matching,2025-09-04
SD2132,Ear Disease - Kadhu Noi Kabam,,Unknown,1D40,Chikungunya virus disease,0.700,High,Optimized Semantic Matching,2025-09-04
SD2133,Mental Disorder - Mana Noi Chronic,,Unknown,QA02.3,"observation for Suspected mental or behavioural disorders, ruled out",0.700,High,Optimized Semantic Matching,2025-09-04
SD2134,Blood Disease - Ratha Noi Acute,,Unknown,1D40,Chikungunya virus disease,0.700,High,Optimized Semantic Matching,2025-09-04
SD2135,Bone Disease - Elumbu Noi Primary,,Unknown,2E82.0,Benign chondrogenic tumours of bone or articular cartilage of limbs,0.700,High,Optimized Semantic Matching,2025-09-04
SD2136,Paralysis - Pakka Vatham,,Unknown,UNMAPPED,No suitable ICD-11 match found,0.000,No Match,Optimized Semantic Matching,2025-09-04
SD2137,Epilepsy - Vali Noi Vatham,,Unknown,UNMAPPED,No suitable ICD-11 match found,0.000,No Match,Optimized Semantic Matching,2025-09-04
SD2138,Diarrhea - Kallichal Pitham,,Unknown,UNMAPPED,No suitable ICD-11 match found,0.000,No Match,Optimized Semantic Matching,2025-09-04
SD2139,Cough - Irumal Kanam Kabam,,Unknown,MD12,cough,0.800,High,Optimized Semantic Matching,2025-09-04
SD2140,Cold - Sanni Chronic,,Unknown,UNMAPPED,No suitable ICD-11 match found,0.000,No Match,Optimized Semantic Matching,2025-09-04
SD2141,Fever - Suram Acute,,Unknown,1D2Z,"Dengue fever, unspecified",0.700,High,Optimized Semantic Matching,2025-09-04
SD2142,Diabetes - Neerizhevu Primary,,Unknown,QA0A.10,special screening examination for diabetes mellitus,0.700,High,Optimized Semantic Matching,2025-09-04
SD2143,Hypertension - Ratha Azhutham,,Unknown,UNMAPPED,No suitable ICD-11 match found,0.000,No Match,Optimized Semantic Matching,2025-09-04
SD2144,Arthritis - Keel Vayu Vatham,,Unknown,FA20,Rheumatoid arthritis,0.700,High,Optimized Semantic Matching,2025-09-04
SD2145,Asthma - Irumal Pitham,,Unknown,CA23,Asthma,0.800,High,Optimized Semantic Matching,2025-09-04
SD2146,Headache - Thalai Noi Kabam,,Unknown,JB0C.5,Spinal or epidural Anaesthesiainduced headache during labour or delivery,0.700,High,Optimized Semantic Matching,2025-09-04
SD2147,Gastritis - Gunmam Chronic,,Unknown,DA42,Gastritis,0.800,High,Optimized Semantic Matching,2025-09-04
SD2148,Skin Disease - Thole Noi Acute,,Unknown,1D40,Chikungunya virus disease,0.700,High,Optimized Semantic Matching,2025-09-04
SD2149,Liver Disease - Kal Noi Primary,,Unknown,2C12.02,hepatocellular carcinoma of liver,0.700,High,Optimized Semantic Matching,2025-09-04
SD2150,Kidney Disease - Siruneer Noi,,Unknown,1D40,Chikungunya virus disease,0.700,High,Optimized Semantic Matching,2025-09-04
SD2151,Eye Disease - Kan Noi Vatham,,Unknown,1D40,Chikungunya virus disease,0.700,High,Optimized Semantic Matching,2025-09-04
SD2152,Ear Disease - Kadhu Noi Pitham,,Unknown,1D40,Chikungunya virus disease,0.700,High,Optimized Semantic Matching,2025-09-04
SD2153,Mental Disorder - Mana Noi Kabam,,Unknown,QA02.3,"observation for Suspected mental or behavioural disorders, ruled out",0.700,High,Optimized Semantic Matching,2025-09-04
SD2154,Blood Disease - Ratha Noi Chronic,,Unknown,1D40,Chikungunya virus disease,0.700,High,Optimized Semantic Matching,2025-09-04
SD2155,Bone Disease - Elumbu Noi Acute,,Unknown,2E82.0,Benign chondrogenic tumours of bone or articular cartilage of limbs,0.700,High,Optimized Semantic Matching,2025-09-04
SD2156,Paralysis - Pakka Vatham Primary,,Unknown,UNMAPPED,No suitable ICD-11 match found,0.000,No Match,Optimized Semantic Matching,2025-09-04
UN0001,Fever - Humma,,Unknown,1C30.2,Typhus fever due to Rickettsia typhi,0.700,High,Optimized Semantic Matching,2025-09-04
UN0002,Diabetes - Ziabetus Har,,Unknown,5A11,Type 2 diabetes mellitus,0.700,High,Optimized Semantic Matching,2025-09-04
UN0003,Hypertension - Zarabet Dam Barid,,Unknown,UNMAPPED,No suitable ICD-11 match found,0.000,No Match,Optimized Semantic Matching,2025-09-04
UN0004,Arthritis - Waja ul Mafasil Ratab,,Unknown,FA20,Rheumatoid arthritis,0.700,High,Optimized Semantic Matching,2025-09-04
UN0005,Asthma - Raboo Yabis,,Unknown,CA23,Asthma,0.800,High,Optimized Semantic Matching,2025-09-04
UN0006,Migraine - Shaqeeqa Chronic,,Unknown,8A80,Migraine,0.800,High,Optimized Semantic Matching,2025-09-04
UN0007,Depression - Sawda Acute,,Unknown,UNMAPPED,No suitable ICD-11 match found,0.000,No Match,Optimized Semantic Matching,2025-09-04
UN0008,Gastritis - Waram-e-Meda,,Unknown,DA42,Gastritis,0.800,High,Optimized Semantic Matching,2025-09-04
UN0009,Insomnia - Sahr Har,,Unknown,UNMAPPED,No suitable ICD-11 match found,0.000,No Match,Optimized Semantic Matching,2025-09-04
UN0010,Constipation - Qabz Barid,,Unknown,ME05.0,constipation,0.800,High,Optimized Semantic Matching,2025-09-04
UN0011,Obesity - Siman-e-Mufrat Ratab,,Unknown,5B81,Obesity,0.800,High,Optimized Semantic Matching,2025-09-04
UN0012,Anemia - Faqr ud Dam Yabis,,Unknown,UNMAPPED,No suitable ICD-11 match found,0.000,No Match,Optimized Semantic Matching,2025-09-04
UN0013,Skin Disease - Amraz-e-Jild Chronic,,Unknown,1D40,Chikungunya virus disease,0.700,High,Optimized Semantic Matching,2025-09-04
UN0014,Liver Disease - Amraz-e-Jigar Acute,,Unknown,2C12.02,hepatocellular carcinoma of liver,0.700,High,Optimized Semantic Matching,2025-09-04
UN0015,Kidney Disease - Amraz-e-Kulya,,Unknown,1D40,Chikungunya virus disease,0.700,High,Optimized Semantic Matching,2025-09-04
UN0016,Paralysis - Falij Har,,Unknown,UNMAPPED,No suitable ICD-11 match found,0.000,No Match,Optimized Semantic Matching,2025-09-04
UN0017,Epilepsy - Sara Barid,,Unknown,UNMAPPED,No suitable ICD-11 match found,0.000,No Match,Optimized Semantic Matching,2025-09-04
UN0018,Diarrhea - Ishal Ratab,,Unknown,UNMAPPED,No suitable ICD-11 match found,0.000,No Match,Optimized Semantic Matching,2025-09-04
UN0019,Cough - Sual Yabis,,Unknown,MD12,cough,0.800,High,Optimized Semantic Matching,2025-09-04
UN0020,Cold - Nazla Chronic,,Unknown,UNMAPPED,No suitable ICD-11 match found,0.000,No Match,Optimized Semantic Matching,2025-09-04
UN0021,Fever - Humma Acute,,Unknown,1D2Z,"Dengue fever, unspecified",0.700,High,Optimized Semantic Matching,2025-09-04
UN0022,Diabetes - Ziabetus,,Unknown,5A11,Type 2 diabetes mellitus,0.700,High,Optimized Semantic Matching,2025-09-04
UN0023,Hypertension - Zarabet Dam Har,,Unknown,UNMAPPED,No suitable ICD-11 match found,0.000,No Match,Optimized Semantic Matching,2025-09-04
UN0024,Arthritis - Waja ul Mafasil Barid,,Unknown,FA20,Rheumatoid arthritis,0.700,High,Optimized Semantic Matching,2025-09-04
UN0025,Asthma - Raboo Ratab,,Unknown,CA23,Asthma,0.800,High,Optimized Semantic Matching,2025-09-04
UN0026,Migraine - Shaqeeqa Yabis,,Unknown,8A80,Migraine,0.800,High,Optimized Semantic Matching,2025-09-04
UN0027,Depression - Sawda Chronic,,Unknown,UNMAPPED,No suitable ICD-11 match found,0.000,No Match,Optimized Semantic Matching,2025-09-04
UN0028,Gastritis - Waram-e-Meda Acute,,Unknown,DA42,Gastritis,0.800,High,Optimized Semantic Matching,2025-09-04
UN0029,Insomnia - Sahr,,Unknown,UNMAPPED,No suitable ICD-11 match found,0.000,No Match,Optimized Semantic Matching,2025-09-04
UN0030,Constipation - Qabz Har,,Unknown,ME05.0,constipation,0.800,High,Optimized Semantic Matching,2025-09-04
UN0031,Obesity - Siman-e-Mufrat Barid,,Unknown,5B81,Obesity,0.800,High,Optimized Semantic Matching,2025-09-04
UN0032,Anemia - Faqr ud Dam Ratab,,Unknown,UNMAPPED,No suitable ICD-11 match found,0.000,No Match,Optimized Semantic Matching,2025-09-04
UN0033,Skin Disease - Amraz-e-Jild Yabis,,Unknown,1D40,Chikungunya virus disease,0.700,High,Optimized Semantic Matching,2025-09-04
UN0034,Liver Disease - Amraz-e-Jigar Chronic,,Unknown,2C12.02,hepatocellular carcinoma of liver,0.700,High,Optimized Semantic Matching,2025-09-04
UN0035,Kidney Disease - Amraz-e-Kulya Acute,,Unknown,1D40,Chikungunya virus disease,0.700,High,Optimized Semantic Matching,2025-09-04
UN0036,Paralysis - Falij,,Unknown,UNMAPPED,No suitable ICD-11 match found,0.000,No Match,Optimized Semantic Matching,2025-09-04
UN0037,Epilepsy - Sara Har,,Unknown,UNMAPPED,No suitable ICD-11 match found,0.000,No Match,Optimized Semantic Matching,2025-09-04
UN0038,Diarrhea - Ishal Barid,,Unknown,UNMAPPED,No suitable ICD-11 match found,0.000,No Match,Optimized Semantic Matching,2025-09-04
UN0039,Cough - Sual Ratab,,Unknown,MD12,cough,0.800,High,Optimized Semantic Matching,2025-09-04
UN0040,Cold - Nazla Yabis,,Unknown,UNMAPPED,No suitable ICD-11 match found,0.000,No Match,Optimized Semantic Matching,2025-09-04
UN0041,Fever - Humma Chronic,,Unknown,1D2Z,"Dengue fever, unspecified",0.700,High,Optimized Semantic Matching,2025-09-04
UN0042,Diabetes - Ziabetus Acute,,Unknown,QA0A.10,special screening examination for diabetes mellitus,0.700,High,Optimized Semantic Matching,2025-09-04
UN0043,Hypertension - Zarabet Dam,,Unknown,UNMAPPED,No suitable ICD-11 match found,0.000,No Match,Optimized Semantic Matching,2025-09-04
UN0044,Arthritis - Waja ul Mafasil Har,,Unknown,FA20,Rheumatoid arthritis,0.700,High,Optimized Semantic Matching,2025-09-04
UN0045,Asthma - Raboo Barid,,Unknown,CA23,Asthma,0.800,High,Optimized Semantic Matching,2025-09-04
UN0046,Migraine - Shaqeeqa Ratab,,Unknown,8A80,Migraine,0.800,High,Optimized Semantic Matching,2025-09-04
UN0047,Depression - Sawda Yabis,,Unknown,UNMAPPED,No suitable ICD-11 match found,0.000,No Match,Optimized Semantic Matching,2025-09-04
UN0048,Gastritis - Waram-e-Meda Chronic,,Unknown,DA42,Gastritis,0.800,High,Optimized Semantic Matching,2025-09-04
UN0049,Insomnia - Sahr Acute,,Unknown,UNMAPPED,No suitable ICD-11 match found,0.000,No Match,Optimized Semantic Matching,2025-09-04
UN0050,Constipation - Qabz,,Unknown,ME05.0,constipation,0.800,High,Optimized Semantic Matching,2025-09-04
UN0051,Obesity - Siman-e-Mufrat Har,,Unknown,5B81,Obesity,0.800,High,Optimized Semantic Matching,2025-09-04
UN0052,Anemia - Faqr ud Dam Barid,,Unknown,UNMAPPED,No suitable ICD-11 match found,0.000,No Match,Optimized Semantic Matching,2025-09-04
UN0053,Skin Disease - Amraz-e-Jild Ratab,,Unknown,1D40,Chikungunya virus disease,0.700,High,Optimized Semantic Matching,2025-09-04
UN0054,Liver Disease - Amraz-e-Jigar Yabis,,Unknown,2C12.02,hepatocellular carcinoma of liver,0.700,High,Optimized Semantic Matching,2025-09-04
UN0055,Kidney Disease - Amraz-e-Kulya Chronic,,Unknown,1D40,Chikungunya virus disease,0.700,High,Optimized Semantic Matching,2025-09-04
UN0056,Paralysis - Falij Acute,,Unknown,UNMAPPED,No suitable ICD-11 match found,0.000,No Match,Optimized Semantic Matching,2025-09-04
UN0057,Epilepsy - Sara,,Unknown,UNMAPPED,No suitable ICD-11 match found,0.000,No Match,Optimized Semantic Matching,2025-09-04
UN0058,Diarrhea - Ishal Har,,Unknown,UNMAPPED,No suitable ICD-11 match found,0.000,No Match,Optimized Semantic Matching,2025-09-04
UN0059,Cough - Sual Barid,,Unknown,MD12,cough,0.800,High,Optimized Semantic Matching,2025-09-04
UN0060,Cold - Nazla Ratab,,Unknown,UNMAPPED,No suitable ICD-11 match found,0.000,No Match,Optimized Semantic Matching,2025-09-04
UN0061,Fever - Humma Yabis,,Unknown,1C30.2,Typhus fever due to Rickettsia typhi,0.700,High,Optimized Semantic Matching,2025-09-04
UN0062,Diabetes - Ziabetus Chronic,,Unknown,QA0A.10,special screening examination for diabetes mellitus,0.700,High,Optimized Semantic Matching,2025-09-04
UN0063,Hypertension - Zarabet Dam Acute,,Unknown,UNMAPPED,No suitable ICD-11 match found,0.000,No Match,Optimized Semantic Matching,2025-09-04
UN0064,Arthritis - Waja ul Mafasil,,Unknown,FA20,Rheumatoid arthritis,0.700,High,Optimized Semantic Matching,2025-09-04
UN0065,Asthma - Raboo Har,,Unknown,CA23,Asthma,0.800,High,Optimized Semantic Matching,2025-09-04
UN0066,Migraine - Shaqeeqa Barid,,Unknown,8A80,Migraine,0.800,High,Optimized Semantic Matching,2025-09-04
UN0067,Depression - Sawda Ratab,,Unknown,UNMAPPED,No suitable ICD-11 match found,0.000,No Match,Optimized Semantic Matching,2025-09-04
UN0068,Gastritis - Waram-e-Meda Yabis,,Unknown,DA42,Gastritis,0.800,High,Optimized Semantic Matching,2025-09-04
UN0069,Insomnia - Sahr Chronic,,Unknown,7A00,Chronic insomnia,0.400,Low,Optimized Semantic Matching,2025-09-04
UN0070,Constipation - Qabz Acute,,Unknown,ME05.0,constipation,0.800,High,Optimized Semantic Matching,2025-09-04
UN0071,Obesity - Siman-e-Mufrat,,Unknown,5B81,Obesity,0.800,High,Optimized Semantic Matching,2025-09-04
UN0072,Anemia - Faqr ud Dam Har,,Unknown,UNMAPPED,No suitable ICD-11 match found,0.000,No Match,Optimized Semantic Matching,2025-09-04
UN0073,Skin Disease - Amraz-e-Jild Barid,,Unknown,1D40,Chikungunya virus disease,0.700,High,Optimized Semantic Matching,2025-09-04
UN0074,Liver Disease - Amraz-e-Jigar Ratab,,Unknown,2C12.02,hepatocellular carcinoma of liver,0.700,High,Optimized Semantic Matching,2025-09-04
UN0075,Kidney Disease - Amraz-e-Kulya Yabis,,Unknown,1D40,Chikungunya virus disease,0.700,High,Optimized Semantic Matching,2025-09-04
UN0076,Paralysis - Falij Chronic,,Unknown,UNMAPPED,No suitable ICD-11 match found,0.000,No Match,Optimized Semantic Matching,2025-09-04
UN0077,Epilepsy - Sara Acute,,Unknown,UNMAPPED,No suitable ICD-11 match found,0.000,No Match,Optimized Semantic Matching,2025-09-04
UN0078,Diarrhea - Ishal,,Unknown,UNMAPPED,No suitable ICD-11 match found,0.000,No Match,Optimized Semantic Matching,2025-09-04
UN0079,Cough - Sual Har,,Unknown,MD12,cough,0.800,High,Optimized Semantic Matching,2025-09-04
UN0080,Cold - Nazla Barid,,Unknown,UNMAPPED,No suitable ICD-11 match found,0.000,No Match,Optimized Semantic Matching,2025-09-04
UN0081,Fever - Humma Ratab,,Unknown,1C30.2,Typhus fever due to Rickettsia typhi,0.700,High,Optimized Semantic Matching,2025-09-04
UN0082,Diabetes - Ziabetus Yabis,,Unknown,5A11,Type 2 diabetes mellitus,0.700,High,Optimized Semantic Matching,2025-09-04
UN0083,Hypertension - Zarabet Dam Chronic,,Unknown,UNMAPPED,No suitable ICD-11 match found,0.000,No Match,Optimized Semantic Matching,2025-09-04
UN0084,Arthritis - Waja ul Mafasil Acute,,Unknown,1B41.1Z,"Acute rheumatic endocarditis, unspecified",0.700,High,Optimized Semantic Matching,2025-09-04
UN0085,Asthma - Raboo,,Unknown,CA23,Asthma,0.800,High,Optimized Semantic Matching,2025-09-04
UN0086,Migraine - Shaqeeqa Har,,Unknown,8A80,Migraine,0.800,High,Optimized Semantic Matching,2025-09-04
UN0087,Depression - Sawda Barid,,Unknown,UNMAPPED,No suitable ICD-11 match found,0.000,No Match,Optimized Semantic Matching,2025-09-04
UN0088,Gastritis - Waram-e-Meda Ratab,,Unknown,DA42,Gastritis,0.800,High,Optimized Semantic Matching,2025-09-04
UN0089,Insomnia - Sahr Yabis,,Unknown,UNMAPPED,No suitable ICD-11 match found,0.000,No Match,Optimized Semantic Matching,2025-09-04
UN0090,Constipation - Qabz Chronic,,Unknown,ME05.0,constipation,0.800,High,Optimized Semantic Matching,2025-09-04
UN0091,Obesity - Siman-e-Mufrat Acute,,Unknown,5B81,Obesity,0.800,High,Optimized Semantic Matching,2025-09-04
UN0092,Anemia - Faqr ud Dam,,Unknown,UNMAPPED,No suitable ICD-11 match found,0.000,No Match,Optimized Semantic Matching,2025-09-04
UN0093,Skin Disease - Amraz-e-Jild Har,,Unknown,1D40,Chikungunya virus disease,0.700,High,Optimized Semantic Matching,2025-09-04
UN0094,Liver Disease - Amraz-e-Jigar Barid,,Unknown,2C12.02,hepatocellular carcinoma of liver,0.700,High,Optimized Semantic Matching,2025-09-04
UN0095,Kidney Disease - Amraz-e-Kulya Ratab,,Unknown,1D40,Chikungunya virus disease,0.700,High,Optimized Semantic Matching,2025-09-04
UN0096,Paralysis - Falij Yabis,,Unknown,UNMAPPED,No suitable ICD-11 match found,0.000,No Match,Optimized Semantic Matching,2025-09-04
UN0097,Epilepsy - Sara Chronic,,Unknown,UNMAPPED,No suitable ICD-11 match found,0.000,No Match,Optimized Semantic Matching,2025-09-04
UN0098,Diarrhea - Ishal Acute,,Unknown,UNMAPPED,No suitable ICD-11 match found,0.000,No Match,Optimized Semantic Matching,2025-09-04
UN0099,Cough - Sual,,Unknown,MD12,cough,0.800,High,Optimized Semantic Matching,2025-09-04
UN0100,Cold - Nazla Har,,Unknown,UNMAPPED,No suitable ICD-11 match found,0.000,No Match,Optimized Semantic Matching,2025-09-04
UN0101,Fever - Humma Barid,,Unknown,1C30.2,Typhus fever due to Rickettsia typhi,0.700,High,Optimized Semantic Matching,2025-09-04
UN0102,Diabetes - Ziabetus Ratab,,Unknown,5A11,Type 2 diabetes mellitus,0.700,High,Optimized Semantic Matching,2025-09-04
UN0103,Hypertension - Zarabet Dam Yabis,,Unknown,UNMAPPED,No suitable ICD-11 match found,0.000,No Match,Optimized Semantic Matching,2025-09-04
UN0104,Arthritis - Waja ul Mafasil Chronic,,Unknown,2A81.7,Diffuse large Bcell lymphoma associated with Chronic inflammation,0.700,High,Optimized Semantic Matching,2025-09-04
UN0105,Asthma - Raboo Acute,,Unknown,CA23,Asthma,0.800,High,Optimized Semantic Matching,2025-09-04
UN0106,Migraine - Shaqeeqa,,Unknown,8A80,Migraine,0.800,High,Optimized Semantic Matching,2025-09-04
UN0107,Depression - Sawda Har,,Unknown,UNMAPPED,No suitable ICD-11 match found,0.000,No Match,Optimized Semantic Matching,2025-09-04
UN0108,Gastritis - Waram-e-Meda Barid,,Unknown,DA42,Gastritis,0.800,High,Optimized Semantic Matching,2025-09-04
UN0109,Insomnia - Sahr Ratab,,Unknown,UNMAPPED,No suitable ICD-11 match found,0.000,No Match,Optimized Semantic Matching,2025-09-04
UN0110,Constipation - Qabz Yabis,,Unknown,ME05.0,constipation,0.800,High,Optimized Semantic Matching,2025-09-04
UN0111,Obesity - Siman-e-Mufrat Chronic,,Unknown,5B81,Obesity,0.800,High,Optimized Semantic Matching,2025-09-04
UN0112,Anemia - Faqr ud Dam Acute,,Unknown,UNMAPPED,No suitable ICD-11 match found,0.000,No Match,Optimized Semantic Matching,2025-09-04
UN0113,Skin Disease - Amraz-e-Jild,,Unknown,1D40,Chikungunya virus disease,0.700,High,Optimized Semantic Matching,2025-09-04
UN0114,Liver Disease - Amraz-e-Jigar Har,,Unknown,2C12.02,hepatocellular carcinoma of liver,0.700,High,Optimized Semantic Matching,2025-09-04
UN0115,Kidney Disease - Amraz-e-Kulya Barid,,Unknown,1D40,Chikungunya virus disease,0.700,High,Optimized Semantic Matching,2025-09-04
UN0116,Paralysis - Falij Ratab,,Unknown,UNMAPPED,No suitable ICD-11 match found,0.000,No Match,Optimized Semantic Matching,2025-09-04
UN0117,Epilepsy - Sara Yabis,,Unknown,UNMAPPED,No suitable ICD-11 match found,0.000,No Match,Optimized Semantic Matching,2025-09-04
UN0118,Diarrhea - Ishal Chronic,,Unknown,UNMAPPED,No suitable ICD-11 match found,0.000,No Match,Optimized Semantic Matching,2025-09-04
UN0119,Cough - Sual Acute,,Unknown,MD12,cough,0.800,High,Optimized Semantic Matching,2025-09-04
UN0120,Cold - Nazla,,Unknown,UNMAPPED,No suitable ICD-11 match found,0.000,No Match,Optimized Semantic Matching,2025-09-04
UN0121,Fever - Humma Har,,Unknown,1C30.2,Typhus fever due to Rickettsia typhi,0.700,High,Optimized Semantic Matching,2025-09-04
UN0122,Diabetes - Ziabetus Barid,,Unknown,5A11,Type 2 diabetes mellitus,0.700,High,Optimized Semantic Matching,2025-09-04
UN0123,Hypertension - Zarabet Dam Ratab,,Unknown,UNMAPPED,No suitable ICD-11 match found,0.000,No Match,Optimized Semantic Matching,2025-09-04
UN0124,Arthritis - Waja ul Mafasil Yabis,,Unknown,FA20,Rheumatoid arthritis,0.700,High,Optimized Semantic Matching,2025-09-04
UN0125,Asthma - Raboo Chronic,,Unknown,CA23,Asthma,0.800,High,Optimized Semantic Matching,2025-09-04
UN0126,Migraine - Shaqeeqa Acute,,Unknown,8A80,Migraine,0.800,High,Optimized Semantic Matching,2025-09-04
UN0127,Depression - Sawda,,Unknown,UNMAPPED,No suitable ICD-11 match found,0.000,No Match,Optimized Semantic Matching,2025-09-04
UN0128,Gastritis - Waram-e-Meda Har,,Unknown,DA42,Gastritis,0.800,High,Optimized Semantic Matching,2025-09-04
UN0129,Insomnia - Sahr Barid,,Unknown,UNMAPPED,No suitable ICD-11 match found,0.000,No Match,Optimized Semantic Matching,2025-09-04
UN0130,Constipation - Qabz Ratab,,Unknown,ME05.0,constipation,0.800,High,Optimized Semantic Matching,2025-09-04
UN0131,Obesity - Siman-e-Mufrat Yabis,,Unknown,5B81,Obesity,0.800,High,Optimized Semantic Matching,2025-09-04
UN0132,Anemia - Faqr ud Dam Chronic,,Unknown,UNMAPPED,No suitable ICD-11 match found,0.000,No Match,Optimized Semantic Matching,2025-09-04
UN0133,Skin Disease - Amraz-e-Jild Acute,,Unknown,1D40,Chikungunya virus disease,0.700,High,Optimized Semantic Matching,2025-09-04
UN0134,Liver Disease - Amraz-e-Jigar,,Unknown,2C12.02,hepatocellular carcinoma of liver,0.700,High,Optimized Semantic Matching,2025-09-04
UN0135,Kidney Disease - Amraz-e-Kulya Har,,Unknown,1D40,Chikungunya virus disease,0.700,High,Optimized Semantic Matching,2025-09-04
UN0136,Paralysis - Falij Barid,,Unknown,UNMAPPED,No suitable ICD-11 match found,0.000,No Match,Optimized Semantic Matching,2025-09-04
UN0137,Epilepsy - Sara Ratab,,Unknown,UNMAPPED,No suitable ICD-11 match found,0.000,No Match,Optimized Semantic Matching,2025-09-04
UN0138,Diarrhea - Ishal Yabis,,Unknown,UNMAPPED,No suitable ICD-11 match found,0.000,No Match,Optimized Semantic Matching,2025-09-04
UN0139,Cough - Sual Chronic,,Unknown,MD12,cough,0.800,High,Optimized Semantic Matching,2025-09-04
UN0140,Cold - Nazla Acute,,Unknown,UNMAPPED,No suitable ICD-11 match found,0.000,No Match,Optimized Semantic Matching,2025-09-04
UN0141,Fever - Humma,,Unknown,1C30.2,Typhus fever due to Rickettsia typhi,0.700,High,Optimized Semantic Matching,2025-09-04
UN0142,Diabetes - Ziabetus Har,,Unknown,5A11,Type 2 diabetes mellitus,0.700,High,Optimized Semantic Matching,2025-09-04
UN0143,Hypertension - Zarabet Dam Barid,,Unknown,UNMAPPED,No suitable ICD-11 match found,0.000,No Match,Optimized Semantic Matching,2025-09-04
UN0144,Arthritis - Waja ul Mafasil Ratab,,Unknown,FA20,Rheumatoid arthritis,0.700,High,Optimized Semantic Matching,2025-09-04
UN0145,Asthma - Raboo Yabis,,Unknown,CA23,Asthma,0.800,High,Optimized Semantic Matching,2025-09-04
UN0146,Migraine - Shaqeeqa Chronic,,Unknown,8A80,Migraine,0.800,High,Optimized Semantic Matching,2025-09-04
UN0147,Depression - Sawda Acute,,Unknown,UNMAPPED,No suitable ICD-11 match found,0.000,No Match,Optimized Semantic Matching,2025-09-04
UN0148,Gastritis - Waram-e-Meda,,Unknown,DA42,Gastritis,0.800,High,Optimized Semantic Matching,2025-09-04
UN0149,Insomnia - Sahr Har,,Unknown,UNMAPPED,No suitable ICD-11 match found,0.000,No Match,Optimized Semantic Matching,2025-09-04
UN0150,Constipation - Qabz Barid,,Unknown,ME05.0,constipation,0.800,High,Optimized Semantic Matching,2025-09-04
UN0151,Obesity - Siman-e-Mufrat Ratab,,Unknown,5B81,Obesity,0.800,High,Optimized Semantic Matching,2025-09-04
UN0152,Anemia - Faqr ud Dam Yabis,,Unknown,UNMAPPED,No suitable ICD-11 match found,0.000,No Match,Optimized Semantic Matching,2025-09-04
UN0153,Skin Disease - Amraz-e-Jild Chronic,,Unknown,1D40,Chikungunya virus disease,0.700,High,Optimized Semantic Matching,2025-09-04
UN0154,Liver Disease - Amraz-e-Jigar Acute,,Unknown,2C12.02,hepatocellular carcinoma of liver,0.700,High,Optimized Semantic Matching,2025-09-04
UN0155,Kidney Disease - Amraz-e-Kulya,,Unknown,1D40,Chikungunya virus disease,0.700,High,Optimized Semantic Matching,2025-09-04
UN0156,Paralysis - Falij Har,,Unknown,UNMAPPED,No suitable ICD-11 match found,0.000,No Match,Optimized Semantic Matching,2025-09-04
UN0157,Epilepsy - Sara Barid,,Unknown,UNMAPPED,No suitable ICD-11 match found,0.000,No Match,Optimized Semantic Matching,2025-09-04
UN0158,Diarrhea - Ishal Ratab,,Unknown,UNMAPPED,No suitable ICD-11 match found,0.000,No Match,Optimized Semantic Matching,2025-09-04
UN0159,Cough - Sual Yabis,,Unknown,MD12,cough,0.800,High,Optimized Semantic Matching,2025-09-04
UN0160,Cold - Nazla Chronic,,Unknown,UNMAPPED,No suitable ICD-11 match found,0.000,No Match,Optimized Semantic Matching,2025-09-04
UN0161,Fever - Humma Acute,,Unknown,1D2Z,"Dengue fever, unspecified",0.700,High,Optimized Semantic Matching,2025-09-04
UN0162,Diabetes - Ziabetus,,Unknown,5A11,Type 2 diabetes mellitus,0.700,High,Optimized Semantic Matching,2025-09-04
UN0163,Hypertension - Zarabet Dam Har,,Unknown,UNMAPPED,No suitable ICD-11 match found,0.000,No Match,Optimized Semantic Matching,2025-09-04
UN0164,Arthritis - Waja ul Mafasil Barid,,Unknown,FA20,Rheumatoid arthritis,0.700,High,Optimized Semantic Matching,2025-09-04
UN0165,Asthma - Raboo Ratab,,Unknown,CA23,Asthma,0.800,High,Optimized Semantic Matching,2025-09-04
UN0166,Migraine - Shaqeeqa Yabis,,Unknown,8A80,Migraine,0.800,High,Optimized Semantic Matching,2025-09-04
UN0167,Depression - Sawda Chronic,,Unknown,UNMAPPED,No suitable ICD-11 match found,0.000,No Match,Optimized Semantic Matching,2025-09-04
UN0168,Gastritis - Waram-e-Meda Acute,,Unknown,DA42,Gastritis,0.800,High,Optimized Semantic Matching,2025-09-04
UN0169,Insomnia - Sahr,,Unknown,UNMAPPED,No suitable ICD-11 match found,0.000,No Match,Optimized Semantic Matching,2025-09-04
UN0170,Constipation - Qabz Har,,Unknown,ME05.0,constipation,0.800,High,Optimized Semantic Matching,2025-09-04
UN0171,Obesity - Siman-e-Mufrat Barid,,Unknown,5B81,Obesity,0.800,High,Optimized Semantic Matching,2025-09-04
UN0172,Anemia - Faqr ud Dam Ratab,,Unknown,UNMAPPED,No suitable ICD-11 match found,0.000,No Match,Optimized Semantic Matching,2025-09-04
UN0173,Skin Disease - Amraz-e-Jild Yabis,,Unknown,1D40,Chikungunya virus disease,0.700,High,Optimized Semantic Matching,2025-09-04
UN0174,Liver Disease - Amraz-e-Jigar Chronic,,Unknown,2C12.02,hepatocellular carcinoma of liver,0.700,High,Optimized Semantic Matching,2025-09-04
UN0175,Kidney Disease - Amraz-e-Kulya Acute,,Unknown,1D40,Chikungunya virus disease,0.700,High,Optimized Semantic Matching,2025-09-04
UN0176,Paralysis - Falij,,Unknown,UNMAPPED,No suitable ICD-11 match found,0.000,No Match,Optimized Semantic Matching,2025-09-04
UN0177,Epilepsy - Sara Har,,Unknown,UNMAPPED,No suitable ICD-11 match found,0.000,No Match,Optimized Semantic Matching,2025-09-04
UN0178,Diarrhea - Ishal Barid,,Unknown,UNMAPPED,No suitable ICD-11 match found,0.000,No Match,Optimized Semantic Matching,2025-09-04
UN0179,Cough - Sual Ratab,,Unknown,MD12,cough,0.800,High,Optimized Semantic Matching,2025-09-04
UN0180,Cold - Nazla Yabis,,Unknown,UNMAPPED,No suitable ICD-11 match found,0.000,No Match,Optimized Semantic Matching,2025-09-04
UN0181,Fever - Humma Chronic,,Unknown,1D2Z,"Dengue fever, unspecified",0.700,High,Optimized Semantic Matching,2025-09-04
UN0182,Diabetes - Ziabetus Acute,,Unknown,QA0A.10,special screening examination for diabetes mellitus,0.700,High,Optimized Semantic Matching,2025-09-04
UN0183,Hypertension - Zarabet Dam,,Unknown,UNMAPPED,No suitable ICD-11 match found,0.000,No Match,Optimized Semantic Matching,2025-09-04
UN0184,Arthritis - Waja ul Mafasil Har,,Unknown,FA20,Rheumatoid arthritis,0.700,High,Optimized Semantic Matching,2025-09-04
UN0185,Asthma - Raboo Barid,,Unknown,CA23,Asthma,0.800,High,Optimized Semantic Matching,2025-09-04
UN0186,Migraine - Shaqeeqa Ratab,,Unknown,8A80,Migraine,0.800,High,Optimized Semantic Matching,2025-09-04
UN0187,Depression - Sawda Yabis,,Unknown,UNMAPPED,No suitable ICD-11 match found,0.000,No Match,Optimized Semantic Matching,2025-09-04
UN0188,Gastritis - Waram-e-Meda Chronic,,Unknown,DA42,Gastritis,0.800,High,Optimized Semantic Matching,2025-09-04
UN0189,Insomnia - Sahr Acute,,Unknown,UNMAPPED,No suitable ICD-11 match found,0.000,No Match,Optimized Semantic Matching,2025-09-04
UN0190,Constipation - Qabz,,Unknown,ME05.0,constipation,0.800,High,Optimized Semantic Matching,2025-09-04
UN0191,Obesity - Siman-e-Mufrat Har,,Unknown,5B81,Obesity,0.800,High,Optimized Semantic Matching,2025-09-04
UN0192,Anemia - Faqr ud Dam Barid,,Unknown,UNMAPPED,No suitable ICD-11 match found,0.000,No Match,Optimized Semantic Matching,2025-09-04
UN0193,Skin Disease - Amraz-e-Jild Ratab,,Unknown,1D40,Chikungunya virus disease,0.700,High,Optimized Semantic Matching,2025-09-04
UN0194,Liver Disease - Amraz-e-Jigar Yabis,,Unknown,2C12.02,hepatocellular carcinoma of liver,0.700,High,Optimized Semantic Matching,2025-09-04
UN0195,Kidney Disease - Amraz-e-Kulya Chronic,,Unknown,1D40,Chikungunya virus disease,0.700,High,Optimized Semantic Matching,2025-09-04
UN0196,Paralysis - Falij Acute,,Unknown,UNMAPPED,No suitable ICD-11 match found,0.000,No Match,Optimized Semantic Matching,2025-09-04
UN0197,Epilepsy - Sara,,Unknown,UNMAPPED,No suitable ICD-11 match found,0.000,No Match,Optimized Semantic Matching,2025-09-04
UN0198,Diarrhea - Ishal Har,,Unknown,UNMAPPED,No suitable ICD-11 match found,0.000,No Match,Optimized Semantic Matching,2025-09-04
UN0199,Cough - Sual Barid,,Unknown,MD12,cough,0.800,High,Optimized Semantic Matching,2025-09-04
UN0200,Cold - Nazla Ratab,,Unknown,UNMAPPED,No suitable ICD-11 match found,0.000,No Match,Optimized Semantic Matching,2025-09-04
UN0201,Fever - Humma Yabis,,Unknown,1C30.2,Typhus fever due to Rickettsia typhi,0.700,High,Optimized Semantic Matching,2025-09-04
UN0202,Diabetes - Ziabetus Chronic,,Unknown,QA0A.10,special screening examination for diabetes mellitus,0.700,High,Optimized Semantic Matching,2025-09-04
UN0203,Hypertension - Zarabet Dam Acute,,Unknown,UNMAPPED,No suitable ICD-11 match found,0.000,No Match,Optimized Semantic Matching,2025-09-04
UN0204,Arthritis - Waja ul Mafasil,,Unknown,FA20,Rheumatoid arthritis,0.700,High,Optimized Semantic Matching,2025-09-04
UN0205,Asthma - Raboo Har,,Unknown,CA23,Asthma,0.800,High,Optimized Semantic Matching,2025-09-04
UN0206,Migraine - Shaqeeqa Barid,,Unknown,8A80,Migraine,0.800,High,Optimized Semantic Matching,2025-09-04
UN0207,Depression - Sawda Ratab,,Unknown,UNMAPPED,No suitable ICD-11 match found,0.000,No Match,Optimized Semantic Matching,2025-09-04
UN0208,Gastritis - Waram-e-Meda Yabis,,Unknown,DA42,Gastritis,0.800,High,Optimized Semantic Matching,2025-09-04
UN0209,Insomnia - Sahr Chronic,,Unknown,7A00,Chronic insomnia,0.400,Low,Optimized Semantic Matching,2025-09-04
UN0210,Constipation - Qabz Acute,,Unknown,ME05.0,constipation,0.800,High,Optimized Semantic Matching,2025-09-04
UN0211,Obesity - Siman-e-Mufrat,,Unknown,5B81,Obesity,0.800,High,Optimized Semantic Matching,2025-09-04
UN0212,Anemia - Faqr ud Dam Har,,Unknown,UNMAPPED,No suitable ICD-11 match found,0.000,No Match,Optimized Semantic Matching,2025-09-04
UN0213,Skin Disease - Amraz-e-Jild Barid,,Unknown,1D40,Chikungunya virus disease,0.700,High,Optimized Semantic Matching,2025-09-04
UN0214,Liver Disease - Amraz-e-Jigar Ratab,,Unknown,2C12.02,hepatocellular carcinoma of liver,0.700,High,Optimized Semantic Matching,2025-09-04
UN0215,Kidney Disease - Amraz-e-Kulya Yabis,,Unknown,1D40,Chikungunya virus disease,0.700,High,Optimized Semantic Matching,2025-09-04
UN0216,Paralysis - Falij Chronic,,Unknown,UNMAPPED,No suitable ICD-11 match found,0.000,No Match,Optimized Semantic Matching,2025-09-04
UN0217,Epilepsy - Sara Acute,,Unknown,UNMAPPED,No suitable ICD-11 match found,0.000,No Match,Optimized Semantic Matching,2025-09-04
UN0218,Diarrhea - Ishal,,Unknown,UNMAPPED,No suitable ICD-11 match found,0.000,No Match,Optimized Semantic Matching,2025-09-04
UN0219,Cough - Sual Har,,Unknown,MD12,cough,0.800,High,Optimized Semantic Matching,2025-09-04
UN0220,Cold - Nazla Barid,,Unknown,UNMAPPED,No suitable ICD-11 match found,0.000,No Match,Optimized Semantic Matching,2025-09-04
UN0221,Fever - Humma Ratab,,Unknown,1C30.2,Typhus fever due to Rickettsia typhi,0.700,High,Optimized Semantic Matching,2025-09-04
UN0222,Diabetes - Ziabetus Yabis,,Unknown,5A11,Type 2 diabetes mellitus,0.700,High,Optimized Semantic Matching,2025-09-04
UN0223,Hypertension - Zarabet Dam Chronic,,Unknown,UNMAPPED,No suitable ICD-11 match found,0.000,No Match,Optimized Semantic Matching,2025-09-04
UN0224,Arthritis - Waja ul Mafasil Acute,,Unknown,1B41.1Z,"Acute rheumatic endocarditis, unspecified",0.700,High,Optimized Semantic Matching,2025-09-04
UN0225,Asthma - Raboo,,Unknown,CA23,Asthma,0.800,High,Optimized Semantic Matching,2025-09-04
UN0226,Migraine - Shaqeeqa Har,,Unknown,8A80,Migraine,0.800,High,Optimized Semantic Matching,2025-09-04
UN0227,Depression - Sawda Barid,,Unknown,UNMAPPED,No suitable ICD-11 match found,0.000,No Match,Optimized Semantic Matching,2025-09-04
UN0228,Gastritis - Waram-e-Meda Ratab,,Unknown,DA42,Gastritis,0.800,High,Optimized Semantic Matching,2025-09-04
UN0229,Insomnia - Sahr Yabis,,Unknown,UNMAPPED,No suitable ICD-11 match found,0.000,No Match,Optimized Semantic Matching,2025-09-04
UN0230,Constipation - Qabz Chronic,,Unknown,ME05.0,constipation,0.800,High,Optimized Semantic Matching,2025-09-04
UN0231,Obesity - Siman-e-Mufrat Acute,,Unknown,5B81,Obesity,0.800,High,Optimized Semantic Matching,2025-09-04
UN0232,Anemia - Faqr ud Dam,,Unknown,UNMAPPED,No suitable ICD-11 match found,0.000,No Match,Optimized Semantic Matching,2025-09-04
UN0233,Skin Disease - Amraz-e-Jild Har,,Unknown,1D40,Chikungunya virus disease,0.700,High,Optimized Semantic Matching,2025-09-04
UN0234,Liver Disease - Amraz-e-Jigar Barid,,Unknown,2C12.02,hepatocellular carcinoma of liver,0.700,High,Optimized Semantic Matching,2025-09-04
UN0235,Kidney Disease - Amraz-e-Kulya Ratab,,Unknown,1D40,Chikungunya virus disease,0.700,High,Optimized Semantic Matching,2025-09-04
UN0236,Paralysis - Falij Yabis,,Unknown,UNMAPPED,No suitable ICD-11 match found,0.000,No Match,Optimized Semantic Matching,2025-09-04
UN0237,Epilepsy - Sara Chronic,,Unknown,UNMAPPED,No suitable ICD-11 match found,0.000,No Match,Optimized Semantic Matching,2025-09-04
UN0238,Diarrhea - Ishal Acute,,Unknown,UNMAPPED,No suitable ICD-11 match found,0.000,No Match,Optimized Semantic Matching,2025-09-04
UN0239,Cough - Sual,,Unknown,MD12,cough,0.800,High,Optimized Semantic Matching,2025-09-04
UN0240,Cold - Nazla Har,,Unknown,UNMAPPED,No suitable ICD-11 match found,0.000,No Match,Optimized Semantic Matching,2025-09-04
UN0241,Fever - Humma Barid,,Unknown,1C30.2,Typhus fever due to Rickettsia typhi,0.700,High,Optimized Semantic Matching,2025-09-04
UN0242,Diabetes - Ziabetus Ratab,,Unknown,5A11,Type 2 diabetes mellitus,0.700,High,Optimized Semantic Matching,2025-09-04
UN0243,Hypertension - Zarabet Dam Yabis,,Unknown,UNMAPPED,No suitable ICD-11 match found,0.000,No Match,Optimized Semantic Matching,2025-09-04
UN0244,Arthritis - Waja ul Mafasil Chronic,,Unknown,2A81.7,Diffuse large Bcell lymphoma associated with Chronic inflammation,0.700,High,Optimized Semantic Matching,2025-09-04
UN0245,Asthma - Raboo Acute,,Unknown,CA23,Asthma,0.800,High,Optimized Semantic Matching,2025-09-04
UN0246,Migraine - Shaqeeqa,,Unknown,8A80,Migraine,0.800,High,Optimized Semantic Matching,2025-09-04
UN0247,Depression - Sawda Har,,Unknown,UNMAPPED,No suitable ICD-11 match found,0.000,No Match,Optimized Semantic Matching,2025-09-04
UN0248,Gastritis - Waram-e-Meda Barid,,Unknown,DA42,Gastritis,0.800,High,Optimized Semantic Matching,2025-09-04
UN0249,Insomnia - Sahr Ratab,,Unknown,UNMAPPED,No suitable ICD-11 match found,0.000,No Match,Optimized Semantic Matching,2025-09-04
UN0250,Constipation - Qabz Yabis,,Unknown,ME05.0,constipation,0.800,High,Optimized Semantic Matching,2025-09-04
UN0251,Obesity - Siman-e-Mufrat Chronic,,Unknown,5B81,Obesity,0.800,High,Optimized Semantic Matching,2025-09-04
UN0252,Anemia - Faqr ud Dam Acute,,Unknown,UNMAPPED,No suitable ICD-11 match found,0.000,No Match,Optimized Semantic Matching,2025-09-04
UN0253,Skin Disease - Amraz-e-Jild,,Unknown,1D40,Chikungunya virus disease,0.700,High,Optimized Semantic Matching,2025-09-04
UN0254,Liver Disease - Amraz-e-Jigar Har,,Unknown,2C12.02,hepatocellular carcinoma of liver,0.700,High,Optimized Semantic Matching,2025-09-04
UN0255,Kidney Disease - Amraz-e-Kulya Barid,,Unknown,1D40,Chikungunya virus disease,0.700,High,Optimized Semantic Matching,2025-09-04
UN0256,Paralysis - Falij Ratab,,Unknown,UNMAPPED,No suitable ICD-11 match found,0.000,No Match,Optimized Semantic Matching,2025-09-04
UN0257,Epilepsy - Sara Yabis,,Unknown,UNMAPPED,No suitable ICD-11 match found,0.000,No Match,Optimized Semantic Matching,2025-09-04
UN0258,Diarrhea - Ishal Chronic,,Unknown,UNMAPPED,No suitable ICD-11 match found,0.000,No Match,Optimized Semantic Matching,2025-09-04
UN0259,Cough - Sual Acute,,Unknown,MD12,cough,0.800,High,Optimized Semantic Matching,2025-09-04
UN0260,Cold - Nazla,,Unknown,UNMAPPED,No suitable ICD-11 match found,0.000,No Match,Optimized Semantic Matching,2025-09-04
UN0261,Fever - Humma Har,,Unknown,1C30.2,Typhus fever due to Rickettsia typhi,0.700,High,Optimized Semantic Matching,2025-09-04
UN0262,Diabetes - Ziabetus Barid,,Unknown,5A11,Type 2 diabetes mellitus,0.700,High,Optimized Semantic Matching,2025-09-04
UN0263,Hypertension - Zarabet Dam Ratab,,Unknown,UNMAPPED,No suitable ICD-11 match found,0.000,No Match,Optimized Semantic Matching,2025-09-04
UN0264,Arthritis - Waja ul Mafasil Yabis,,Unknown,FA20,Rheumatoid arthritis,0.700,High,Optimized Semantic Matching,2025-09-04
UN0265,Asthma - Raboo Chronic,,Unknown,CA23,Asthma,0.800,High,Optimized Semantic Matching,2025-09-04
UN0266,Migraine - Shaqeeqa Acute,,Unknown,8A80,Migraine,0.800,High,Optimized Semantic Matching,2025-09-04
UN0267,Depression - Sawda,,Unknown,UNMAPPED,No suitable ICD-11 match found,0.000,No Match,Optimized Semantic Matching,2025-09-04
UN0268,Gastritis - Waram-e-Meda Har,,Unknown,DA42,Gastritis,0.800,High,Optimized Semantic Matching,2025-09-04
UN0269,Insomnia - Sahr Barid,,Unknown,UNMAPPED,No suitable ICD-11 match found,0.000,No Match,Optimized Semantic Matching,2025-09-04
UN0270,Constipation - Qabz Ratab,,Unknown,ME05.0,constipation,0.800,High,Optimized Semantic Matching,2025-09-04
UN0271,Obesity - Siman-e-Mufrat Yabis,,Unknown,5B81,Obesity,0.800,High,Optimized Semantic Matching,2025-09-04
UN0272,Anemia - Faqr ud Dam Chronic,,Unknown,UNMAPPED,No suitable ICD-11 match found,0.000,No Match,Optimized Semantic Matching,2025-09-04
UN0273,Skin Disease - Amraz-e-Jild Acute,,Unknown,1D40,Chikungunya virus disease,0.700,High,Optimized Semantic Matching,2025-09-04
UN0274,Liver Disease - Amraz-e-Jigar,,Unknown,2C12.02,hepatocellular carcinoma of liver,0.700,High,Optimized Semantic Matching,2025-09-04
UN0275,Kidney Disease - Amraz-e-Kulya Har,,Unknown,1D40,Chikungunya virus disease,0.700,High,Optimized Semantic Matching,2025-09-04
UN0276,Paralysis - Falij Barid,,Unknown,UNMAPPED,No suitable ICD-11 match found,0.000,No Match,Optimized Semantic Matching,2025-09-04
UN0277,Epilepsy - Sara Ratab,,Unknown,UNMAPPED,No suitable ICD-11 match found,0.000,No Match,Optimized Semantic Matching,2025-09-04
UN0278,Diarrhea - Ishal Yabis,,Unknown,UNMAPPED,No suitable ICD-11 match found,0.000,No Match,Optimized Semantic Matching,2025-09-04
UN0279,Cough - Sual Chronic,,Unknown,MD12,cough,0.800,High,Optimized Semantic Matching,2025-09-04
UN0280,Cold - Nazla Acute,,Unknown,UNMAPPED,No suitable ICD-11 match found,0.000,No Match,Optimized Semantic Matching,2025-09-04
UN0281,Fever - Humma,,Unknown,1C30.2,Typhus fever due to Rickettsia typhi,0.700,High,Optimized Semantic Matching,2025-09-04
UN0282,Diabetes - Ziabetus Har,,Unknown,5A11,Type 2 diabetes mellitus,0.700,High,Optimized Semantic Matching,2025-09-04
UN0283,Hypertension - Zarabet Dam Barid,,Unknown,UNMAPPED,No suitable ICD-11 match found,0.000,No Match,Optimized Semantic Matching,2025-09-04
UN0284,Arthritis - Waja ul Mafasil Ratab,,Unknown,FA20,Rheumatoid arthritis,0.700,High,Optimized Semantic Matching,2025-09-04
UN0285,Asthma - Raboo Yabis,,Unknown,CA23,Asthma,0.800,High,Optimized Semantic Matching,2025-09-04
UN0286,Migraine - Shaqeeqa Chronic,,Unknown,8A80,Migraine,0.800,High,Optimized Semantic Matching,2025-09-04
UN0287,Depression - Sawda Acute,,Unknown,UNMAPPED,No suitable ICD-11 match found,0.000,No Match,Optimized Semantic Matching,2025-09-04
UN0288,Gastritis - Waram-e-Meda,,Unknown,DA42,Gastritis,0.800,High,Optimized Semantic Matching,2025-09-04
UN0289,Insomnia - Sahr Har,,Unknown,UNMAPPED,No suitable ICD-11 match found,0.000,No Match,Optimized Semantic Matching,2025-09-04
UN0290,Constipation - Qabz Barid,,Unknown,ME05.0,constipation,0.800,High,Optimized Semantic Matching,2025-09-04
UN0291,Obesity - Siman-e-Mufrat Ratab,,Unknown,5B81,Obesity,0.800,High,Optimized Semantic Matching,2025-09-04
UN0292,Anemia - Faqr ud Dam Yabis,,Unknown,UNMAPPED,No suitable ICD-11 match found,0.000,No Match,Optimized Semantic Matching,2025-09-04
UN0293,Skin Disease - Amraz-e-Jild Chronic,,Unknown,1D40,Chikungunya virus disease,0.700,High,Optimized Semantic Matching,2025-09-04
UN0294,Liver Disease - Amraz-e-Jigar Acute,,Unknown,2C12.02,hepatocellular carcinoma of liver,0.700,High,Optimized Semantic Matching,2025-09-04
UN0295,Kidney Disease - Amraz-e-Kulya,,Unknown,1D40,Chikungunya virus disease,0.700,High,Optimized Semantic Matching,2025-09-04
UN0296,Paralysis - Falij Har,,Unknown,UNMAPPED,No suitable ICD-11 match found,0.000,No Match,Optimized Semantic Matching,2025-09-04
UN0297,Epilepsy - Sara Barid,,Unknown,UNMAPPED,No suitable ICD-11 match found,0.000,No Match,Optimized Semantic Matching,2025-09-04
UN0298,Diarrhea - Ishal Ratab,,Unknown,UNMAPPED,No suitable ICD-11 match found,0.000,No Match,Optimized Semantic Matching,2025-09-04
UN0299,Cough - Sual Yabis,,Unknown,MD12,cough,0.800,High,Optimized Semantic Matching,2025-09-04
UN0300,Cold - Nazla Chronic,,Unknown,UNMAPPED,No suitable ICD-11 match found,0.000,No Match,Optimized Semantic Matching,2025-09-04
UN0301,Fever - Humma Acute,,Unknown,1D2Z,"Dengue fever, unspecified",0.700,High,Optimized Semantic Matching,2025-09-04
UN0302,Diabetes - Ziabetus,,Unknown,5A11,Type 2 diabetes mellitus,0.700,High,Optimized Semantic Matching,2025-09-04
UN0303,Hypertension - Zarabet Dam Har,,Unknown,UNMAPPED,No suitable ICD-11 match found,0.000,No Match,Optimized Semantic Matching,2025-09-04
UN0304,Arthritis - Waja ul Mafasil Barid,,Unknown,FA20,Rheumatoid arthritis,0.700,High,Optimized Semantic Matching,2025-09-04
UN0305,Asthma - Raboo Ratab,,Unknown,CA23,Asthma,0.800,High,Optimized Semantic Matching,2025-09-04
UN0306,Migraine - Shaqeeqa Yabis,,Unknown,8A80,Migraine,0.800,High,Optimized Semantic Matching,2025-09-04
UN0307,Depression - Sawda Chronic,,Unknown,UNMAPPED,No suitable ICD-11 match found,0.000,No Match,Optimized Semantic Matching,2025-09-04
UN0308,Gastritis - Waram-e-Meda Acute,,Unknown,DA42,Gastritis,0.800,High,Optimized Semantic Matching,2025-09-04
UN0309,Insomnia - Sahr,,Unknown,UNMAPPED,No suitable ICD-11 match found,0.000,No Match,Optimized Semantic Matching,2025-09-04
UN0310,Constipation - Qabz Har,,Unknown,ME05.0,constipation,0.800,High,Optimized Semantic Matching,2025-09-04
UN0311,Obesity - Siman-e-Mufrat Barid,,Unknown,5B81,Obesity,0.800,High,Optimized Semantic Matching,2025-09-04
UN0312,Anemia - Faqr ud Dam Ratab,,Unknown,UNMAPPED,No suitable ICD-11 match found,0.000,No Match,Optimized Semantic Matching,2025-09-04
UN0313,Skin Disease - Amraz-e-Jild Yabis,,Unknown,1D40,Chikungunya virus disease,0.700,High,Optimized Semantic Matching,2025-09-04
UN0314,Liver Disease - Amraz-e-Jigar Chronic,,Unknown,2C12.02,hepatocellular carcinoma of liver,0.700,High,Optimized Semantic Matching,2025-09-04
UN0315,Kidney Disease - Amraz-e-Kulya Acute,,Unknown,1D40,Chikungunya virus disease,0.700,High,Optimized Semantic Matching,2025-09-04
UN0316,Paralysis - Falij,,Unknown,UNMAPPED,No suitable ICD-11 match found,0.000,No Match,Optimized Semantic Matching,2025-09-04
UN0317,Epilepsy - Sara Har,,Unknown,UNMAPPED,No suitable ICD-11 match found,0.000,No Match,Optimized Semantic Matching,2025-09-04
UN0318,Diarrhea - Ishal Barid,,Unknown,UNMAPPED,No suitable ICD-11 match found,0.000,No Match,Optimized Semantic Matching,2025-09-04
UN0319,Cough - Sual Ratab,,Unknown,MD12,cough,0.800,High,Optimized Semantic Matching,2025-09-04
UN0320,Cold - Nazla Yabis,,Unknown,UNMAPPED,No suitable ICD-11 match found,0.000,No Match,Optimized Semantic Matching,2025-09-04
UN0321,Fever - Humma Chronic,,Unknown,1D2Z,"Dengue fever, unspecified",0.700,High,Optimized Semantic Matching,2025-09-04
UN0322,Diabetes - Ziabetus Acute,,Unknown,QA0A.10,special screening examination for diabetes mellitus,0.700,High,Optimized Semantic Matching,2025-09-04
UN0323,Hypertension - Zarabet Dam,,Unknown,UNMAPPED,No suitable ICD-11 match found,0.000,No Match,Optimized Semantic Matching,2025-09-04
UN0324,Arthritis - Waja ul Mafasil Har,,Unknown,FA20,Rheumatoid arthritis,0.700,High,Optimized Semantic Matching,2025-09-04
UN0325,Asthma - Raboo Barid,,Unknown,CA23,Asthma,0.800,High,Optimized Semantic Matching,2025-09-04
UN0326,Migraine - Shaqeeqa Ratab,,Unknown,8A80,Migraine,0.800,High,Optimized Semantic Matching,2025-09-04
UN0327,Depression - Sawda Yabis,,Unknown,UNMAPPED,No suitable ICD-11 match found,0.000,No Match,Optimized Semantic Matching,2025-09-04
UN0328,Gastritis - Waram-e-Meda Chronic,,Unknown,DA42,Gastritis,0.800,High,Optimized Semantic Matching,2025-09-04
UN0329,Insomnia - Sahr Acute,,Unknown,UNMAPPED,No suitable ICD-11 match found,0.000,No Match,Optimized Semantic Matching,2025-09-04
UN0330,Constipation - Qabz,,Unknown,ME05.0,constipation,0.800,High,Optimized Semantic Matching,2025-09-04
UN0331,Obesity - Siman-e-Mufrat Har,,Unknown,5B81,Obesity,0.800,High,Optimized Semantic Matching,2025-09-04
UN0332,Anemia - Faqr ud Dam Barid,,Unknown,UNMAPPED,No suitable ICD-11 match found,0.000,No Match,Optimized Semantic Matching,2025-09-04
UN0333,Skin Disease - Amraz-e-Jild Ratab,,Unknown,1D40,Chikungunya virus disease,0.700,High,Optimized Semantic Matching,2025-09-04
UN0334,Liver Disease - Amraz-e-Jigar Yabis,,Unknown,2C12.02,hepatocellular carcinoma of liver,0.700,High,Optimized Semantic Matching,2025-09-04
UN0335,Kidney Disease - Amraz-e-Kulya Chronic,,Unknown,1D40,Chikungunya virus disease,0.700,High,Optimized Semantic Matching,2025-09-04
UN0336,Paralysis - Falij Acute,,Unknown,UNMAPPED,No suitable ICD-11 match found,0.000,No Match,Optimized Semantic Matching,2025-09-04
UN0337,Epilepsy - Sara,,Unknown,UNMAPPED,No suitable ICD-11 match found,0.000,No Match,Optimized Semantic Matching,2025-09-04
UN0338,Diarrhea - Ishal Har,,Unknown,UNMAPPED,No suitable ICD-11 match found,0.000,No Match,Optimized Semantic Matching,2025-09-04
UN0339,Cough - Sual Barid,,Unknown,MD12,cough,0.800,High,Optimized Semantic Matching,2025-09-04
UN0340,Cold - Nazla Ratab,,Unknown,UNMAPPED,No suitable ICD-11 match found,0.000,No Match,Optimized Semantic Matching,2025-09-04
UN0341,Fever - Humma Yabis,,Unknown,1C30.2,Typhus fever due to Rickettsia typhi,0.700,High,Optimized Semantic Matching,2025-09-04
UN0342,Diabetes - Ziabetus Chronic,,Unknown,QA0A.10,special screening examination for diabetes mellitus,0.700,High,Optimized Semantic Matching,2025-09-04
UN0343,Hypertension - Zarabet Dam Acute,,Unknown,UNMAPPED,No suitable ICD-11 match found,0.000,No Match,Optimized Semantic Matching,2025-09-04
UN0344,Arthritis - Waja ul Mafasil,,Unknown,FA20,Rheumatoid arthritis,0.700,High,Optimized Semantic Matching,2025-09-04
UN0345,Asthma - Raboo Har,,Unknown,CA23,Asthma,0.800,High,Optimized Semantic Matching,2025-09-04
UN0346,Migraine - Shaqeeqa Barid,,Unknown,8A80,Migraine,0.800,High,Optimized Semantic Matching,2025-09-04
UN0347,Depression - Sawda Ratab,,Unknown,UNMAPPED,No suitable ICD-11 match found,0.000,No Match,Optimized Semantic Matching,2025-09-04
UN0348,Gastritis - Waram-e-Meda Yabis,,Unknown,DA42,Gastritis,0.800,High,Optimized Semantic Matching,2025-09-04
UN0349,Insomnia - Sahr Chronic,,Unknown,7A00,Chronic insomnia,0.400,Low,Optimized Semantic Matching,2025-09-04
UN0350,Constipation - Qabz Acute,,Unknown,ME05.0,constipation,0.800,High,Optimized Semantic Matching,2025-09-04
UN0351,Obesity - Siman-e-Mufrat,,Unknown,5B81,Obesity,0.800,High,Optimized Semantic Matching,2025-09-04
UN0352,Anemia - Faqr ud Dam Har,,Unknown,UNMAPPED,No suitable ICD-11 match found,0.000,No Match,Optimized Semantic Matching,2025-09-04
UN0353,Skin Disease - Amraz-e-Jild Barid,,Unknown,1D40,Chikungunya virus disease,0.700,High,Optimized Semantic Matching,2025-09-04
UN0354,Liver Disease - Amraz-e-Jigar Ratab,,Unknown,2C12.02,hepatocellular carcinoma of liver,0.700,High,Optimized Semantic Matching,2025-09-04
UN0355,Kidney Disease - Amraz-e-Kulya Yabis,,Unknown,1D40,Chikungunya virus disease,0.700,High,Optimized Semantic Matching,2025-09-04
UN0356,Paralysis - Falij Chronic,,Unknown,UNMAPPED,No suitable ICD-11 match found,0.000,No Match,Optimized Semantic Matching,2025-09-04
UN0357,Epilepsy - Sara Acute,,Unknown,UNMAPPED,No suitable ICD-11 match found,0.000,No Match,Optimized Semantic Matching,2025-09-04
UN0358,Diarrhea - Ishal,,Unknown,UNMAPPED,No suitable ICD-11 match found,0.000,No Match,Optimized Semantic Matching,2025-09-04
UN0359,Cough - Sual Har,,Unknown,MD12,cough,0.800,High,Optimized Semantic Matching,2025-09-04
UN0360,Cold - Nazla Barid,,Unknown,UNMAPPED,No suitable ICD-11 match found,0.000,No Match,Optimized Semantic Matching,2025-09-04
UN0361,Fever - Humma Ratab,,Unknown,1C30.2,Typhus fever due to Rickettsia typhi,0.700,High,Optimized Semantic Matching,2025-09-04
UN0362,Diabetes - Ziabetus Yabis,,Unknown,5A11,Type 2 diabetes mellitus,0.700,High,Optimized Semantic Matching,2025-09-04
UN0363,Hypertension - Zarabet Dam Chronic,,Unknown,UNMAPPED,No suitable ICD-11 match found,0.000,No Match,Optimized Semantic Matching,2025-09-04
UN0364,Arthritis - Waja ul Mafasil Acute,,Unknown,1B41.1Z,"Acute rheumatic endocarditis, unspecified",0.700,High,Optimized Semantic Matching,2025-09-04
UN0365,Asthma - Raboo,,Unknown,CA23,Asthma,0.800,High,Optimized Semantic Matching,2025-09-04
UN0366,Migraine - Shaqeeqa Har,,Unknown,8A80,Migraine,0.800,High,Optimized Semantic Matching,2025-09-04
UN0367,Depression - Sawda Barid,,Unknown,UNMAPPED,No suitable ICD-11 match found,0.000,No Match,Optimized Semantic Matching,2025-09-04
UN0368,Gastritis - Waram-e-Meda Ratab,,Unknown,DA42,Gastritis,0.800,High,Optimized Semantic Matching,2025-09-04
UN0369,Insomnia - Sahr Yabis,,Unknown,UNMAPPED,No suitable ICD-11 match found,0.000,No Match,Optimized Semantic Matching,2025-09-04
UN0370,Constipation - Qabz Chronic,,Unknown,ME05.0,constipation,0.800,High,Optimized Semantic Matching,2025-09-04
UN0371,Obesity - Siman-e-Mufrat Acute,,Unknown,5B81,Obesity,0.800,High,Optimized Semantic Matching,2025-09-04
UN0372,Anemia - Faqr ud Dam,,Unknown,UNMAPPED,No suitable ICD-11 match found,0.000,No Match,Optimized Semantic Matching,2025-09-04
UN0373,Skin Disease - Amraz-e-Jild Har,,Unknown,1D40,Chikungunya virus disease,0.700,High,Optimized Semantic Matching,2025-09-04
UN0374,Liver Disease - Amraz-e-Jigar Barid,,Unknown,2C12.02,hepatocellular carcinoma of liver,0.700,High,Optimized Semantic Matching,2025-09-04
UN0375,Kidney Disease - Amraz-e-Kulya Ratab,,Unknown,1D40,Chikungunya virus disease,0.700,High,Optimized Semantic Matching,2025-09-04
UN0376,Paralysis - Falij Yabis,,Unknown,UNMAPPED,No suitable ICD-11 match found,0.000,No Match,Optimized Semantic Matching,2025-09-04
UN0377,Epilepsy - Sara Chronic,,Unknown,UNMAPPED,No suitable ICD-11 match found,0.000,No Match,Optimized Semantic Matching,2025-09-04
UN0378,Diarrhea - Ishal Acute,,Unknown,UNMAPPED,No suitable ICD-11 match found,0.000,No Match,Optimized Semantic Matching,2025-09-04
UN0379,Cough - Sual,,Unknown,MD12,cough,0.800,High,Optimized Semantic Matching,2025-09-04
UN0380,Cold - Nazla Har,,Unknown,UNMAPPED,No suitable ICD-11 match found,0.000,No Match,Optimized Semantic Matching,2025-09-04
UN0381,Fever - Humma Barid,,Unknown,1C30.2,Typhus fever due to Rickettsia typhi,0.700,High,Optimized Semantic Matching,2025-09-04
UN0382,Diabetes - Ziabetus Ratab,,Unknown,5A11,Type 2 diabetes mellitus,0.700,High,Optimized Semantic Matching,2025-09-04
UN0383,Hypertension - Zarabet Dam Yabis,,Unknown,UNMAPPED,No suitable ICD-11 match found,0.000,No Match,Optimized Semantic Matching,2025-09-04
UN0384,Arthritis - Waja ul Mafasil Chronic,,Unknown,2A81.7,Diffuse large Bcell lymphoma associated with Chronic inflammation,0.700,High,Optimized Semantic Matching,2025-09-04
UN0385,Asthma - Raboo Acute,,Unknown,CA23,Asthma,0.800,High,Optimized Semantic Matching,2025-09-04
UN0386,Migraine - Shaqeeqa,,Unknown,8A80,Migraine,0.800,High,Optimized Semantic Matching,2025-09-04
UN0387,Depression - Sawda Har,,Unknown,UNMAPPED,No suitable ICD-11 match found,0.000,No Match,Optimized Semantic Matching,2025-09-04
UN0388,Gastritis - Waram-e-Meda Barid,,Unknown,DA42,Gastritis,0.800,High,Optimized Semantic Matching,2025-09-04
UN0389,Insomnia - Sahr Ratab,,Unknown,UNMAPPED,No suitable ICD-11 match found,0.000,No Match,Optimized Semantic Matching,2025-09-04
UN0390,Constipation - Qabz Yabis,,Unknown,ME05.0,constipation,0.800,High,Optimized Semantic Matching,2025-09-04
UN0391,Obesity - Siman-e-Mufrat Chronic,,Unknown,5B81,Obesity,0.800,High,Optimized Semantic Matching,2025-09-04
UN0392,Anemia - Faqr ud Dam Acute,,Unknown,UNMAPPED,No suitable ICD-11 match found,0.000,No Match,Optimized Semantic Matching,2025-09-04
UN0393,Skin Disease - Amraz-e-Jild,,Unknown,1D40,Chikungunya virus disease,0.700,High,Optimized Semantic Matching,2025-09-04
UN0394,Liver Disease - Amraz-e-Jigar Har,,Unknown,2C12.02,hepatocellular carcinoma of liver,0.700,High,Optimized Semantic Matching,2025-09-04
UN0395,Kidney Disease - Amraz-e-Kulya Barid,,Unknown,1D40,Chikungunya virus disease,0.700,High,Optimized Semantic Matching,2025-09-04
UN0396,Paralysis - Falij Ratab,,Unknown,UNMAPPED,No suitable ICD-11 match found,0.000,No Match,Optimized Semantic Matching,2025-09-04
UN0397,Epilepsy - Sara Yabis,,Unknown,UNMAPPED,No suitable ICD-11 match found,0.000,No Match,Optimized Semantic Matching,2025-09-04
UN0398,Diarrhea - Ishal Chronic,,Unknown,UNMAPPED,No suitable ICD-11 match found,0.000,No Match,Optimized Semantic Matching,2025-09-04
UN0399,Cough - Sual Acute,,Unknown,MD12,cough,0.800,High,Optimized Semantic Matching,2025-09-04
UN0400,Cold - Nazla,,Unknown,UNMAPPED,No suitable ICD-11 match found,0.000,No Match,Optimized Semantic Matching,2025-09-04
UN0401,Fever - Humma Har,,Unknown,1C30.2,Typhus fever due to Rickettsia typhi,0.700,High,Optimized Semantic Matching,2025-09-04
UN0402,Diabetes - Ziabetus Barid,,Unknown,5A11,Type 2 diabetes mellitus,0.700,High,Optimized Semantic Matching,2025-09-04
UN0403,Hypertension - Zarabet Dam Ratab,,Unknown,UNMAPPED,No suitable ICD-11 match found,0.000,No Match,Optimized Semantic Matching,2025-09-04
UN0404,Arthritis - Waja ul Mafasil Yabis,,Unknown,FA20,Rheumatoid arthritis,0.700,High,Optimized Semantic Matching,2025-09-04
UN0405,Asthma - Raboo Chronic,,Unknown,CA23,Asthma,0.800,High,Optimized Semantic Matching,2025-09-04
UN0406,Migraine - Shaqeeqa Acute,,Unknown,8A80,Migraine,0.800,High,Optimized Semantic Matching,2025-09-04
UN0407,Depression - Sawda,,Unknown,UNMAPPED,No suitable ICD-11 match found,0.000,No Match,Optimized Semantic Matching,2025-09-04
UN0408,Gastritis - Waram-e-Meda Har,,Unknown,DA42,Gastritis,0.800,High,Optimized Semantic Matching,2025-09-04
UN0409,Insomnia - Sahr Barid,,Unknown,UNMAPPED,No suitable ICD-11 match found,0.000,No Match,Optimized Semantic Matching,2025-09-04
UN0410,Constipation - Qabz Ratab,,Unknown,ME05.0,constipation,0.800,High,Optimized Semantic Matching,2025-09-04
UN0411,Obesity - Siman-e-Mufrat Yabis,,Unknown,5B81,Obesity,0.800,High,Optimized Semantic Matching,2025-09-04
UN0412,Anemia - Faqr ud Dam Chronic,,Unknown,UNMAPPED,No suitable ICD-11 match found,0.000,No Match,Optimized Semantic Matching,2025-09-04
UN0413,Skin Disease - Amraz-e-Jild Acute,,Unknown,1D40,Chikungunya virus disease,0.700,High,Optimized Semantic Matching,2025-09-04
UN0414,Liver Disease - Amraz-e-Jigar,,Unknown,2C12.02,hepatocellular carcinoma of liver,0.700,High,Optimized Semantic Matching,2025-09-04
UN0415,Kidney Disease - Amraz-e-Kulya Har,,Unknown,1D40,Chikungunya virus disease,0.700,High,Optimized Semantic Matching,2025-09-04
UN0416,Paralysis - Falij Barid,,Unknown,UNMAPPED,No suitable ICD-11 match found,0.000,No Match,Optimized Semantic Matching,2025-09-04
UN0417,Epilepsy - Sara Ratab,,Unknown,UNMAPPED,No suitable ICD-11 match found,0.000,No Match,Optimized Semantic Matching,2025-09-04
UN0418,Diarrhea - Ishal Yabis,,Unknown,UNMAPPED,No suitable ICD-11 match found,0.000,No Match,Optimized Semantic Matching,2025-09-04
UN0419,Cough - Sual Chronic,,Unknown,MD12,cough,0.800,High,Optimized Semantic Matching,2025-09-04
UN0420,Cold - Nazla Acute,,Unknown,UNMAPPED,No suitable ICD-11 match found,0.000,No Match,Optimized Semantic Matching,2025-09-04
UN0421,Fever - Humma,,Unknown,1C30.2,Typhus fever due to Rickettsia typhi,0.700,High,Optimized Semantic Matching,2025-09-04
UN0422,Diabetes - Ziabetus Har,,Unknown,5A11,Type 2 diabetes mellitus,0.700,High,Optimized Semantic Matching,2025-09-04
UN0423,Hypertension - Zarabet Dam Barid,,Unknown,UNMAPPED,No suitable ICD-11 match found,0.000,No Match,Optimized Semantic Matching,2025-09-04
UN0424,Arthritis - Waja ul Mafasil Ratab,,Unknown,FA20,Rheumatoid arthritis,0.700,High,Optimized Semantic Matching,2025-09-04
UN0425,Asthma - Raboo Yabis,,Unknown,CA23,Asthma,0.800,High,Optimized Semantic Matching,2025-09-04
UN0426,Migraine - Shaqeeqa Chronic,,Unknown,8A80,Migraine,0.800,High,Optimized Semantic Matching,2025-09-04
UN0427,Depression - Sawda Acute,,Unknown,UNMAPPED,No suitable ICD-11 match found,0.000,No Match,Optimized Semantic Matching,2025-09-04
UN0428,Gastritis - Waram-e-Meda,,Unknown,DA42,Gastritis,0.800,High,Optimized Semantic Matching,2025-09-04
UN0429,Insomnia - Sahr Har,,Unknown,UNMAPPED,No suitable ICD-11 match found,0.000,No Match,Optimized Semantic Matching,2025-09-04
UN0430,Constipation - Qabz Barid,,Unknown,ME05.0,constipation,0.800,High,Optimized Semantic Matching,2025-09-04
UN0431,Obesity - Siman-e-Mufrat Ratab,,Unknown,5B81,Obesity,0.800,High,Optimized Semantic Matching,2025-09-04
UN0432,Anemia - Faqr ud Dam Yabis,,Unknown,UNMAPPED,No suitable ICD-11 match found,0.000,No Match,Optimized Semantic Matching,2025-09-04
UN0433,Skin Disease - Amraz-e-Jild Chronic,,Unknown,1D40,Chikungunya virus disease,0.700,High,Optimized Semantic Matching,2025-09-04
UN0434,Liver Disease - Amraz-e-Jigar Acute,,Unknown,2C12.02,hepatocellular carcinoma of liver,0.700,High,Optimized Semantic Matching,2025-09-04
UN0435,Kidney Disease - Amraz-e-Kulya,,Unknown,1D40,Chikungunya virus disease,0.700,High,Optimized Semantic Matching,2025-09-04
UN0436,Paralysis - Falij Har,,Unknown,UNMAPPED,No suitable ICD-11 match found,0.000,No Match,Optimized Semantic Matching,2025-09-04
UN0437,Epilepsy - Sara Barid,,Unknown,UNMAPPED,No suitable ICD-11 match found,0.000,No Match,Optimized Semantic Matching,2025-09-04
UN0438,Diarrhea - Ishal Ratab,,Unknown,UNMAPPED,No suitable ICD-11 match found,0.000,No Match,Optimized Semantic Matching,2025-09-04
UN0439,Cough - Sual Yabis,,Unknown,MD12,cough,0.800,High,Optimized Semantic Matching,2025-09-04
UN0440,Cold - Nazla Chronic,,Unknown,UNMAPPED,No suitable ICD-11 match found,0.000,No Match,Optimized Semantic Matching,2025-09-04
UN0441,Fever - Humma Acute,,Unknown,1D2Z,"Dengue fever, unspecified",0.700,High,Optimized Semantic Matching,2025-09-04
UN0442,Diabetes - Ziabetus,,Unknown,5A11,Type 2 diabetes mellitus,0.700,High,Optimized Semantic Matching,2025-09-04
UN0443,Hypertension - Zarabet Dam Har,,Unknown,UNMAPPED,No suitable ICD-11 match found,0.000,No Match,Optimized Semantic Matching,2025-09-04
UN0444,Arthritis - Waja ul Mafasil Barid,,Unknown,FA20,Rheumatoid arthritis,0.700,High,Optimized Semantic Matching,2025-09-04
UN0445,Asthma - Raboo Ratab,,Unknown,CA23,Asthma,0.800,High,Optimized Semantic Matching,2025-09-04
UN0446,Migraine - Shaqeeqa Yabis,,Unknown,8A80,Migraine,0.800,High,Optimized Semantic Matching,2025-09-04
UN0447,Depression - Sawda Chronic,,Unknown,UNMAPPED,No suitable ICD-11 match found,0.000,No Match,Optimized Semantic Matching,2025-09-04
UN0448,Gastritis - Waram-e-Meda Acute,,Unknown,DA42,Gastritis,0.800,High,Optimized Semantic Matching,2025-09-04
UN0449,Insomnia - Sahr,,Unknown,UNMAPPED,No suitable ICD-11 match found,0.000,No Match,Optimized Semantic Matching,2025-09-04
UN0450,Constipation - Qabz Har,,Unknown,ME05.0,constipation,0.800,High,Optimized Semantic Matching,2025-09-04
UN0451,Obesity - Siman-e-Mufrat Barid,,Unknown,5B81,Obesity,0.800,High,Optimized Semantic Matching,2025-09-04
UN0452,Anemia - Faqr ud Dam Ratab,,Unknown,UNMAPPED,No suitable ICD-11 match found,0.000,No Match,Optimized Semantic Matching,2025-09-04
UN0453,Skin Disease - Amraz-e-Jild Yabis,,Unknown,1D40,Chikungunya virus disease,0.700,High,Optimized Semantic Matching,2025-09-04
UN0454,Liver Disease - Amraz-e-Jigar Chronic,,Unknown,2C12.02,hepatocellular carcinoma of liver,0.700,High,Optimized Semantic Matching,2025-09-04
UN0455,Kidney Disease - Amraz-e-Kulya Acute,,Unknown,1D40,Chikungunya virus disease,0.700,High,Optimized Semantic Matching,2025-09-04
UN0456,Paralysis - Falij,,Unknown,UNMAPPED,No suitable ICD-11 match found,0.000,No Match,Optimized Semantic Matching,2025-09-04
UN0457,Epilepsy - Sara Har,,Unknown,UNMAPPED,No suitable ICD-11 match found,0.000,No Match,Optimized Semantic Matching,2025-09-04
UN0458,Diarrhea - Ishal Barid,,Unknown,UNMAPPED,No suitable ICD-11 match found,0.000,No Match,Optimized Semantic Matching,2025-09-04
UN0459,Cough - Sual Ratab,,Unknown,MD12,cough,0.800,High,Optimized Semantic Matching,2025-09-04
UN0460,Cold - Nazla Yabis,,Unknown,UNMAPPED,No suitable ICD-11 match found,0.000,No Match,Optimized Semantic Matching,2025-09-04
UN0461,Fever - Humma Chronic,,Unknown,1D2Z,"Dengue fever, unspecified",0.700,High,Optimized Semantic Matching,2025-09-04
UN0462,Diabetes - Ziabetus Acute,,Unknown,QA0A.10,special screening examination for diabetes mellitus,0.700,High,Optimized Semantic Matching,2025-09-04
UN0463,Hypertension - Zarabet Dam,,Unknown,UNMAPPED,No suitable ICD-11 match found,0.000,No Match,Optimized Semantic Matching,2025-09-04
UN0464,Arthritis - Waja ul Mafasil Har,,Unknown,FA20,Rheumatoid arthritis,0.700,High,Optimized Semantic Matching,2025-09-04
UN0465,Asthma - Raboo Barid,,Unknown,CA23,Asthma,0.800,High,Optimized Semantic Matching,2025-09-04
UN0466,Migraine - Shaqeeqa Ratab,,Unknown,8A80,Migraine,0.800,High,Optimized Semantic Matching,2025-09-04
UN0467,Depression - Sawda Yabis,,Unknown,UNMAPPED,No suitable ICD-11 match found,0.000,No Match,Optimized Semantic Matching,2025-09-04
UN0468,Gastritis - Waram-e-Meda Chronic,,Unknown,DA42,Gastritis,0.800,High,Optimized Semantic Matching,2025-09-04
UN0469,Insomnia - Sahr Acute,,Unknown,UNMAPPED,No suitable ICD-11 match found,0.000,No Match,Optimized Semantic Matching,2025-09-04
UN0470,Constipation - Qabz,,Unknown,ME05.0,constipation,0.800,High,Optimized Semantic Matching,2025-09-04
UN0471,Obesity - Siman-e-Mufrat Har,,Unknown,5B81,Obesity,0.800,High,Optimized Semantic Matching,2025-09-04
UN0472,Anemia - Faqr ud Dam Barid,,Unknown,UNMAPPED,No suitable ICD-11 match found,0.000,No Match,Optimized Semantic Matching,2025-09-04
UN0473,Skin Disease - Amraz-e-Jild Ratab,,Unknown,1D40,Chikungunya virus disease,0.700,High,Optimized Semantic Matching,2025-09-04
UN0474,Liver Disease - Amraz-e-Jigar Yabis,,Unknown,2C12.02,hepatocellular carcinoma of liver,0.700,High,Optimized Semantic Matching,2025-09-04
UN0475,Kidney Disease - Amraz-e-Kulya Chronic,,Unknown,1D40,Chikungunya virus disease,0.700,High,Optimized Semantic Matching,2025-09-04
UN0476,Paralysis - Falij Acute,,Unknown,UNMAPPED,No suitable ICD-11 match found,0.000,No Match,Optimized Semantic Matching,2025-09-04
UN0477,Epilepsy - Sara,,Unknown,UNMAPPED,No suitable ICD-11 match found,0.000,No Match,Optimized Semantic Matching,2025-09-04
UN0478,Diarrhea - Ishal Har,,Unknown,UNMAPPED,No suitable ICD-11 match found,0.000,No Match,Optimized Semantic Matching,2025-09-04
UN0479,Cough - Sual Barid,,Unknown,MD12,cough,0.800,High,Optimized Semantic Matching,2025-09-04
UN0480,Cold - Nazla Ratab,,Unknown,UNMAPPED,No suitable ICD-11 match found,0.000,No Match,Optimized Semantic Matching,2025-09-04
UN0481,Fever - Humma Yabis,,Unknown,1C30.2,Typhus fever due to Rickettsia typhi,0.700,High,Optimized Semantic Matching,2025-09-04
UN0482,Diabetes - Ziabetus Chronic,,Unknown,QA0A.10,special screening examination for diabetes mellitus,0.700,High,Optimized Semantic Matching,2025-09-04
UN0483,Hypertension - Zarabet Dam Acute,,Unknown,UNMAPPED,No suitable ICD-11 match found,0.000,No Match,Optimized Semantic Matching,2025-09-04
UN0484,Arthritis - Waja ul Mafasil,,Unknown,FA20,Rheumatoid arthritis,0.700,High,Optimized Semantic Matching,2025-09-04
UN0485,Asthma - Raboo Har,,Unknown,CA23,Asthma,0.800,High,Optimized Semantic Matching,2025-09-04
UN0486,Migraine - Shaqeeqa Barid,,Unknown,8A80,Migraine,0.800,High,Optimized Semantic Matching,2025-09-04
UN0487,Depression - Sawda Ratab,,Unknown,UNMAPPED,No suitable ICD-11 match found,0.000,No Match,Optimized Semantic Matching,2025-09-04
UN0488,Gastritis - Waram-e-Meda Yabis,,Unknown,DA42,Gastritis,0.800,High,Optimized Semantic Matching,2025-09-04
UN0489,Insomnia - Sahr Chronic,,Unknown,7A00,Chronic insomnia,0.400,Low,Optimized Semantic Matching,2025-09-04
UN0490,Constipation - Qabz Acute,,Unknown,ME05.0,constipation,0.800,High,Optimized Semantic Matching,2025-09-04
UN0491,Obesity - Siman-e-Mufrat,,Unknown,5B81,Obesity,0.800,High,Optimized Semantic Matching,2025-09-04
UN0492,Anemia - Faqr ud Dam Har,,Unknown,UNMAPPED,No suitable ICD-11 match found,0.000,No Match,Optimized Semantic Matching,2025-09-04
UN0493,Skin Disease - Amraz-e-Jild Barid,,Unknown,1D40,Chikungunya virus disease,0.700,High,Optimized Semantic Matching,2025-09-04
UN0494,Liver Disease - Amraz-e-Jigar Ratab,,Unknown,2C12.02,hepatocellular carcinoma of liver,0.700,High,Optimized Semantic Matching,2025-09-04
UN0495,Kidney Disease - Amraz-e-Kulya Yabis,,Unknown,1D40,Chikungunya virus disease,0.700,High,Optimized Semantic Matching,2025-09-04
UN0496,Paralysis - Falij Chronic,,Unknown,UNMAPPED,No suitable ICD-11 match found,0.000,No Match,Optimized Semantic Matching,2025-09-04
UN0497,Epilepsy - Sara Acute,,Unknown,UNMAPPED,No suitable ICD-11 match found,0.000,No Match,Optimized Semantic Matching,2025-09-04
UN0498,Diarrhea - Ishal,,Unknown,UNMAPPED,No suitable ICD-11 match found,0.000,No Match,Optimized Semantic Matching,2025-09-04
UN0499,Cough - Sual Har,,Unknown,MD12,cough,0.800,High,Optimized Semantic Matching,2025-09-04
UN0500,Cold - Nazla Barid,,Unknown,UNMAPPED,No suitable ICD-11 match found,0.000,No Match,Optimized Semantic Matching,2025-09-04
UN0501,Fever - Humma Ratab,,Unknown,1C30.2,Typhus fever due to Rickettsia typhi,0.700,High,Optimized Semantic Matching,2025-09-04
UN0502,Diabetes - Ziabetus Yabis,,Unknown,5A11,Type 2 diabetes mellitus,0.700,High,Optimized Semantic Matching,2025-09-04
UN0503,Hypertension - Zarabet Dam Chronic,,Unknown,UNMAPPED,No suitable ICD-11 match found,0.000,No Match,Optimized Semantic Matching,2025-09-04
UN0504,Arthritis - Waja ul Mafasil Acute,,Unknown,1B41.1Z,"Acute rheumatic endocarditis, unspecified",0.700,High,Optimized Semantic Matching,2025-09-04
UN0505,Asthma - Raboo,,Unknown,CA23,Asthma,0.800,High,Optimized Semantic Matching,2025-09-04
UN0506,Migraine - Shaqeeqa Har,,Unknown,8A80,Migraine,0.800,High,Optimized Semantic Matching,2025-09-04
UN0507,Depression - Sawda Barid,,Unknown,UNMAPPED,No suitable ICD-11 match found,0.000,No Match,Optimized Semantic Matching,2025-09-04
UN0508,Gastritis - Waram-e-Meda Ratab,,Unknown,DA42,Gastritis,0.800,High,Optimized Semantic Matching,2025-09-04
UN0509,Insomnia - Sahr Yabis,,Unknown,UNMAPPED,No suitable ICD-11 match found,0.000,No Match,Optimized Semantic Matching,2025-09-04
UN0510,Constipation - Qabz Chronic,,Unknown,ME05.0,constipation,0.800,High,Optimized Semantic Matching,2025-09-04
UN0511,Obesity - Siman-e-Mufrat Acute,,Unknown,5B81,Obesity,0.800,High,Optimized Semantic Matching,2025-09-04
UN0512,Anemia - Faqr ud Dam,,Unknown,UNMAPPED,No suitable ICD-11 match found,0.000,No Match,Optimized Semantic Matching,2025-09-04
UN0513,Skin Disease - Amraz-e-Jild Har,,Unknown,1D40,Chikungunya virus disease,0.700,High,Optimized Semantic Matching,2025-09-04
UN0514,Liver Disease - Amraz-e-Jigar Barid,,Unknown,2C12.02,hepatocellular carcinoma of liver,0.700,High,Optimized Semantic Matching,2025-09-04
UN0515,Kidney Disease - Amraz-e-Kulya Ratab,,Unknown,1D40,Chikungunya virus disease,0.700,High,Optimized Semantic Matching,2025-09-04
UN0516,Paralysis - Falij Yabis,,Unknown,UNMAPPED,No suitable ICD-11 match found,0.000,No Match,Optimized Semantic Matching,2025-09-04
UN0517,Epilepsy - Sara Chronic,,Unknown,UNMAPPED,No suitable ICD-11 match found,0.000,No Match,Optimized Semantic Matching,2025-09-04
UN0518,Diarrhea - Ishal Acute,,Unknown,UNMAPPED,No suitable ICD-11 match found,0.000,No Match,Optimized Semantic Matching,2025-09-04
UN0519,Cough - Sual,,Unknown,MD12,cough,0.800,High,Optimized Semantic Matching,2025-09-04
UN0520,Cold - Nazla Har,,Unknown,UNMAPPED,No suitable ICD-11 match found,0.000,No Match,Optimized Semantic Matching,2025-09-04
UN0521,Fever - Humma Barid,,Unknown,1C30.2,Typhus fever due to Rickettsia typhi,0.700,High,Optimized Semantic Matching,2025-09-04
UN0522,Diabetes - Ziabetus Ratab,,Unknown,5A11,Type 2 diabetes mellitus,0.700,High,Optimized Semantic Matching,2025-09-04
UN0523,Hypertension - Zarabet Dam Yabis,,Unknown,UNMAPPED,No suitable ICD-11 match found,0.000,No Match,Optimized Semantic Matching,2025-09-04
UN0524,Arthritis - Waja ul Mafasil Chronic,,Unknown,2A81.7,Diffuse large Bcell lymphoma associated with Chronic inflammation,0.700,High,Optimized Semantic Matching,2025-09-04
UN0525,Asthma - Raboo Acute,,Unknown,CA23,Asthma,0.800,High,Optimized Semantic Matching,2025-09-04
UN0526,Migraine - Shaqeeqa,,Unknown,8A80,Migraine,0.800,High,Optimized Semantic Matching,2025-09-04
UN0527,Depression - Sawda Har,,Unknown,UNMAPPED,No suitable ICD-11 match found,0.000,No Match,Optimized Semantic Matching,2025-09-04
UN0528,Gastritis - Waram-e-Meda Barid,,Unknown,DA42,Gastritis,0.800,High,Optimized Semantic Matching,2025-09-04
UN0529,Insomnia - Sahr Ratab,,Unknown,UNMAPPED,No suitable ICD-11 match found,0.000,No Match,Optimized Semantic Matching,2025-09-04
UN0530,Constipation - Qabz Yabis,,Unknown,ME05.0,constipation,0.800,High,Optimized Semantic Matching,2025-09-04
UN0531,Obesity - Siman-e-Mufrat Chronic,,Unknown,5B81,Obesity,0.800,High,Optimized Semantic Matching,2025-09-04
UN0532,Anemia - Faqr ud Dam Acute,,Unknown,UNMAPPED,No suitable ICD-11 match found,0.000,No Match,Optimized Semantic Matching,2025-09-04
UN0533,Skin Disease - Amraz-e-Jild,,Unknown,1D40,Chikungunya virus disease,0.700,High,Optimized Semantic Matching,2025-09-04
UN0534,Liver Disease - Amraz-e-Jigar Har,,Unknown,2C12.02,hepatocellular carcinoma of liver,0.700,High,Optimized Semantic Matching,2025-09-04
UN0535,Kidney Disease - Amraz-e-Kulya Barid,,Unknown,1D40,Chikungunya virus disease,0.700,High,Optimized Semantic Matching,2025-09-04
UN0536,Paralysis - Falij Ratab,,Unknown,UNMAPPED,No suitable ICD-11 match found,0.000,No Match,Optimized Semantic Matching,2025-09-04
UN0537,Epilepsy - Sara Yabis,,Unknown,UNMAPPED,No suitable ICD-11 match found,0.000,No Match,Optimized Semantic Matching,2025-09-04
UN0538,Diarrhea - Ishal Chronic,,Unknown,UNMAPPED,No suitable ICD-11 match found,0.000,No Match,Optimized Semantic Matching,2025-09-04
UN0539,Cough - Sual Acute,,Unknown,MD12,cough,0.800,High,Optimized Semantic Matching,2025-09-04
UN0540,Cold - Nazla,,Unknown,UNMAPPED,No suitable ICD-11 match found,0.000,No Match,Optimized Semantic Matching,2025-09-04
UN0541,Fever - Humma Har,,Unknown,1C30.2,Typhus fever due to Rickettsia typhi,0.700,High,Optimized Semantic Matching,2025-09-04
UN0542,Diabetes - Ziabetus Barid,,Unknown,5A11,Type 2 diabetes mellitus,0.700,High,Optimized Semantic Matching,2025-09-04
UN0543,Hypertension - Zarabet Dam Ratab,,Unknown,UNMAPPED,No suitable ICD-11 match found,0.000,No Match,Optimized Semantic Matching,2025-09-04
UN0544,Arthritis - Waja ul Mafasil Yabis,,Unknown,FA20,Rheumatoid arthritis,0.700,High,Optimized Semantic Matching,2025-09-04
UN0545,Asthma - Raboo Chronic,,Unknown,CA23,Asthma,0.800,High,Optimized Semantic Matching,2025-09-04
UN0546,Migraine - Shaqeeqa Acute,,Unknown,8A80,Migraine,0.800,High,Optimized Semantic Matching,2025-09-04
UN0547,Depression - Sawda,,Unknown,UNMAPPED,No suitable ICD-11 match found,0.000,No Match,Optimized Semantic Matching,2025-09-04
UN0548,Gastritis - Waram-e-Meda Har,,Unknown,DA42,Gastritis,0.800,High,Optimized Semantic Matching,2025-09-04
UN0549,Insomnia - Sahr Barid,,Unknown,UNMAPPED,No suitable ICD-11 match found,0.000,No Match,Optimized Semantic Matching,2025-09-04
UN0550,Constipation - Qabz Ratab,,Unknown,ME05.0,constipation,0.800,High,Optimized Semantic Matching,2025-09-04
UN0551,Obesity - Siman-e-Mufrat Yabis,,Unknown,5B81,Obesity,0.800,High,Optimized Semantic Matching,2025-09-04
UN0552,Anemia - Faqr ud Dam Chronic,,Unknown,UNMAPPED,No suitable ICD-11 match found,0.000,No Match,Optimized Semantic Matching,2025-09-04
UN0553,Skin Disease - Amraz-e-Jild Acute,,Unknown,1D40,Chikungunya virus disease,0.700,High,Optimized Semantic Matching,2025-09-04
UN0554,Liver Disease - Amraz-e-Jigar,,Unknown,2C12.02,hepatocellular carcinoma of liver,0.700,High,Optimized Semantic Matching,2025-09-04
UN0555,Kidney Disease - Amraz-e-Kulya Har,,Unknown,1D40,Chikungunya virus disease,0.700,High,Optimized Semantic Matching,2025-09-04
UN0556,Paralysis - Falij Barid,,Unknown,UNMAPPED,No suitable ICD-11 match found,0.000,No Match,Optimized Semantic Matching,2025-09-04
UN0557,Epilepsy - Sara Ratab,,Unknown,UNMAPPED,No suitable ICD-11 match found,0.000,No Match,Optimized Semantic Matching,2025-09-04
UN0558,Diarrhea - Ishal Yabis,,Unknown,UNMAPPED,No suitable ICD-11 match found,0.000,No Match,Optimized Semantic Matching,2025-09-04
UN0559,Cough - Sual Chronic,,Unknown,MD12,cough,0.800,High,Optimized Semantic Matching,2025-09-04
UN0560,Cold - Nazla Acute,,Unknown,UNMAPPED,No suitable ICD-11 match found,0.000,No Match,Optimized Semantic Matching,2025-09-04
UN0561,Fever - Humma,,Unknown,1C30.2,Typhus fever due to Rickettsia typhi,0.700,High,Optimized Semantic Matching,2025-09-04
UN0562,Diabetes - Ziabetus Har,,Unknown,5A11,Type 2 diabetes mellitus,0.700,High,Optimized Semantic Matching,2025-09-04
UN0563,Hypertension - Zarabet Dam Barid,,Unknown,UNMAPPED,No suitable ICD-11 match found,0.000,No Match,Optimized Semantic Matching,2025-09-04
UN0564,Arthritis - Waja ul Mafasil Ratab,,Unknown,FA20,Rheumatoid arthritis,0.700,High,Optimized Semantic Matching,2025-09-04
UN0565,Asthma - Raboo Yabis,,Unknown,CA23,Asthma,0.800,High,Optimized Semantic Matching,2025-09-04
UN0566,Migraine - Shaqeeqa Chronic,,Unknown,8A80,Migraine,0.800,High,Optimized Semantic Matching,2025-09-04
UN0567,Depression - Sawda Acute,,Unknown,UNMAPPED,No suitable ICD-11 match found,0.000,No Match,Optimized Semantic Matching,2025-09-04
UN0568,Gastritis - Waram-e-Meda,,Unknown,DA42,Gastritis,0.800,High,Optimized Semantic Matching,2025-09-04
UN0569,Insomnia - Sahr Har,,Unknown,UNMAPPED,No suitable ICD-11 match found,0.000,No Match,Optimized Semantic Matching,2025-09-04
UN0570,Constipation - Qabz Barid,,Unknown,ME05.0,constipation,0.800,High,Optimized Semantic Matching,2025-09-04
UN0571,Obesity - Siman-e-Mufrat Ratab,,Unknown,5B81,Obesity,0.800,High,Optimized Semantic Matching,2025-09-04
UN0572,Anemia - Faqr ud Dam Yabis,,Unknown,UNMAPPED,No suitable ICD-11 match found,0.000,No Match,Optimized Semantic Matching,2025-09-04
UN0573,Skin Disease - Amraz-e-Jild Chronic,,Unknown,1D40,Chikungunya virus disease,0.700,High,Optimized Semantic Matching,2025-09-04
UN0574,Liver Disease - Amraz-e-Jigar Acute,,Unknown,2C12.02,hepatocellular carcinoma of liver,0.700,High,Optimized Semantic Matching,2025-09-04
UN0575,Kidney Disease - Amraz-e-Kulya,,Unknown,1D40,Chikungunya virus disease,0.700,High,Optimized Semantic Matching,2025-09-04
UN0576,Paralysis - Falij Har,,Unknown,UNMAPPED,No suitable ICD-11 match found,0.000,No Match,Optimized Semantic Matching,2025-09-04
UN0577,Epilepsy - Sara Barid,,Unknown,UNMAPPED,No suitable ICD-11 match found,0.000,No Match,Optimized Semantic Matching,2025-09-04
UN0578,Diarrhea - Ishal Ratab,,Unknown,UNMAPPED,No suitable ICD-11 match found,0.000,No Match,Optimized Semantic Matching,2025-09-04
UN0579,Cough - Sual Yabis,,Unknown,MD12,cough,0.800,High,Optimized Semantic Matching,2025-09-04
UN0580,Cold - Nazla Chronic,,Unknown,UNMAPPED,No suitable ICD-11 match found,0.000,No Match,Optimized Semantic Matching,2025-09-04
UN0581,Fever - Humma Acute,,Unknown,1D2Z,"Dengue fever, unspecified",0.700,High,Optimized Semantic Matching,2025-09-04
UN0582,Diabetes - Ziabetus,,Unknown,5A11,Type 2 diabetes mellitus,0.700,High,Optimized Semantic Matching,2025-09-04
UN0583,Hypertension - Zarabet Dam Har,,Unknown,UNMAPPED,No suitable ICD-11 match found,0.000,No Match,Optimized Semantic Matching,2025-09-04
UN0584,Arthritis - Waja ul Mafasil Barid,,Unknown,FA20,Rheumatoid arthritis,0.700,High,Optimized Semantic Matching,2025-09-04
UN0585,Asthma - Raboo Ratab,,Unknown,CA23,Asthma,0.800,High,Optimized Semantic Matching,2025-09-04
UN0586,Migraine - Shaqeeqa Yabis,,Unknown,8A80,Migraine,0.800,High,Optimized Semantic Matching,2025-09-04
UN0587,Depression - Sawda Chronic,,Unknown,UNMAPPED,No suitable ICD-11 match found,0.000,No Match,Optimized Semantic Matching,2025-09-04
UN0588,Gastritis - Waram-e-Meda Acute,,Unknown,DA42,Gastritis,0.800,High,Optimized Semantic Matching,2025-09-04
UN0589,Insomnia - Sahr,,Unknown,UNMAPPED,No suitable ICD-11 match found,0.000,No Match,Optimized Semantic Matching,2025-09-04
UN0590,Constipation - Qabz Har,,Unknown,ME05.0,constipation,0.800,High,Optimized Semantic Matching,2025-09-04
UN0591,Obesity - Siman-e-Mufrat Barid,,Unknown,5B81,Obesity,0.800,High,Optimized Semantic Matching,2025-09-04
UN0592,Anemia - Faqr ud Dam Ratab,,Unknown,UNMAPPED,No suitable ICD-11 match found,0.000,No Match,Optimized Semantic Matching,2025-09-04
UN0593,Skin Disease - Amraz-e-Jild Yabis,,Unknown,1D40,Chikungunya virus disease,0.700,High,Optimized Semantic Matching,2025-09-04
UN0594,Liver Disease - Amraz-e-Jigar Chronic,,Unknown,2C12.02,hepatocellular carcinoma of liver,0.700,High,Optimized Semantic Matching,2025-09-04
UN0595,Kidney Disease - Amraz-e-Kulya Acute,,Unknown,1D40,Chikungunya virus disease,0.700,High,Optimized Semantic Matching,2025-09-04
UN0596,Paralysis - Falij,,Unknown,UNMAPPED,No suitable ICD-11 match found,0.000,No Match,Optimized Semantic Matching,2025-09-04
UN0597,Epilepsy - Sara Har,,Unknown,UNMAPPED,No suitable ICD-11 match found,0.000,No Match,Optimized Semantic Matching,2025-09-04
UN0598,Diarrhea - Ishal Barid,,Unknown,UNMAPPED,No suitable ICD-11 match found,0.000,No Match,Optimized Semantic Matching,2025-09-04
UN0599,Cough - Sual Ratab,,Unknown,MD12,cough,0.800,High,Optimized Semantic Matching,2025-09-04
UN0600,Cold - Nazla Yabis,,Unknown,UNMAPPED,No suitable ICD-11 match found,0.000,No Match,Optimized Semantic Matching,2025-09-04
UN0601,Fever - Humma Chronic,,Unknown,1D2Z,"Dengue fever, unspecified",0.700,High,Optimized Semantic Matching,2025-09-04
UN0602,Diabetes - Ziabetus Acute,,Unknown,QA0A.10,special screening examination for diabetes mellitus,0.700,High,Optimized Semantic Matching,2025-09-04
UN0603,Hypertension - Zarabet Dam,,Unknown,UNMAPPED,No suitable ICD-11 match found,0.000,No Match,Optimized Semantic Matching,2025-09-04
UN0604,Arthritis - Waja ul Mafasil Har,,Unknown,FA20,Rheumatoid arthritis,0.700,High,Optimized Semantic Matching,2025-09-04
UN0605,Asthma - Raboo Barid,,Unknown,CA23,Asthma,0.800,High,Optimized Semantic Matching,2025-09-04
UN0606,Migraine - Shaqeeqa Ratab,,Unknown,8A80,Migraine,0.800,High,Optimized Semantic Matching,2025-09-04
UN0607,Depression - Sawda Yabis,,Unknown,UNMAPPED,No suitable ICD-11 match found,0.000,No Match,Optimized Semantic Matching,2025-09-04
UN0608,Gastritis - Waram-e-Meda Chronic,,Unknown,DA42,Gastritis,0.800,High,Optimized Semantic Matching,2025-09-04
UN0609,Insomnia - Sahr Acute,,Unknown,UNMAPPED,No suitable ICD-11 match found,0.000,No Match,Optimized Semantic Matching,2025-09-04
UN0610,Constipation - Qabz,,Unknown,ME05.0,constipation,0.800,High,Optimized Semantic Matching,2025-09-04
UN0611,Obesity - Siman-e-Mufrat Har,,Unknown,5B81,Obesity,0.800,High,Optimized Semantic Matching,2025-09-04
UN0612,Anemia - Faqr ud Dam Barid,,Unknown,UNMAPPED,No suitable ICD-11 match found,0.000,No Match,Optimized Semantic Matching,2025-09-04
UN0613,Skin Disease - Amraz-e-Jild Ratab,,Unknown,1D40,Chikungunya virus disease,0.700,High,Optimized Semantic Matching,2025-09-04
UN0614,Liver Disease - Amraz-e-Jigar Yabis,,Unknown,2C12.02,hepatocellular carcinoma of liver,0.700,High,Optimized Semantic Matching,2025-09-04
UN0615,Kidney Disease - Amraz-e-Kulya Chronic,,Unknown,1D40,Chikungunya virus disease,0.700,High,Optimized Semantic Matching,2025-09-04
UN0616,Paralysis - Falij Acute,,Unknown,UNMAPPED,No suitable ICD-11 match found,0.000,No Match,Optimized Semantic Matching,2025-09-04
UN0617,Epilepsy - Sara,,Unknown,UNMAPPED,No suitable ICD-11 match found,0.000,No Match,Optimized Semantic Matching,2025-09-04
UN0618,Diarrhea - Ishal Har,,Unknown,UNMAPPED,No suitable ICD-11 match found,0.000,No Match,Optimized Semantic Matching,2025-09-04
UN0619,Cough - Sual Barid,,Unknown,MD12,cough,0.800,High,Optimized Semantic Matching,2025-09-04
UN0620,Cold - Nazla Ratab,,Unknown,UNMAPPED,No suitable ICD-11 match found,0.000,No Match,Optimized Semantic Matching,2025-09-04
UN0621,Fever - Humma Yabis,,Unknown,1C30.2,Typhus fever due to Rickettsia typhi,0.700,High,Optimized Semantic Matching,2025-09-04
UN0622,Diabetes - Ziabetus Chronic,,Unknown,QA0A.10,special screening examination for diabetes mellitus,0.700,High,Optimized Semantic Matching,2025-09-04
UN0623,Hypertension - Zarabet Dam Acute,,Unknown,UNMAPPED,No suitable ICD-11 match found,0.000,No Match,Optimized Semantic Matching,2025-09-04
UN0624,Arthritis - Waja ul Mafasil,,Unknown,FA20,Rheumatoid arthritis,0.700,High,Optimized Semantic Matching,2025-09-04
UN0625,Asthma - Raboo Har,,Unknown,CA23,Asthma,0.800,High,Optimized Semantic Matching,2025-09-04
UN0626,Migraine - Shaqeeqa Barid,,Unknown,8A80,Migraine,0.800,High,Optimized Semantic Matching,2025-09-04
UN0627,Depression - Sawda Ratab,,Unknown,UNMAPPED,No suitable ICD-11 match found,0.000,No Match,Optimized Semantic Matching,2025-09-04
UN0628,Gastritis - Waram-e-Meda Yabis,,Unknown,DA42,Gastritis,0.800,High,Optimized Semantic Matching,2025-09-04
UN0629,Insomnia - Sahr Chronic,,Unknown,7A00,Chronic insomnia,0.400,Low,Optimized Semantic Matching,2025-09-04
UN0630,Constipation - Qabz Acute,,Unknown,ME05.0,constipation,0.800,High,Optimized Semantic Matching,2025-09-04
UN0631,Obesity - Siman-e-Mufrat,,Unknown,5B81,Obesity,0.800,High,Optimized Semantic Matching,2025-09-04
UN0632,Anemia - Faqr ud Dam Har,,Unknown,UNMAPPED,No suitable ICD-11 match found,0.000,No Match,Optimized Semantic Matching,2025-09-04
UN0633,Skin Disease - Amraz-e-Jild Barid,,Unknown,1D40,Chikungunya virus disease,0.700,High,Optimized Semantic Matching,2025-09-04
UN0634,Liver Disease - Amraz-e-Jigar Ratab,,Unknown,2C12.02,hepatocellular carcinoma of liver,0.700,High,Optimized Semantic Matching,2025-09-04
UN0635,Kidney Disease - Amraz-e-Kulya Yabis,,Unknown,1D40,Chikungunya virus disease,0.700,High,Optimized Semantic Matching,2025-09-04
UN0636,Paralysis - Falij Chronic,,Unknown,UNMAPPED,No suitable ICD-11 match found,0.000,No Match,Optimized Semantic Matching,2025-09-04
UN0637,Epilepsy - Sara Acute,,Unknown,UNMAPPED,No suitable ICD-11 match found,0.000,No Match,Optimized Semantic Matching,2025-09-04
UN0638,Diarrhea - Ishal,,Unknown,UNMAPPED,No suitable ICD-11 match found,0.000,No Match,Optimized Semantic Matching,2025-09-04
UN0639,Cough - Sual Har,,Unknown,MD12,cough,0.800,High,Optimized Semantic Matching,2025-09-04
UN0640,Cold - Nazla Barid,,Unknown,UNMAPPED,No suitable ICD-11 match found,0.000,No Match,Optimized Semantic Matching,2025-09-04
UN0641,Fever - Humma Ratab,,Unknown,1C30.2,Typhus fever due to Rickettsia typhi,0.700,High,Optimized Semantic Matching,2025-09-04
UN0642,Diabetes - Ziabetus Yabis,,Unknown,5A11,Type 2 diabetes mellitus,0.700,High,Optimized Semantic Matching,2025-09-04
UN0643,Hypertension - Zarabet Dam Chronic,,Unknown,UNMAPPED,No suitable ICD-11 match found,0.000,No Match,Optimized Semantic Matching,2025-09-04
UN0644,Arthritis - Waja ul Mafasil Acute,,Unknown,1B41.1Z,"Acute rheumatic endocarditis, unspecified",0.700,High,Optimized Semantic Matching,2025-09-04
UN0645,Asthma - Raboo,,Unknown,CA23,Asthma,0.800,High,Optimized Semantic Matching,2025-09-04
UN0646,Migraine - Shaqeeqa Har,,Unknown,8A80,Migraine,0.800,High,Optimized Semantic Matching,2025-09-04
UN0647,Depression - Sawda Barid,,Unknown,UNMAPPED,No suitable ICD-11 match found,0.000,No Match,Optimized Semantic Matching,2025-09-04
UN0648,Gastritis - Waram-e-Meda Ratab,,Unknown,DA42,Gastritis,0.800,High,Optimized Semantic Matching,2025-09-04
UN0649,Insomnia - Sahr Yabis,,Unknown,UNMAPPED,No suitable ICD-11 match found,0.000,No Match,Optimized Semantic Matching,2025-09-04
UN0650,Constipation - Qabz Chronic,,Unknown,ME05.0,constipation,0.800,High,Optimized Semantic Matching,2025-09-04
UN0651,Obesity - Siman-e-Mufrat Acute,,Unknown,5B81,Obesity,0.800,High,Optimized Semantic Matching,2025-09-04
UN0652,Anemia - Faqr ud Dam,,Unknown,UNMAPPED,No suitable ICD-11 match found,0.000,No Match,Optimized Semantic Matching,2025-09-04
UN0653,Skin Disease - Amraz-e-Jild Har,,Unknown,1D40,Chikungunya virus disease,0.700,High,Optimized Semantic Matching,2025-09-04
UN0654,Liver Disease - Amraz-e-Jigar Barid,,Unknown,2C12.02,hepatocellular carcinoma of liver,0.700,High,Optimized Semantic Matching,2025-09-04
UN0655,Kidney Disease - Amraz-e-Kulya Ratab,,Unknown,1D40,Chikungunya virus disease,0.700,High,Optimized Semantic Matching,2025-09-04
UN0656,Paralysis - Falij Yabis,,Unknown,UNMAPPED,No suitable ICD-11 match found,0.000,No Match,Optimized Semantic Matching,2025-09-04
UN0657,Epilepsy - Sara Chronic,,Unknown,UNMAPPED,No suitable ICD-11 match found,0.000,No Match,Optimized Semantic Matching,2025-09-04
UN0658,Diarrhea - Ishal Acute,,Unknown,UNMAPPED,No suitable ICD-11 match found,0.000,No Match,Optimized Semantic Matching,2025-09-04
UN0659,Cough - Sual,,Unknown,MD12,cough,0.800,High,Optimized Semantic Matching,2025-09-04
UN0660,Cold - Nazla Har,,Unknown,UNMAPPED,No suitable ICD-11 match found,0.000,No Match,Optimized Semantic Matching,2025-09-04
UN0661,Fever - Humma Barid,,Unknown,1C30.2,Typhus fever due to Rickettsia typhi,0.700,High,Optimized Semantic Matching,2025-09-04
UN0662,Diabetes - Ziabetus Ratab,,Unknown,5A11,Type 2 diabetes mellitus,0.700,High,Optimized Semantic Matching,2025-09-04
UN0663,Hypertension - Zarabet Dam Yabis,,Unknown,UNMAPPED,No suitable ICD-11 match found,0.000,No Match,Optimized Semantic Matching,2025-09-04
UN0664,Arthritis - Waja ul Mafasil Chronic,,Unknown,2A81.7,Diffuse large Bcell lymphoma associated with Chronic inflammation,0.700,High,Optimized Semantic Matching,2025-09-04
UN0665,Asthma - Raboo Acute,,Unknown,CA23,Asthma,0.800,High,Optimized Semantic Matching,2025-09-04
UN0666,Migraine - Shaqeeqa,,Unknown,8A80,Migraine,0.800,High,Optimized Semantic Matching,2025-09-04
UN0667,Depression - Sawda Har,,Unknown,UNMAPPED,No suitable ICD-11 match found,0.000,No Match,Optimized Semantic Matching,2025-09-04
UN0668,Gastritis - Waram-e-Meda Barid,,Unknown,DA42,Gastritis,0.800,High,Optimized Semantic Matching,2025-09-04
UN0669,Insomnia - Sahr Ratab,,Unknown,UNMAPPED,No suitable ICD-11 match found,0.000,No Match,Optimized Semantic Matching,2025-09-04
UN0670,Constipation - Qabz Yabis,,Unknown,ME05.0,constipation,0.800,High,Optimized Semantic Matching,2025-09-04
UN0671,Obesity - Siman-e-Mufrat Chronic,,Unknown,5B81,Obesity,0.800,High,Optimized Semantic Matching,2025-09-04
UN0672,Anemia - Faqr ud Dam Acute,,Unknown,UNMAPPED,No suitable ICD-11 match found,0.000,No Match,Optimized Semantic Matching,2025-09-04
UN0673,Skin Disease - Amraz-e-Jild,,Unknown,1D40,Chikungunya virus disease,0.700,High,Optimized Semantic Matching,2025-09-04
UN0674,Liver Disease - Amraz-e-Jigar Har,,Unknown,2C12.02,hepatocellular carcinoma of liver,0.700,High,Optimized Semantic Matching,2025-09-04
UN0675,Kidney Disease - Amraz-e-Kulya Barid,,Unknown,1D40,Chikungunya virus disease,0.700,High,Optimized Semantic Matching,2025-09-04
UN0676,Paralysis - Falij Ratab,,Unknown,UNMAPPED,No suitable ICD-11 match found,0.000,No Match,Optimized Semantic Matching,2025-09-04
UN0677,Epilepsy - Sara Yabis,,Unknown,UNMAPPED,No suitable ICD-11 match found,0.000,No Match,Optimized Semantic Matching,2025-09-04
UN0678,Diarrhea - Ishal Chronic,,Unknown,UNMAPPED,No suitable ICD-11 match found,0.000,No Match,Optimized Semantic Matching,2025-09-04
UN0679,Cough - Sual Acute,,Unknown,MD12,cough,0.800,High,Optimized Semantic Matching,2025-09-04
UN0680,Cold - Nazla,,Unknown,UNMAPPED,No suitable ICD-11 match found,0.000,No Match,Optimized Semantic Matching,2025-09-04
UN0681,Fever - Humma Har,,Unknown,1C30.2,Typhus fever due to Rickettsia typhi,0.700,High,Optimized Semantic Matching,2025-09-04
UN0682,Diabetes - Ziabetus Barid,,Unknown,5A11,Type 2 diabetes mellitus,0.700,High,Optimized Semantic Matching,2025-09-04
UN0683,Hypertension - Zarabet Dam Ratab,,Unknown,UNMAPPED,No suitable ICD-11 match found,0.000,No Match,Optimized Semantic Matching,2025-09-04
UN0684,Arthritis - Waja ul Mafasil Yabis,,Unknown,FA20,Rheumatoid arthritis,0.700,High,Optimized Semantic Matching,2025-09-04
UN0685,Asthma - Raboo Chronic,,Unknown,CA23,Asthma,0.800,High,Optimized Semantic Matching,2025-09-04
UN0686,Migraine - Shaqeeqa Acute,,Unknown,8A80,Migraine,0.800,High,Optimized Semantic Matching,2025-09-04
UN0687,Depression - Sawda,,Unknown,UNMAPPED,No suitable ICD-11 match found,0.000,No Match,Optimized Semantic Matching,2025-09-04
UN0688,Gastritis - Waram-e-Meda Har,,Unknown,DA42,Gastritis,0.800,High,Optimized Semantic Matching,2025-09-04
UN0689,Insomnia - Sahr Barid,,Unknown,UNMAPPED,No suitable ICD-11 match found,0.000,No Match,Optimized Semantic Matching,2025-09-04
UN0690,Constipation - Qabz Ratab,,Unknown,ME05.0,constipation,0.800,High,Optimized Semantic Matching,2025-09-04
UN0691,Obesity - Siman-e-Mufrat Yabis,,Unknown,5B81,Obesity,0.800,High,Optimized Semantic Matching,2025-09-04
UN0692,Anemia - Faqr ud Dam Chronic,,Unknown,UNMAPPED,No suitable ICD-11 match found,0.000,No Match,Optimized Semantic Matching,2025-09-04
UN0693,Skin Disease - Amraz-e-Jild Acute,,Unknown,1D40,Chikungunya virus disease,0.700,High,Optimized Semantic Matching,2025-09-04
UN0694,Liver Disease - Amraz-e-Jigar,,Unknown,2C12.02,hepatocellular carcinoma of liver,0.700,High,Optimized Semantic Matching,2025-09-04
UN0695,Kidney Disease - Amraz-e-Kulya Har,,Unknown,1D40,Chikungunya virus disease,0.700,High,Optimized Semantic Matching,2025-09-04
UN0696,Paralysis - Falij Barid,,Unknown,UNMAPPED,No suitable ICD-11 match found,0.000,No Match,Optimized Semantic Matching,2025-09-04
UN0697,Epilepsy - Sara Ratab,,Unknown,UNMAPPED,No suitable ICD-11 match found,0.000,No Match,Optimized Semantic Matching,2025-09-04
UN0698,Diarrhea - Ishal Yabis,,Unknown,UNMAPPED,No suitable ICD-11 match found,0.000,No Match,Optimized Semantic Matching,2025-09-04
UN0699,Cough - Sual Chronic,,Unknown,MD12,cough,0.800,High,Optimized Semantic Matching,2025-09-04
UN0700,Cold - Nazla Acute,,Unknown,UNMAPPED,No suitable ICD-11 match found,0.000,No Match,Optimized Semantic Matching,2025-09-04
UN0701,Fever - Humma,,Unknown,1C30.2,Typhus fever due to Rickettsia typhi,0.700,High,Optimized Semantic Matching,2025-09-04
UN0702,Diabetes - Ziabetus Har,,Unknown,5A11,Type 2 diabetes mellitus,0.700,High,Optimized Semantic Matching,2025-09-04
UN0703,Hypertension - Zarabet Dam Barid,,Unknown,UNMAPPED,No suitable ICD-11 match found,0.000,No Match,Optimized Semantic Matching,2025-09-04
UN0704,Arthritis - Waja ul Mafasil Ratab,,Unknown,FA20,Rheumatoid arthritis,0.700,High,Optimized Semantic Matching,2025-09-04
UN0705,Asthma - Raboo Yabis,,Unknown,CA23,Asthma,0.800,High,Optimized Semantic Matching,2025-09-04
UN0706,Migraine - Shaqeeqa Chronic,,Unknown,8A80,Migraine,0.800,High,Optimized Semantic Matching,2025-09-04
UN0707,Depression - Sawda Acute,,Unknown,UNMAPPED,No suitable ICD-11 match found,0.000,No Match,Optimized Semantic Matching,2025-09-04
UN0708,Gastritis - Waram-e-Meda,,Unknown,DA42,Gastritis,0.800,High,Optimized Semantic Matching,2025-09-04
UN0709,Insomnia - Sahr Har,,Unknown,UNMAPPED,No suitable ICD-11 match found,0.000,No Match,Optimized Semantic Matching,2025-09-04
UN0710,Constipation - Qabz Barid,,Unknown,ME05.0,constipation,0.800,High,Optimized Semantic Matching,2025-09-04
UN0711,Obesity - Siman-e-Mufrat Ratab,,Unknown,5B81,Obesity,0.800,High,Optimized Semantic Matching,2025-09-04
UN0712,Anemia - Faqr ud Dam Yabis,,Unknown,UNMAPPED,No suitable ICD-11 match found,0.000,No Match,Optimized Semantic Matching,2025-09-04
UN0713,Skin Disease - Amraz-e-Jild Chronic,,Unknown,1D40,Chikungunya virus disease,0.700,High,Optimized Semantic Matching,2025-09-04
UN0714,Liver Disease - Amraz-e-Jigar Acute,,Unknown,2C12.02,hepatocellular carcinoma of liver,0.700,High,Optimized Semantic Matching,2025-09-04
UN0715,Kidney Disease - Amraz-e-Kulya,,Unknown,1D40,Chikungunya virus disease,0.700,High,Optimized Semantic Matching,2025-09-04
UN0716,Paralysis - Falij Har,,Unknown,UNMAPPED,No suitable ICD-11 match found,0.000,No Match,Optimized Semantic Matching,2025-09-04
UN0717,Epilepsy - Sara Barid,,Unknown,UNMAPPED,No suitable ICD-11 match found,0.000,No Match,Optimized Semantic Matching,2025-09-04
UN0718,Diarrhea - Ishal Ratab,,Unknown,UNMAPPED,No suitable ICD-11 match found,0.000,No Match,Optimized Semantic Matching,2025-09-04
UN0719,Cough - Sual Yabis,,Unknown,MD12,cough,0.800,High,Optimized Semantic Matching,2025-09-04
UN0720,Cold - Nazla Chronic,,Unknown,UNMAPPED,No suitable ICD-11 match found,0.000,No Match,Optimized Semantic Matching,2025-09-04
UN0721,Fever - Humma Acute,,Unknown,1D2Z,"Dengue fever, unspecified",0.700,High,Optimized Semantic Matching,2025-09-04
UN0722,Diabetes - Ziabetus,,Unknown,5A11,Type 2 diabetes mellitus,0.700,High,Optimized Semantic Matching,2025-09-04
UN0723,Hypertension - Zarabet Dam Har,,Unknown,UNMAPPED,No suitable ICD-11 match found,0.000,No Match,Optimized Semantic Matching,2025-09-04
UN0724,Arthritis - Waja ul Mafasil Barid,,Unknown,FA20,Rheumatoid arthritis,0.700,High,Optimized Semantic Matching,2025-09-04
UN0725,Asthma - Raboo Ratab,,Unknown,CA23,Asthma,0.800,High,Optimized Semantic Matching,2025-09-04
UN0726,Migraine - Shaqeeqa Yabis,,Unknown,8A80,Migraine,0.800,High,Optimized Semantic Matching,2025-09-04
UN0727,Depression - Sawda Chronic,,Unknown,UNMAPPED,No suitable ICD-11 match found,0.000,No Match,Optimized Semantic Matching,2025-09-04
UN0728,Gastritis - Waram-e-Meda Acute,,Unknown,DA42,Gastritis,0.800,High,Optimized Semantic Matching,2025-09-04
UN0729,Insomnia - Sahr,,Unknown,UNMAPPED,No suitable ICD-11 match found,0.000,No Match,Optimized Semantic Matching,2025-09-04
UN0730,Constipation - Qabz Har,,Unknown,ME05.0,constipation,0.800,High,Optimized Semantic Matching,2025-09-04
UN0731,Obesity - Siman-e-Mufrat Barid,,Unknown,5B81,Obesity,0.800,High,Optimized Semantic Matching,2025-09-04
UN0732,Anemia - Faqr ud Dam Ratab,,Unknown,UNMAPPED,No suitable ICD-11 match found,0.000,No Match,Optimized Semantic Matching,2025-09-04
UN0733,Skin Disease - Amraz-e-Jild Yabis,,Unknown,1D40,Chikungunya virus disease,0.700,High,Optimized Semantic Matching,2025-09-04
UN0734,Liver Disease - Amraz-e-Jigar Chronic,,Unknown,2C12.02,hepatocellular carcinoma of liver,0.700,High,Optimized Semantic Matching,2025-09-04
UN0735,Kidney Disease - Amraz-e-Kulya Acute,,Unknown,1D40,Chikungunya virus disease,0.700,High,Optimized Semantic Matching,2025-09-04
UN0736,Paralysis - Falij,,Unknown,UNMAPPED,No suitable ICD-11 match found,0.000,No Match,Optimized Semantic Matching,2025-09-04
UN0737,Epilepsy - Sara Har,,Unknown,UNMAPPED,No suitable ICD-11 match found,0.000,No Match,Optimized Semantic Matching,2025-09-04
UN0738,Diarrhea - Ishal Barid,,Unknown,UNMAPPED,No suitable ICD-11 match found,0.000,No Match,Optimized Semantic Matching,2025-09-04
UN0739,Cough - Sual Ratab,,Unknown,MD12,cough,0.800,High,Optimized Semantic Matching,2025-09-04
UN0740,Cold - Nazla Yabis,,Unknown,UNMAPPED,No suitable ICD-11 match found,0.000,No Match,Optimized Semantic Matching,2025-09-04
UN0741,Fever - Humma Chronic,,Unknown,1D2Z,"Dengue fever, unspecified",0.700,High,Optimized Semantic Matching,2025-09-04
UN0742,Diabetes - Ziabetus Acute,,Unknown,QA0A.10,special screening examination for diabetes mellitus,0.700,High,Optimized Semantic Matching,2025-09-04
UN0743,Hypertension - Zarabet Dam,,Unknown,UNMAPPED,No suitable ICD-11 match found,0.000,No Match,Optimized Semantic Matching,2025-09-04
UN0744,Arthritis - Waja ul Mafasil Har,,Unknown,FA20,Rheumatoid arthritis,0.700,High,Optimized Semantic Matching,2025-09-04
UN0745,Asthma - Raboo Barid,,Unknown,CA23,Asthma,0.800,High,Optimized Semantic Matching,2025-09-04
UN0746,Migraine - Shaqeeqa Ratab,,Unknown,8A80,Migraine,0.800,High,Optimized Semantic Matching,2025-09-04
UN0747,Depression - Sawda Yabis,,Unknown,UNMAPPED,No suitable ICD-11 match found,0.000,No Match,Optimized Semantic Matching,2025-09-04
UN0748,Gastritis - Waram-e-Meda Chronic,,Unknown,DA42,Gastritis,0.800,High,Optimized Semantic Matching,2025-09-04
UN0749,Insomnia - Sahr Acute,,Unknown,UNMAPPED,No suitable ICD-11 match found,0.000,No Match,Optimized Semantic Matching,2025-09-04
UN0750,Constipation - Qabz,,Unknown,ME05.0,constipation,0.800,High,Optimized Semantic Matching,2025-09-04
UN0751,Obesity - Siman-e-Mufrat Har,,Unknown,5B81,Obesity,0.800,High,Optimized Semantic Matching,2025-09-04
UN0752,Anemia - Faqr ud Dam Barid,,Unknown,UNMAPPED,No suitable ICD-11 match found,0.000,No Match,Optimized Semantic Matching,2025-09-04
UN0753,Skin Disease - Amraz-e-Jild Ratab,,Unknown,1D40,Chikungunya virus disease,0.700,High,Optimized Semantic Matching,2025-09-04
UN0754,Liver Disease - Amraz-e-Jigar Yabis,,Unknown,2C12.02,hepatocellular carcinoma of liver,0.700,High,Optimized Semantic Matching,2025-09-04
UN0755,Kidney Disease - Amraz-e-Kulya Chronic,,Unknown,1D40,Chikungunya virus disease,0.700,High,Optimized Semantic Matching,2025-09-04
UN0756,Paralysis - Falij Acute,,Unknown,UNMAPPED,No suitable ICD-11 match found,0.000,No Match,Optimized Semantic Matching,2025-09-04
UN0757,Epilepsy - Sara,,Unknown,UNMAPPED,No suitable ICD-11 match found,0.000,No Match,Optimized Semantic Matching,2025-09-04
UN0758,Diarrhea - Ishal Har,,Unknown,UNMAPPED,No suitable ICD-11 match found,0.000,No Match,Optimized Semantic Matching,2025-09-04
UN0759,Cough - Sual Barid,,Unknown,MD12,cough,0.800,High,Optimized Semantic Matching,2025-09-04
UN0760,Cold - Nazla Ratab,,Unknown,UNMAPPED,No suitable ICD-11 match found,0.000,No Match,Optimized Semantic Matching,2025-09-04
UN0761,Fever - Humma Yabis,,Unknown,1C30.2,Typhus fever due to Rickettsia typhi,0.700,High,Optimized Semantic Matching,2025-09-04
UN0762,Diabetes - Ziabetus Chronic,,Unknown,QA0A.10,special screening examination for diabetes mellitus,0.700,High,Optimized Semantic Matching,2025-09-04
UN0763,Hypertension - Zarabet Dam Acute,,Unknown,UNMAPPED,No suitable ICD-11 match found,0.000,No Match,Optimized Semantic Matching,2025-09-04
UN0764,Arthritis - Waja ul Mafasil,,Unknown,FA20,Rheumatoid arthritis,0.700,High,Optimized Semantic Matching,2025-09-04
UN0765,Asthma - Raboo Har,,Unknown,CA23,Asthma,0.800,High,Optimized Semantic Matching,2025-09-04
UN0766,Migraine - Shaqeeqa Barid,,Unknown,8A80,Migraine,0.800,High,Optimized Semantic Matching,2025-09-04
UN0767,Depression - Sawda Ratab,,Unknown,UNMAPPED,No suitable ICD-11 match found,0.000,No Match,Optimized Semantic Matching,2025-09-04
UN0768,Gastritis - Waram-e-Meda Yabis,,Unknown,DA42,Gastritis,0.800,High,Optimized Semantic Matching,2025-09-04
UN0769,Insomnia - Sahr Chronic,,Unknown,7A00,Chronic insomnia,0.400,Low,Optimized Semantic Matching,2025-09-04
UN0770,Constipation - Qabz Acute,,Unknown,ME05.0,constipation,0.800,High,Optimized Semantic Matching,2025-09-04
UN0771,Obesity - Siman-e-Mufrat,,Unknown,5B81,Obesity,0.800,High,Optimized Semantic Matching,2025-09-04
UN0772,Anemia - Faqr ud Dam Har,,Unknown,UNMAPPED,No suitable ICD-11 match found,0.000,No Match,Optimized Semantic Matching,2025-09-04
UN0773,Skin Disease - Amraz-e-Jild Barid,,Unknown,1D40,Chikungunya virus disease,0.700,High,Optimized Semantic Matching,2025-09-04
UN0774,Liver Disease - Amraz-e-Jigar Ratab,,Unknown,2C12.02,hepatocellular carcinoma of liver,0.700,High,Optimized Semantic Matching,2025-09-04
UN0775,Kidney Disease - Amraz-e-Kulya Yabis,,Unknown,1D40,Chikungunya virus disease,0.700,High,Optimized Semantic Matching,2025-09-04
UN0776,Paralysis - Falij Chronic,,Unknown,UNMAPPED,No suitable ICD-11 match found,0.000,No Match,Optimized Semantic Matching,2025-09-04
UN0777,Epilepsy - Sara Acute,,Unknown,UNMAPPED,No suitable ICD-11 match found,0.000,No Match,Optimized Semantic Matching,2025-09-04
UN0778,Diarrhea - Ishal,,Unknown,UNMAPPED,No suitable ICD-11 match found,0.000,No Match,Optimized Semantic Matching,2025-09-04
UN0779,Cough - Sual Har,,Unknown,MD12,cough,0.800,High,Optimized Semantic Matching,2025-09-04
UN0780,Cold - Nazla Barid,,Unknown,UNMAPPED,No suitable ICD-11 match found,0.000,No Match,Optimized Semantic Matching,2025-09-04
UN0781,Fever - Humma Ratab,,Unknown,1C30.2,Typhus fever due to Rickettsia typhi,0.700,High,Optimized Semantic Matching,2025-09-04
UN0782,Diabetes - Ziabetus Yabis,,Unknown,5A11,Type 2 diabetes mellitus,0.700,High,Optimized Semantic Matching,2025-09-04
UN0783,Hypertension - Zarabet Dam Chronic,,Unknown,UNMAPPED,No suitable ICD-11 match found,0.000,No Match,Optimized Semantic Matching,2025-09-04
UN0784,Arthritis - Waja ul Mafasil Acute,,Unknown,1B41.1Z,"Acute rheumatic endocarditis, unspecified",0.700,High,Optimized Semantic Matching,2025-09-04
UN0785,Asthma - Raboo,,Unknown,CA23,Asthma,0.800,High,Optimized Semantic Matching,2025-09-04
UN0786,Migraine - Shaqeeqa Har,,Unknown,8A80,Migraine,0.800,High,Optimized Semantic Matching,2025-09-04
UN0787,Depression - Sawda Barid,,Unknown,UNMAPPED,No suitable ICD-11 match found,0.000,No Match,Optimized Semantic Matching,2025-09-04
UN0788,Gastritis - Waram-e-Meda Ratab,,Unknown,DA42,Gastritis,0.800,High,Optimized Semantic Matching,2025-09-04
UN0789,Insomnia - Sahr Yabis,,Unknown,UNMAPPED,No suitable ICD-11 match found,0.000,No Match,Optimized Semantic Matching,2025-09-04
UN0790,Constipation - Qabz Chronic,,Unknown,ME05.0,constipation,0.800,High,Optimized Semantic Matching,2025-09-04
UN0791,Obesity - Siman-e-Mufrat Acute,,Unknown,5B81,Obesity,0.800,High,Optimized Semantic Matching,2025-09-04
UN0792,Anemia - Faqr ud Dam,,Unknown,UNMAPPED,No suitable ICD-11 match found,0.000,No Match,Optimized Semantic Matching,2025-09-04
UN0793,Skin Disease - Amraz-e-Jild Har,,Unknown,1D40,Chikungunya virus disease,0.700,High,Optimized Semantic Matching,2025-09-04
UN0794,Liver Disease - Amraz-e-Jigar Barid,,Unknown,2C12.02,hepatocellular carcinoma of liver,0.700,High,Optimized Semantic Matching,2025-09-04
UN0795,Kidney Disease - Amraz-e-Kulya Ratab,,Unknown,1D40,Chikungunya virus disease,0.700,High,Optimized Semantic Matching,2025-09-04
UN0796,Paralysis - Falij Yabis,,Unknown,UNMAPPED,No suitable ICD-11 match found,0.000,No Match,Optimized Semantic Matching,2025-09-04
UN0797,Epilepsy - Sara Chronic,,Unknown,UNMAPPED,No suitable ICD-11 match found,0.000,No Match,Optimized Semantic Matching,2025-09-04
UN0798,Diarrhea - Ishal Acute,,Unknown,UNMAPPED,No suitable ICD-11 match found,0.000,No Match,Optimized Semantic Matching,2025-09-04
UN0799,Cough - Sual,,Unknown,MD12,cough,0.800,High,Optimized Semantic Matching,2025-09-04
UN0800,Cold - Nazla Har,,Unknown,UNMAPPED,No suitable ICD-11 match found,0.000,No Match,Optimized Semantic Matching,2025-09-04
UN0801,Fever - Humma Barid,,Unknown,1C30.2,Typhus fever due to Rickettsia typhi,0.700,High,Optimized Semantic Matching,2025-09-04
UN0802,Diabetes - Ziabetus Ratab,,Unknown,5A11,Type 2 diabetes mellitus,0.700,High,Optimized Semantic Matching,2025-09-04
UN0803,Hypertension - Zarabet Dam Yabis,,Unknown,UNMAPPED,No suitable ICD-11 match found,0.000,No Match,Optimized Semantic Matching,2025-09-04
UN0804,Arthritis - Waja ul Mafasil Chronic,,Unknown,2A81.7,Diffuse large Bcell lymphoma associated with Chronic inflammation,0.700,High,Optimized Semantic Matching,2025-09-04
UN0805,Asthma - Raboo Acute,,Unknown,CA23,Asthma,0.800,High,Optimized Semantic Matching,2025-09-04
UN0806,Migraine - Shaqeeqa,,Unknown,8A80,Migraine,0.800,High,Optimized Semantic Matching,2025-09-04
UN0807,Depression - Sawda Har,,Unknown,UNMAPPED,No suitable ICD-11 match found,0.000,No Match,Optimized Semantic Matching,2025-09-04
UN0808,Gastritis - Waram-e-Meda Barid,,Unknown,DA42,Gastritis,0.800,High,Optimized Semantic Matching,2025-09-04
UN0809,Insomnia - Sahr Ratab,,Unknown,UNMAPPED,No suitable ICD-11 match found,0.000,No Match,Optimized Semantic Matching,2025-09-04
UN0810,Constipation - Qabz Yabis,,Unknown,ME05.0,constipation,0.800,High,Optimized Semantic Matching,2025-09-04
UN0811,Obesity - Siman-e-Mufrat Chronic,,Unknown,5B81,Obesity,0.800,High,Optimized Semantic Matching,2025-09-04
UN0812,Anemia - Faqr ud Dam Acute,,Unknown,UNMAPPED,No suitable ICD-11 match found,0.000,No Match,Optimized Semantic Matching,2025-09-04
UN0813,Skin Disease - Amraz-e-Jild,,Unknown,1D40,Chikungunya virus disease,0.700,High,Optimized Semantic Matching,2025-09-04
UN0814,Liver Disease - Amraz-e-Jigar Har,,Unknown,2C12.02,hepatocellular carcinoma of liver,0.700,High,Optimized Semantic Matching,2025-09-04
UN0815,Kidney Disease - Amraz-e-Kulya Barid,,Unknown,1D40,Chikungunya virus disease,0.700,High,Optimized Semantic Matching,2025-09-04
UN0816,Paralysis - Falij Ratab,,Unknown,UNMAPPED,No suitable ICD-11 match found,0.000,No Match,Optimized Semantic Matching,2025-09-04
UN0817,Epilepsy - Sara Yabis,,Unknown,UNMAPPED,No suitable ICD-11 match found,0.000,No Match,Optimized Semantic Matching,2025-09-04
UN0818,Diarrhea - Ishal Chronic,,Unknown,UNMAPPED,No suitable ICD-11 match found,0.000,No Match,Optimized Semantic Matching,2025-09-04
UN0819,Cough - Sual Acute,,Unknown,MD12,cough,0.800,High,Optimized Semantic Matching,2025-09-04
UN0820,Cold - Nazla,,Unknown,UNMAPPED,No suitable ICD-11 match found,0.000,No Match,Optimized Semantic Matching,2025-09-04
UN0821,Fever - Humma Har,,Unknown,1C30.2,Typhus fever due to Rickettsia typhi,0.700,High,Optimized Semantic Matching,2025-09-04
UN0822,Diabetes - Ziabetus Barid,,Unknown,5A11,Type 2 diabetes mellitus,0.700,High,Optimized Semantic Matching,2025-09-04
UN0823,Hypertension - Zarabet Dam Ratab,,Unknown,UNMAPPED,No suitable ICD-11 match found,0.000,No Match,Optimized Semantic Matching,2025-09-04
UN0824,Arthritis - Waja ul Mafasil Yabis,,Unknown,FA20,Rheumatoid arthritis,0.700,High,Optimized Semantic Matching,2025-09-04
UN0825,Asthma - Raboo Chronic,,Unknown,CA23,Asthma,0.800,High,Optimized Semantic Matching,2025-09-04
UN0826,Migraine - Shaqeeqa Acute,,Unknown,8A80,Migraine,0.800,High,Optimized Semantic Matching,2025-09-04
UN0827,Depression - Sawda,,Unknown,UNMAPPED,No suitable ICD-11 match found,0.000,No Match,Optimized Semantic Matching,2025-09-04
UN0828,Gastritis - Waram-e-Meda Har,,Unknown,DA42,Gastritis,0.800,High,Optimized Semantic Matching,2025-09-04
UN0829,Insomnia - Sahr Barid,,Unknown,UNMAPPED,No suitable ICD-11 match found,0.000,No Match,Optimized Semantic Matching,2025-09-04
UN0830,Constipation - Qabz Ratab,,Unknown,ME05.0,constipation,0.800,High,Optimized Semantic Matching,2025-09-04
UN0831,Obesity - Siman-e-Mufrat Yabis,,Unknown,5B81,Obesity,0.800,High,Optimized Semantic Matching,2025-09-04
UN0832,Anemia - Faqr ud Dam Chronic,,Unknown,UNMAPPED,No suitable ICD-11 match found,0.000,No Match,Optimized Semantic Matching,2025-09-04
UN0833,Skin Disease - Amraz-e-Jild Acute,,Unknown,1D40,Chikungunya virus disease,0.700,High,Optimized Semantic Matching,2025-09-04
UN0834,Liver Disease - Amraz-e-Jigar,,Unknown,2C12.02,hepatocellular carcinoma of liver,0.700,High,Optimized Semantic Matching,2025-09-04
UN0835,Kidney Disease - Amraz-e-Kulya Har,,Unknown,1D40,Chikungunya virus disease,0.700,High,Optimized Semantic Matching,2025-09-04
UN0836,Paralysis - Falij Barid,,Unknown,UNMAPPED,No suitable ICD-11 match found,0.000,No Match,Optimized Semantic Matching,2025-09-04
UN0837,Epilepsy - Sara Ratab,,Unknown,UNMAPPED,No suitable ICD-11 match found,0.000,No Match,Optimized Semantic Matching,2025-09-04
UN0838,Diarrhea - Ishal Yabis,,Unknown,UNMAPPED,No suitable ICD-11 match found,0.000,No Match,Optimized Semantic Matching,2025-09-04
UN0839,Cough - Sual Chronic,,Unknown,MD12,cough,0.800,High,Optimized Semantic Matching,2025-09-04
UN0840,Cold - Nazla Acute,,Unknown,UNMAPPED,No suitable ICD-11 match found,0.000,No Match,Optimized Semantic Matching,2025-09-04
UN0841,Fever - Humma,,Unknown,1C30.2,Typhus fever due to Rickettsia typhi,0.700,High,Optimized Semantic Matching,2025-09-04
UN0842,Diabetes - Ziabetus Har,,Unknown,5A11,Type 2 diabetes mellitus,0.700,High,Optimized Semantic Matching,2025-09-04
UN0843,Hypertension - Zarabet Dam Barid,,Unknown,UNMAPPED,No suitable ICD-11 match found,0.000,No Match,Optimized Semantic Matching,2025-09-04
UN0844,Arthritis - Waja ul Mafasil Ratab,,Unknown,FA20,Rheumatoid arthritis,0.700,High,Optimized Semantic Matching,2025-09-04
UN0845,Asthma - Raboo Yabis,,Unknown,CA23,Asthma,0.800,High,Optimized Semantic Matching,2025-09-04
UN0846,Migraine - Shaqeeqa Chronic,,Unknown,8A80,Migraine,0.800,High,Optimized Semantic Matching,2025-09-04
UN0847,Depression - Sawda Acute,,Unknown,UNMAPPED,No suitable ICD-11 match found,0.000,No Match,Optimized Semantic Matching,2025-09-04
UN0848,Gastritis - Waram-e-Meda,,Unknown,DA42,Gastritis,0.800,High,Optimized Semantic Matching,2025-09-04
UN0849,Insomnia - Sahr Har,,Unknown,UNMAPPED,No suitable ICD-11 match found,0.000,No Match,Optimized Semantic Matching,2025-09-04
UN0850,Constipation - Qabz Barid,,Unknown,ME05.0,constipation,0.800,High,Optimized Semantic Matching,2025-09-04
UN0851,Obesity - Siman-e-Mufrat Ratab,,Unknown,5B81,Obesity,0.800,High,Optimized Semantic Matching,2025-09-04
UN0852,Anemia - Faqr ud Dam Yabis,,Unknown,UNMAPPED,No suitable ICD-11 match found,0.000,No Match,Optimized Semantic Matching,2025-09-04
UN0853,Skin Disease - Amraz-e-Jild Chronic,,Unknown,1D40,Chikungunya virus disease,0.700,High,Optimized Semantic Matching,2025-09-04
UN0854,Liver Disease - Amraz-e-Jigar Acute,,Unknown,2C12.02,hepatocellular carcinoma of liver,0.700,High,Optimized Semantic Matching,2025-09-04
UN0855,Kidney Disease - Amraz-e-Kulya,,Unknown,1D40,Chikungunya virus disease,0.700,High,Optimized Semantic Matching,2025-09-04
UN0856,Paralysis - Falij Har,,Unknown,UNMAPPED,No suitable ICD-11 match found,0.000,No Match,Optimized Semantic Matching,2025-09-04
UN0857,Epilepsy - Sara Barid,,Unknown,UNMAPPED,No suitable ICD-11 match found,0.000,No Match,Optimized Semantic Matching,2025-09-04
UN0858,Diarrhea - Ishal Ratab,,Unknown,UNMAPPED,No suitable ICD-11 match found,0.000,No Match,Optimized Semantic Matching,2025-09-04
UN0859,Cough - Sual Yabis,,Unknown,MD12,cough,0.800,High,Optimized Semantic Matching,2025-09-04
UN0860,Cold - Nazla Chronic,,Unknown,UNMAPPED,No suitable ICD-11 match found,0.000,No Match,Optimized Semantic Matching,2025-09-04
UN0861,Fever - Humma Acute,,Unknown,1D2Z,"Dengue fever, unspecified",0.700,High,Optimized Semantic Matching,2025-09-04
UN0862,Diabetes - Ziabetus,,Unknown,5A11,Type 2 diabetes mellitus,0.700,High,Optimized Semantic Matching,2025-09-04
UN0863,Hypertension - Zarabet Dam Har,,Unknown,UNMAPPED,No suitable ICD-11 match found,0.000,No Match,Optimized Semantic Matching,2025-09-04
UN0864,Arthritis - Waja ul Mafasil Barid,,Unknown,FA20,Rheumatoid arthritis,0.700,High,Optimized Semantic Matching,2025-09-04
UN0865,Asthma - Raboo Ratab,,Unknown,CA23,Asthma,0.800,High,Optimized Semantic Matching,2025-09-04
UN0866,Migraine - Shaqeeqa Yabis,,Unknown,8A80,Migraine,0.800,High,Optimized Semantic Matching,2025-09-04
UN0867,Depression - Sawda Chronic,,Unknown,UNMAPPED,No suitable ICD-11 match found,0.000,No Match,Optimized Semantic Matching,2025-09-04
UN0868,Gastritis - Waram-e-Meda Acute,,Unknown,DA42,Gastritis,0.800,High,Optimized Semantic Matching,2025-09-04
UN0869,Insomnia - Sahr,,Unknown,UNMAPPED,No suitable ICD-11 match found,0.000,No Match,Optimized Semantic Matching,2025-09-04
UN0870,Constipation - Qabz Har,,Unknown,ME05.0,constipation,0.800,High,Optimized Semantic Matching,2025-09-04
UN0871,Obesity - Siman-e-Mufrat Barid,,Unknown,5B81,Obesity,0.800,High,Optimized Semantic Matching,2025-09-04
UN0872,Anemia - Faqr ud Dam Ratab,,Unknown,UNMAPPED,No suitable ICD-11 match found,0.000,No Match,Optimized Semantic Matching,2025-09-04
UN0873,Skin Disease - Amraz-e-Jild Yabis,,Unknown,1D40,Chikungunya virus disease,0.700,High,Optimized Semantic Matching,2025-09-04
UN0874,Liver Disease - Amraz-e-Jigar Chronic,,Unknown,2C12.02,hepatocellular carcinoma of liver,0.700,High,Optimized Semantic Matching,2025-09-04
UN0875,Kidney Disease - Amraz-e-Kulya Acute,,Unknown,1D40,Chikungunya virus disease,0.700,High,Optimized Semantic Matching,2025-09-04
UN0876,Paralysis - Falij,,Unknown,UNMAPPED,No suitable ICD-11 match found,0.000,No Match,Optimized Semantic Matching,2025-09-04
UN0877,Epilepsy - Sara Har,,Unknown,UNMAPPED,No suitable ICD-11 match found,0.000,No Match,Optimized Semantic Matching,2025-09-04
UN0878,Diarrhea - Ishal Barid,,Unknown,UNMAPPED,No suitable ICD-11 match found,0.000,No Match,Optimized Semantic Matching,2025-09-04
UN0879,Cough - Sual Ratab,,Unknown,MD12,cough,0.800,High,Optimized Semantic Matching,2025-09-04
UN0880,Cold - Nazla Yabis,,Unknown,UNMAPPED,No suitable ICD-11 match found,0.000,No Match,Optimized Semantic Matching,2025-09-04
UN0881,Fever - Humma Chronic,,Unknown,1D2Z,"Dengue fever, unspecified",0.700,High,Optimized Semantic Matching,2025-09-04
UN0882,Diabetes - Ziabetus Acute,,Unknown,QA0A.10,special screening examination for diabetes mellitus,0.700,High,Optimized Semantic Matching,2025-09-04
UN0883,Hypertension - Zarabet Dam,,Unknown,UNMAPPED,No suitable ICD-11 match found,0.000,No Match,Optimized Semantic Matching,2025-09-04
UN0884,Arthritis - Waja ul Mafasil Har,,Unknown,FA20,Rheumatoid arthritis,0.700,High,Optimized Semantic Matching,2025-09-04
UN0885,Asthma - Raboo Barid,,Unknown,CA23,Asthma,0.800,High,Optimized Semantic Matching,2025-09-04
UN0886,Migraine - Shaqeeqa Ratab,,Unknown,8A80,Migraine,0.800,High,Optimized Semantic Matching,2025-09-04
UN0887,Depression - Sawda Yabis,,Unknown,UNMAPPED,No suitable ICD-11 match found,0.000,No Match,Optimized Semantic Matching,2025-09-04
UN0888,Gastritis - Waram-e-Meda Chronic,,Unknown,DA42,Gastritis,0.800,High,Optimized Semantic Matching,2025-09-04
UN0889,Insomnia - Sahr Acute,,Unknown,UNMAPPED,No suitable ICD-11 match found,0.000,No Match,Optimized Semantic Matching,2025-09-04
UN0890,Constipation - Qabz,,Unknown,ME05.0,constipation,0.800,High,Optimized Semantic Matching,2025-09-04
UN0891,Obesity - Siman-e-Mufrat Har,,Unknown,5B81,Obesity,0.800,High,Optimized Semantic Matching,2025-09-04
UN0892,Anemia - Faqr ud Dam Barid,,Unknown,UNMAPPED,No suitable ICD-11 match found,0.000,No Match,Optimized Semantic Matching,2025-09-04
UN0893,Skin Disease - Amraz-e-Jild Ratab,,Unknown,1D40,Chikungunya virus disease,0.700,High,Optimized Semantic Matching,2025-09-04
UN0894,Liver Disease - Amraz-e-Jigar Yabis,,Unknown,2C12.02,hepatocellular carcinoma of liver,0.700,High,Optimized Semantic Matching,2025-09-04
UN0895,Kidney Disease - Amraz-e-Kulya Chronic,,Unknown,1D40,Chikungunya virus disease,0.700,High,Optimized Semantic Matching,2025-09-04
UN0896,Paralysis - Falij Acute,,Unknown,UNMAPPED,No suitable ICD-11 match found,0.000,No Match,Optimized Semantic Matching,2025-09-04
UN0897,Epilepsy - Sara,,Unknown,UNMAPPED,No suitable ICD-11 match found,0.000,No Match,Optimized Semantic Matching,2025-09-04
UN0898,Diarrhea - Ishal Har,,Unknown,UNMAPPED,No suitable ICD-11 match found,0.000,No Match,Optimized Semantic Matching,2025-09-04
UN0899,Cough - Sual Barid,,Unknown,MD12,cough,0.800,High,Optimized Semantic Matching,2025-09-04
UN0900,Cold - Nazla Ratab,,Unknown,UNMAPPED,No suitable ICD-11 match found,0.000,No Match,Optimized Semantic Matching,2025-09-04
UN0901,Fever - Humma Yabis,,Unknown,1C30.2,Typhus fever due to Rickettsia typhi,0.700,High,Optimized Semantic Matching,2025-09-04
UN0902,Diabetes - Ziabetus Chronic,,Unknown,QA0A.10,special screening examination for diabetes mellitus,0.700,High,Optimized Semantic Matching,2025-09-04
UN0903,Hypertension - Zarabet Dam Acute,,Unknown,UNMAPPED,No suitable ICD-11 match found,0.000,No Match,Optimized Semantic Matching,2025-09-04
UN0904,Arthritis - Waja ul Mafasil,,Unknown,FA20,Rheumatoid arthritis,0.700,High,Optimized Semantic Matching,2025-09-04
UN0905,Asthma - Raboo Har,,Unknown,CA23,Asthma,0.800,High,Optimized Semantic Matching,2025-09-04
UN0906,Migraine - Shaqeeqa Barid,,Unknown,8A80,Migraine,0.800,High,Optimized Semantic Matching,2025-09-04
UN0907,Depression - Sawda Ratab,,Unknown,UNMAPPED,No suitable ICD-11 match found,0.000,No Match,Optimized Semantic Matching,2025-09-04
UN0908,Gastritis - Waram-e-Meda Yabis,,Unknown,DA42,Gastritis,0.800,High,Optimized Semantic Matching,2025-09-04
UN0909,Insomnia - Sahr Chronic,,Unknown,7A00,Chronic insomnia,0.400,Low,Optimized Semantic Matching,2025-09-04
UN0910,Constipation - Qabz Acute,,Unknown,ME05.0,constipation,0.800,High,Optimized Semantic Matching,2025-09-04
UN0911,Obesity - Siman-e-Mufrat,,Unknown,5B81,Obesity,0.800,High,Optimized Semantic Matching,2025-09-04
UN0912,Anemia - Faqr ud Dam Har,,Unknown,UNMAPPED,No suitable ICD-11 match found,0.000,No Match,Optimized Semantic Matching,2025-09-04
UN0913,Skin Disease - Amraz-e-Jild Barid,,Unknown,1D40,Chikungunya virus disease,0.700,High,Optimized Semantic Matching,2025-09-04
UN0914,Liver Disease - Amraz-e-Jigar Ratab,,Unknown,2C12.02,hepatocellular carcinoma of liver,0.700,High,Optimized Semantic Matching,2025-09-04
UN0915,Kidney Disease - Amraz-e-Kulya Yabis,,Unknown,1D40,Chikungunya virus disease,0.700,High,Optimized Semantic Matching,2025-09-04
UN0916,Paralysis - Falij Chronic,,Unknown,UNMAPPED,No suitable ICD-11 match found,0.000,No Match,Optimized Semantic Matching,2025-09-04
UN0917,Epilepsy - Sara Acute,,Unknown,UNMAPPED,No suitable ICD-11 match found,0.000,No Match,Optimized Semantic Matching,2025-09-04
UN0918,Diarrhea - Ishal,,Unknown,UNMAPPED,No suitable ICD-11 match found,0.000,No Match,Optimized Semantic Matching,2025-09-04
UN0919,Cough - Sual Har,,Unknown,MD12,cough,0.800,High,Optimized Semantic Matching,2025-09-04
UN0920,Cold - Nazla Barid,,Unknown,UNMAPPED,No suitable ICD-11 match found,0.000,No Match,Optimized Semantic Matching,2025-09-04
UN0921,Fever - Humma Ratab,,Unknown,1C30.2,Typhus fever due to Rickettsia typhi,0.700,High,Optimized Semantic Matching,2025-09-04
UN0922,Diabetes - Ziabetus Yabis,,Unknown,5A11,Type 2 diabetes mellitus,0.700,High,Optimized Semantic Matching,2025-09-04
UN0923,Hypertension - Zarabet Dam Chronic,,Unknown,UNMAPPED,No suitable ICD-11 match found,0.000,No Match,Optimized Semantic Matching,2025-09-04
UN0924,Arthritis - Waja ul Mafasil Acute,,Unknown,1B41.1Z,"Acute rheumatic endocarditis, unspecified",0.700,High,Optimized Semantic Matching,2025-09-04
UN0925,Asthma - Raboo,,Unknown,CA23,Asthma,0.800,High,Optimized Semantic Matching,2025-09-04
UN0926,Migraine - Shaqeeqa Har,,Unknown,8A80,Migraine,0.800,High,Optimized Semantic Matching,2025-09-04
UN0927,Depression - Sawda Barid,,Unknown,UNMAPPED,No suitable ICD-11 match found,0.000,No Match,Optimized Semantic Matching,2025-09-04
UN0928,Gastritis - Waram-e-Meda Ratab,,Unknown,DA42,Gastritis,0.800,High,Optimized Semantic Matching,2025-09-04
UN0929,Insomnia - Sahr Yabis,,Unknown,UNMAPPED,No suitable ICD-11 match found,0.000,No Match,Optimized Semantic Matching,2025-09-04
UN0930,Constipation - Qabz Chronic,,Unknown,ME05.0,constipation,0.800,High,Optimized Semantic Matching,2025-09-04
UN0931,Obesity - Siman-e-Mufrat Acute,,Unknown,5B81,Obesity,0.800,High,Optimized Semantic Matching,2025-09-04
UN0932,Anemia - Faqr ud Dam,,Unknown,UNMAPPED,No suitable ICD-11 match found,0.000,No Match,Optimized Semantic Matching,2025-09-04
UN0933,Skin Disease - Amraz-e-Jild Har,,Unknown,1D40,Chikungunya virus disease,0.700,High,Optimized Semantic Matching,2025-09-04
UN0934,Liver Disease - Amraz-e-Jigar Barid,,Unknown,2C12.02,hepatocellular carcinoma of liver,0.700,High,Optimized Semantic Matching,2025-09-04
UN0935,Kidney Disease - Amraz-e-Kulya Ratab,,Unknown,1D40,Chikungunya virus disease,0.700,High,Optimized Semantic Matching,2025-09-04
UN0936,Paralysis - Falij Yabis,,Unknown,UNMAPPED,No suitable ICD-11 match found,0.000,No Match,Optimized Semantic Matching,2025-09-04
UN0937,Epilepsy - Sara Chronic,,Unknown,UNMAPPED,No suitable ICD-11 match found,0.000,No Match,Optimized Semantic Matching,2025-09-04
UN0938,Diarrhea - Ishal Acute,,Unknown,UNMAPPED,No suitable ICD-11 match found,0.000,No Match,Optimized Semantic Matching,2025-09-04
UN0939,Cough - Sual,,Unknown,MD12,cough,0.800,High,Optimized Semantic Matching,2025-09-04
UN0940,Cold - Nazla Har,,Unknown,UNMAPPED,No suitable ICD-11 match found,0.000,No Match,Optimized Semantic Matching,2025-09-04
UN0941,Fever - Humma Barid,,Unknown,1C30.2,Typhus fever due to Rickettsia typhi,0.700,High,Optimized Semantic Matching,2025-09-04
UN0942,Diabetes - Ziabetus Ratab,,Unknown,5A11,Type 2 diabetes mellitus,0.700,High,Optimized Semantic Matching,2025-09-04
UN0943,Hypertension - Zarabet Dam Yabis,,Unknown,UNMAPPED,No suitable ICD-11 match found,0.000,No Match,Optimized Semantic Matching,2025-09-04
UN0944,Arthritis - Waja ul Mafasil Chronic,,Unknown,2A81.7,Diffuse large Bcell lymphoma associated with Chronic inflammation,0.700,High,Optimized Semantic Matching,2025-09-04
UN0945,Asthma - Raboo Acute,,Unknown,CA23,Asthma,0.800,High,Optimized Semantic Matching,2025-09-04
UN0946,Migraine - Shaqeeqa,,Unknown,8A80,Migraine,0.800,High,Optimized Semantic Matching,2025-09-04
UN0947,Depression - Sawda Har,,Unknown,UNMAPPED,No suitable ICD-11 match found,0.000,No Match,Optimized Semantic Matching,2025-09-04
UN0948,Gastritis - Waram-e-Meda Barid,,Unknown,DA42,Gastritis,0.800,High,Optimized Semantic Matching,2025-09-04
UN0949,Insomnia - Sahr Ratab,,Unknown,UNMAPPED,No suitable ICD-11 match found,0.000,No Match,Optimized Semantic Matching,2025-09-04
UN0950,Constipation - Qabz Yabis,,Unknown,ME05.0,constipation,0.800,High,Optimized Semantic Matching,2025-09-04
UN0951,Obesity - Siman-e-Mufrat Chronic,,Unknown,5B81,Obesity,0.800,High,Optimized Semantic Matching,2025-09-04
UN0952,Anemia - Faqr ud Dam Acute,,Unknown,UNMAPPED,No suitable ICD-11 match found,0.000,No Match,Optimized Semantic Matching,2025-09-04
UN0953,Skin Disease - Amraz-e-Jild,,Unknown,1D40,Chikungunya virus disease,0.700,High,Optimized Semantic Matching,2025-09-04
UN0954,Liver Disease - Amraz-e-Jigar Har,,Unknown,2C12.02,hepatocellular carcinoma of liver,0.700,High,Optimized Semantic Matching,2025-09-04
UN0955,Kidney Disease - Amraz-e-Kulya Barid,,Unknown,1D40,Chikungunya virus disease,0.700,High,Optimized Semantic Matching,2025-09-04
UN0956,Paralysis - Falij Ratab,,Unknown,UNMAPPED,No suitable ICD-11 match found,0.000,No Match,Optimized Semantic Matching,2025-09-04
UN0957,Epilepsy - Sara Yabis,,Unknown,UNMAPPED,No suitable ICD-11 match found,0.000,No Match,Optimized Semantic Matching,2025-09-04
UN0958,Diarrhea - Ishal Chronic,,Unknown,UNMAPPED,No suitable ICD-11 match found,0.000,No Match,Optimized Semantic Matching,2025-09-04
UN0959,Cough - Sual Acute,,Unknown,MD12,cough,0.800,High,Optimized Semantic Matching,2025-09-04
UN0960,Cold - Nazla,,Unknown,UNMAPPED,No suitable ICD-11 match found,0.000,No Match,Optimized Semantic Matching,2025-09-04
UN0961,Fever - Humma Har,,Unknown,1C30.2,Typhus fever due to Rickettsia typhi,0.700,High,Optimized Semantic Matching,2025-09-04
UN0962,Diabetes - Ziabetus Barid,,Unknown,5A11,Type 2 diabetes mellitus,0.700,High,Optimized Semantic Matching,2025-09-04
UN0963,Hypertension - Zarabet Dam Ratab,,Unknown,UNMAPPED,No suitable ICD-11 match found,0.000,No Match,Optimized Semantic Matching,2025-09-04
UN0964,Arthritis - Waja ul Mafasil Yabis,,Unknown,FA20,Rheumatoid arthritis,0.700,High,Optimized Semantic Matching,2025-09-04
UN0965,Asthma - Raboo Chronic,,Unknown,CA23,Asthma,0.800,High,Optimized Semantic Matching,2025-09-04
UN0966,Migraine - Shaqeeqa Acute,,Unknown,8A80,Migraine,0.800,High,Optimized Semantic Matching,2025-09-04
UN0967,Depression - Sawda,,Unknown,UNMAPPED,No suitable ICD-11 match found,0.000,No Match,Optimized Semantic Matching,2025-09-04
UN0968,Gastritis - Waram-e-Meda Har,,Unknown,DA42,Gastritis,0.800,High,Optimized Semantic Matching,2025-09-04
UN0969,Insomnia - Sahr Barid,,Unknown,UNMAPPED,No suitable ICD-11 match found,0.000,No Match,Optimized Semantic Matching,2025-09-04
UN0970,Constipation - Qabz Ratab,,Unknown,ME05.0,constipation,0.800,High,Optimized Semantic Matching,2025-09-04
UN0971,Obesity - Siman-e-Mufrat Yabis,,Unknown,5B81,Obesity,0.800,High,Optimized Semantic Matching,2025-09-04
UN0972,Anemia - Faqr ud Dam Chronic,,Unknown,UNMAPPED,No suitable ICD-11 match found,0.000,No Match,Optimized Semantic Matching,2025-09-04
UN0973,Skin Disease - Amraz-e-Jild Acute,,Unknown,1D40,Chikungunya virus disease,0.700,High,Optimized Semantic Matching,2025-09-04
UN0974,Liver Disease - Amraz-e-Jigar,,Unknown,2C12.02,hepatocellular carcinoma of liver,0.700,High,Optimized Semantic Matching,2025-09-04
UN0975,Kidney Disease - Amraz-e-Kulya Har,,Unknown,1D40,Chikungunya virus disease,0.700,High,Optimized Semantic Matching,2025-09-04
UN0976,Paralysis - Falij Barid,,Unknown,UNMAPPED,No suitable ICD-11 match found,0.000,No Match,Optimized Semantic Matching,2025-09-04
UN0977,Epilepsy - Sara Ratab,,Unknown,UNMAPPED,No suitable ICD-11 match found,0.000,No Match,Optimized Semantic Matching,2025-09-04
UN0978,Diarrhea - Ishal Yabis,,Unknown,UNMAPPED,No suitable ICD-11 match found,0.000,No Match,Optimized Semantic Matching,2025-09-04
UN0979,Cough - Sual Chronic,,Unknown,MD12,cough,0.800,High,Optimized Semantic Matching,2025-09-04
UN0980,Cold - Nazla Acute,,Unknown,UNMAPPED,No suitable ICD-11 match found,0.000,No Match,Optimized Semantic Matching,2025-09-04
UN0981,Fever - Humma,,Unknown,1C30.2,Typhus fever due to Rickettsia typhi,0.700,High,Optimized Semantic Matching,2025-09-04
UN0982,Diabetes - Ziabetus Har,,Unknown,5A11,Type 2 diabetes mellitus,0.700,High,Optimized Semantic Matching,2025-09-04
UN0983,Hypertension - Zarabet Dam Barid,,Unknown,UNMAPPED,No suitable ICD-11 match found,0.000,No Match,Optimized Semantic Matching,2025-09-04
UN0984,Arthritis - Waja ul Mafasil Ratab,,Unknown,FA20,Rheumatoid arthritis,0.700,High,Optimized Semantic Matching,2025-09-04
UN0985,Asthma - Raboo Yabis,,Unknown,CA23,Asthma,0.800,High,Optimized Semantic Matching,2025-09-04
UN0986,Migraine - Shaqeeqa Chronic,,Unknown,8A80,Migraine,0.800,High,Optimized Semantic Matching,2025-09-04
UN0987,Depression - Sawda Acute,,Unknown,UNMAPPED,No suitable ICD-11 match found,0.000,No Match,Optimized Semantic Matching,2025-09-04
UN0988,Gastritis - Waram-e-Meda,,Unknown,DA42,Gastritis,0.800,High,Optimized Semantic Matching,2025-09-04
UN0989,Insomnia - Sahr Har,,Unknown,UNMAPPED,No suitable ICD-11 match found,0.000,No Match,Optimized Semantic Matching,2025-09-04
UN0990,Constipation - Qabz Barid,,Unknown,ME05.0,constipation,0.800,High,Optimized Semantic Matching,2025-09-04
UN0991,Obesity - Siman-e-Mufrat Ratab,,Unknown,5B81,Obesity,0.800,High,Optimized Semantic Matching,2025-09-04
UN0992,Anemia - Faqr ud Dam Yabis,,Unknown,UNMAPPED,No suitable ICD-11 match found,0.000,No Match,Optimized Semantic Matching,2025-09-04
UN0993,Skin Disease - Amraz-e-Jild Chronic,,Unknown,1D40,Chikungunya virus disease,0.700,High,Optimized Semantic Matching,2025-09-04
UN0994,Liver Disease - Amraz-e-Jigar Acute,,Unknown,2C12.02,hepatocellular carcinoma of liver,0.700,High,Optimized Semantic Matching,2025-09-04
UN0995,Kidney Disease - Amraz-e-Kulya,,Unknown,1D40,Chikungunya virus disease,0.700,High,Optimized Semantic Matching,2025-09-04
UN0996,Paralysis - Falij Har,,Unknown,UNMAPPED,No suitable ICD-11 match found,0.000,No Match,Optimized Semantic Matching,2025-09-04
UN0997,Epilepsy - Sara Barid,,Unknown,UNMAPPED,No suitable ICD-11 match found,0.000,No Match,Optimized Semantic Matching,2025-09-04
UN0998,Diarrhea - Ishal Ratab,,Unknown,UNMAPPED,No suitable ICD-11 match found,0.000,No Match,Optimized Semantic Matching,2025-09-04
UN0999,Cough - Sual Yabis,,Unknown,MD12,cough,0.800,High,Optimized Semantic Matching,2025-09-04
UN1000,Cold - Nazla Chronic,,Unknown,UNMAPPED,No suitable ICD-11 match found,0.000,No Match,Optimized Semantic Matching,2025-09-04
UN1001,Fever - Humma Acute,,Unknown,1D2Z,"Dengue fever, unspecified",0.700,High,Optimized Semantic Matching,2025-09-04
UN1002,Diabetes - Ziabetus,,Unknown,5A11,Type 2 diabetes mellitus,0.700,High,Optimized Semantic Matching,2025-09-04
UN1003,Hypertension - Zarabet Dam Har,,Unknown,UNMAPPED,No suitable ICD-11 match found,0.000,No Match,Optimized Semantic Matching,2025-09-04
UN1004,Arthritis - Waja ul Mafasil Barid,,Unknown,FA20,Rheumatoid arthritis,0.700,High,Optimized Semantic Matching,2025-09-04
UN1005,Asthma - Raboo Ratab,,Unknown,CA23,Asthma,0.800,High,Optimized Semantic Matching,2025-09-04
UN1006,Migraine - Shaqeeqa Yabis,,Unknown,8A80,Migraine,0.800,High,Optimized Semantic Matching,2025-09-04
UN1007,Depression - Sawda Chronic,,Unknown,UNMAPPED,No suitable ICD-11 match found,0.000,No Match,Optimized Semantic Matching,2025-09-04
UN1008,Gastritis - Waram-e-Meda Acute,,Unknown,DA42,Gastritis,0.800,High,Optimized Semantic Matching,2025-09-04
UN1009,Insomnia - Sahr,,Unknown,UNMAPPED,No suitable ICD-11 match found,0.000,No Match,Optimized Semantic Matching,2025-09-04
UN1010,Constipation - Qabz Har,,Unknown,ME05.0,constipation,0.800,High,Optimized Semantic Matching,2025-09-04
UN1011,Obesity - Siman-e-Mufrat Barid,,Unknown,5B81,Obesity,0.800,High,Optimized Semantic Matching,2025-09-04
UN1012,Anemia - Faqr ud Dam Ratab,,Unknown,UNMAPPED,No suitable ICD-11 match found,0.000,No Match,Optimized Semantic Matching,2025-09-04
UN1013,Skin Disease - Amraz-e-Jild Yabis,,Unknown,1D40,Chikungunya virus disease,0.700,High,Optimized Semantic Matching,2025-09-04
UN1014,Liver Disease - Amraz-e-Jigar Chronic,,Unknown,2C12.02,hepatocellular carcinoma of liver,0.700,High,Optimized Semantic Matching,2025-09-04
UN1015,Kidney Disease - Amraz-e-Kulya Acute,,Unknown,1D40,Chikungunya virus disease,0.700,High,Optimized Semantic Matching,2025-09-04
UN1016,Paralysis - Falij,,Unknown,UNMAPPED,No suitable ICD-11 match found,0.000,No Match,Optimized Semantic Matching,2025-09-04
UN1017,Epilepsy - Sara Har,,Unknown,UNMAPPED,No suitable ICD-11 match found,0.000,No Match,Optimized Semantic Matching,2025-09-04
UN1018,Diarrhea - Ishal Barid,,Unknown,UNMAPPED,No suitable ICD-11 match found,0.000,No Match,Optimized Semantic Matching,2025-09-04
UN1019,Cough - Sual Ratab,,Unknown,MD12,cough,0.800,High,Optimized Semantic Matching,2025-09-04
UN1020,Cold - Nazla Yabis,,Unknown,UNMAPPED,No suitable ICD-11 match found,0.000,No Match,Optimized Semantic Matching,2025-09-04
UN1021,Fever - Humma Chronic,,Unknown,1D2Z,"Dengue fever, unspecified",0.700,High,Optimized Semantic Matching,2025-09-04
UN1022,Diabetes - Ziabetus Acute,,Unknown,QA0A.10,special screening examination for diabetes mellitus,0.700,High,Optimized Semantic Matching,2025-09-04
UN1023,Hypertension - Zarabet Dam,,Unknown,UNMAPPED,No suitable ICD-11 match found,0.000,No Match,Optimized Semantic Matching,2025-09-04
UN1024,Arthritis - Waja ul Mafasil Har,,Unknown,FA20,Rheumatoid arthritis,0.700,High,Optimized Semantic Matching,2025-09-04
UN1025,Asthma - Raboo Barid,,Unknown,CA23,Asthma,0.800,High,Optimized Semantic Matching,2025-09-04
UN1026,Migraine - Shaqeeqa Ratab,,Unknown,8A80,Migraine,0.800,High,Optimized Semantic Matching,2025-09-04
UN1027,Depression - Sawda Yabis,,Unknown,UNMAPPED,No suitable ICD-11 match found,0.000,No Match,Optimized Semantic Matching,2025-09-04
UN1028,Gastritis - Waram-e-Meda Chronic,,Unknown,DA42,Gastritis,0.800,High,Optimized Semantic Matching,2025-09-04
UN1029,Insomnia - Sahr Acute,,Unknown,UNMAPPED,No suitable ICD-11 match found,0.000,No Match,Optimized Semantic Matching,2025-09-04
UN1030,Constipation - Qabz,,Unknown,ME05.0,constipation,0.800,High,Optimized Semantic Matching,2025-09-04
UN1031,Obesity - Siman-e-Mufrat Har,,Unknown,5B81,Obesity,0.800,High,Optimized Semantic Matching,2025-09-04
UN1032,Anemia - Faqr ud Dam Barid,,Unknown,UNMAPPED,No suitable ICD-11 match found,0.000,No Match,Optimized Semantic Matching,2025-09-04
UN1033,Skin Disease - Amraz-e-Jild Ratab,,Unknown,1D40,Chikungunya virus disease,0.700,High,Optimized Semantic Matching,2025-09-04
UN1034,Liver Disease - Amraz-e-Jigar Yabis,,Unknown,2C12.02,hepatocellular carcinoma of liver,0.700,High,Optimized Semantic Matching,2025-09-04
UN1035,Kidney Disease - Amraz-e-Kulya Chronic,,Unknown,1D40,Chikungunya virus disease,0.700,High,Optimized Semantic Matching,2025-09-04
UN1036,Paralysis - Falij Acute,,Unknown,UNMAPPED,No suitable ICD-11 match found,0.000,No Match,Optimized Semantic Matching,2025-09-04
UN1037,Epilepsy - Sara,,Unknown,UNMAPPED,No suitable ICD-11 match found,0.000,No Match,Optimized Semantic Matching,2025-09-04
UN1038,Diarrhea - Ishal Har,,Unknown,UNMAPPED,No suitable ICD-11 match found,0.000,No Match,Optimized Semantic Matching,2025-09-04
UN1039,Cough - Sual Barid,,Unknown,MD12,cough,0.800,High,Optimized Semantic Matching,2025-09-04
UN1040,Cold - Nazla Ratab,,Unknown,UNMAPPED,No suitable ICD-11 match found,0.000,No Match,Optimized Semantic Matching,2025-09-04
UN1041,Fever - Humma Yabis,,Unknown,1C30.2,Typhus fever due to Rickettsia typhi,0.700,High,Optimized Semantic Matching,2025-09-04
UN1042,Diabetes - Ziabetus Chronic,,Unknown,QA0A.10,special screening examination for diabetes mellitus,0.700,High,Optimized Semantic Matching,2025-09-04
UN1043,Hypertension - Zarabet Dam Acute,,Unknown,UNMAPPED,No suitable ICD-11 match found,0.000,No Match,Optimized Semantic Matching,2025-09-04
UN1044,Arthritis - Waja ul Mafasil,,Unknown,FA20,Rheumatoid arthritis,0.700,High,Optimized Semantic Matching,2025-09-04
UN1045,Asthma - Raboo Har,,Unknown,CA23,Asthma,0.800,High,Optimized Semantic Matching,2025-09-04
UN1046,Migraine - Shaqeeqa Barid,,Unknown,8A80,Migraine,0.800,High,Optimized Semantic Matching,2025-09-04
UN1047,Depression - Sawda Ratab,,Unknown,UNMAPPED,No suitable ICD-11 match found,0.000,No Match,Optimized Semantic Matching,2025-09-04
UN1048,Gastritis - Waram-e-Meda Yabis,,Unknown,DA42,Gastritis,0.800,High,Optimized Semantic Matching,2025-09-04
UN1049,Insomnia - Sahr Chronic,,Unknown,7A00,Chronic insomnia,0.400,Low,Optimized Semantic Matching,2025-09-04
UN1050,Constipation - Qabz Acute,,Unknown,ME05.0,constipation,0.800,High,Optimized Semantic Matching,2025-09-04
UN1051,Obesity - Siman-e-Mufrat,,Unknown,5B81,Obesity,0.800,High,Optimized Semantic Matching,2025-09-04
UN1052,Anemia - Faqr ud Dam Har,,Unknown,UNMAPPED,No suitable ICD-11 match found,0.000,No Match,Optimized Semantic Matching,2025-09-04
UN1053,Skin Disease - Amraz-e-Jild Barid,,Unknown,1D40,Chikungunya virus disease,0.700,High,Optimized Semantic Matching,2025-09-04
UN1054,Liver Disease - Amraz-e-Jigar Ratab,,Unknown,2C12.02,hepatocellular carcinoma of liver,0.700,High,Optimized Semantic Matching,2025-09-04
UN1055,Kidney Disease - Amraz-e-Kulya Yabis,,Unknown,1D40,Chikungunya virus disease,0.700,High,Optimized Semantic Matching,2025-09-04
UN1056,Paralysis - Falij Chronic,,Unknown,UNMAPPED,No suitable ICD-11 match found,0.000,No Match,Optimized Semantic Matching,2025-09-04
UN1057,Epilepsy - Sara Acute,,Unknown,UNMAPPED,No suitable ICD-11 match found,0.000,No Match,Optimized Semantic Matching,2025-09-04
UN1058,Diarrhea - Ishal,,Unknown,UNMAPPED,No suitable ICD-11 match found,0.000,No Match,Optimized Semantic Matching,2025-09-04
UN1059,Cough - Sual Har,,Unknown,MD12,cough,0.800,High,Optimized Semantic Matching,2025-09-04
UN1060,Cold - Nazla Barid,,Unknown,UNMAPPED,No suitable ICD-11 match found,0.000,No Match,Optimized Semantic Matching,2025-09-04
UN1061,Fever - Humma Ratab,,Unknown,1C30.2,Typhus fever due to Rickettsia typhi,0.700,High,Optimized Semantic Matching,2025-09-04
UN1062,Diabetes - Ziabetus Yabis,,Unknown,5A11,Type 2 diabetes mellitus,0.700,High,Optimized Semantic Matching,2025-09-04
UN1063,Hypertension - Zarabet Dam Chronic,,Unknown,UNMAPPED,No suitable ICD-11 match found,0.000,No Match,Optimized Semantic Matching,2025-09-04
UN1064,Arthritis - Waja ul Mafasil Acute,,Unknown,1B41.1Z,"Acute rheumatic endocarditis, unspecified",0.700,High,Optimized Semantic Matching,2025-09-04
UN1065,Asthma - Raboo,,Unknown,CA23,Asthma,0.800,High,Optimized Semantic Matching,2025-09-04
UN1066,Migraine - Shaqeeqa Har,,Unknown,8A80,Migraine,0.800,High,Optimized Semantic Matching,2025-09-04
UN1067,Depression - Sawda Barid,,Unknown,UNMAPPED,No suitable ICD-11 match found,0.000,No Match,Optimized Semantic Matching,2025-09-04
UN1068,Gastritis - Waram-e-Meda Ratab,,Unknown,DA42,Gastritis,0.800,High,Optimized Semantic Matching,2025-09-04
UN1069,Insomnia - Sahr Yabis,,Unknown,UNMAPPED,No suitable ICD-11 match found,0.000,No Match,Optimized Semantic Matching,2025-09-04
UN1070,Constipation - Qabz Chronic,,Unknown,ME05.0,constipation,0.800,High,Optimized Semantic Matching,2025-09-04
UN1071,Obesity - Siman-e-Mufrat Acute,,Unknown,5B81,Obesity,0.800,High,Optimized Semantic Matching,2025-09-04
UN1072,Anemia - Faqr ud Dam,,Unknown,UNMAPPED,No suitable ICD-11 match found,0.000,No Match,Optimized Semantic Matching,2025-09-04
UN1073,Skin Disease - Amraz-e-Jild Har,,Unknown,1D40,Chikungunya virus disease,0.700,High,Optimized Semantic Matching,2025-09-04
UN1074,Liver Disease - Amraz-e-Jigar Barid,,Unknown,2C12.02,hepatocellular carcinoma of liver,0.700,High,Optimized Semantic Matching,2025-09-04
UN1075,Kidney Disease - Amraz-e-Kulya Ratab,,Unknown,1D40,Chikungunya virus disease,0.700,High,Optimized Semantic Matching,2025-09-04
UN1076,Paralysis - Falij Yabis,,Unknown,UNMAPPED,No suitable ICD-11 match found,0.000,No Match,Optimized Semantic Matching,2025-09-04
UN1077,Epilepsy - Sara Chronic,,Unknown,UNMAPPED,No suitable ICD-11 match found,0.000,No Match,Optimized Semantic Matching,2025-09-04
UN1078,Diarrhea - Ishal Acute,,Unknown,UNMAPPED,No suitable ICD-11 match found,0.000,No Match,Optimized Semantic Matching,2025-09-04
UN1079,Cough - Sual,,Unknown,MD12,cough,0.800,High,Optimized Semantic Matching,2025-09-04
UN1080,Cold - Nazla Har,,Unknown,UNMAPPED,No suitable ICD-11 match found,0.000,No Match,Optimized Semantic Matching,2025-09-04
UN1081,Fever - Humma Barid,,Unknown,1C30.2,Typhus fever due to Rickettsia typhi,0.700,High,Optimized Semantic Matching,2025-09-04
UN1082,Diabetes - Ziabetus Ratab,,Unknown,5A11,Type 2 diabetes mellitus,0.700,High,Optimized Semantic Matching,2025-09-04
UN1083,Hypertension - Zarabet Dam Yabis,,Unknown,UNMAPPED,No suitable ICD-11 match found,0.000,No Match,Optimized Semantic Matching,2025-09-04
UN1084,Arthritis - Waja ul Mafasil Chronic,,Unknown,2A81.7,Diffuse large Bcell lymphoma associated with Chronic inflammation,0.700,High,Optimized Semantic Matching,2025-09-04
UN1085,Asthma - Raboo Acute,,Unknown,CA23,Asthma,0.800,High,Optimized Semantic Matching,2025-09-04
UN1086,Migraine - Shaqeeqa,,Unknown,8A80,Migraine,0.800,High,Optimized Semantic Matching,2025-09-04
UN1087,Depression - Sawda Har,,Unknown,UNMAPPED,No suitable ICD-11 match found,0.000,No Match,Optimized Semantic Matching,2025-09-04
UN1088,Gastritis - Waram-e-Meda Barid,,Unknown,DA42,Gastritis,0.800,High,Optimized Semantic Matching,2025-09-04
UN1089,Insomnia - Sahr Ratab,,Unknown,UNMAPPED,No suitable ICD-11 match found,0.000,No Match,Optimized Semantic Matching,2025-09-04
UN1090,Constipation - Qabz Yabis,,Unknown,ME05.0,constipation,0.800,High,Optimized Semantic Matching,2025-09-04
UN1091,Obesity - Siman-e-Mufrat Chronic,,Unknown,5B81,Obesity,0.800,High,Optimized Semantic Matching,2025-09-04
UN1092,Anemia - Faqr ud Dam Acute,,Unknown,UNMAPPED,No suitable ICD-11 match found,0.000,No Match,Optimized Semantic Matching,2025-09-04
UN1093,Skin Disease - Amraz-e-Jild,,Unknown,1D40,Chikungunya virus disease,0.700,High,Optimized Semantic Matching,2025-09-04
UN1094,Liver Disease - Amraz-e-Jigar Har,,Unknown,2C12.02,hepatocellular carcinoma of liver,0.700,High,Optimized Semantic Matching,2025-09-04
UN1095,Kidney Disease - Amraz-e-Kulya Barid,,Unknown,1D40,Chikungunya virus disease,0.700,High,Optimized Semantic Matching,2025-09-04
UN1096,Paralysis - Falij Ratab,,Unknown,UNMAPPED,No suitable ICD-11 match found,0.000,No Match,Optimized Semantic Matching,2025-09-04
UN1097,Epilepsy - Sara Yabis,,Unknown,UNMAPPED,No suitable ICD-11 match found,0.000,No Match,Optimized Semantic Matching,2025-09-04
UN1098,Diarrhea - Ishal Chronic,,Unknown,UNMAPPED,No suitable ICD-11 match found,0.000,No Match,Optimized Semantic Matching,2025-09-04
UN1099,Cough - Sual Acute,,Unknown,MD12,cough,0.800,High,Optimized Semantic Matching,2025-09-04
UN1100,Cold - Nazla,,Unknown,UNMAPPED,No suitable ICD-11 match found,0.000,No Match,Optimized Semantic Matching,2025-09-04
UN1101,Fever - Humma Har,,Unknown,1C30.2,Typhus fever due to Rickettsia typhi,0.700,High,Optimized Semantic Matching,2025-09-04
UN1102,Diabetes - Ziabetus Barid,,Unknown,5A11,Type 2 diabetes mellitus,0.700,High,Optimized Semantic Matching,2025-09-04
UN1103,Hypertension - Zarabet Dam Ratab,,Unknown,UNMAPPED,No suitable ICD-11 match found,0.000,No Match,Optimized Semantic Matching,2025-09-04
UN1104,Arthritis - Waja ul Mafasil Yabis,,Unknown,FA20,Rheumatoid arthritis,0.700,High,Optimized Semantic Matching,2025-09-04
UN1105,Asthma - Raboo Chronic,,Unknown,CA23,Asthma,0.800,High,Optimized Semantic Matching,2025-09-04
UN1106,Migraine - Shaqeeqa Acute,,Unknown,8A80,Migraine,0.800,High,Optimized Semantic Matching,2025-09-04
UN1107,Depression - Sawda,,Unknown,UNMAPPED,No suitable ICD-11 match found,0.000,No Match,Optimized Semantic Matching,2025-09-04
UN1108,Gastritis - Waram-e-Meda Har,,Unknown,DA42,Gastritis,0.800,High,Optimized Semantic Matching,2025-09-04
UN1109,Insomnia - Sahr Barid,,Unknown,UNMAPPED,No suitable ICD-11 match found,0.000,No Match,Optimized Semantic Matching,2025-09-04
UN1110,Constipation - Qabz Ratab,,Unknown,ME05.0,constipation,0.800,High,Optimized Semantic Matching,2025-09-04
UN1111,Obesity - Siman-e-Mufrat Yabis,,Unknown,5B81,Obesity,0.800,High,Optimized Semantic Matching,2025-09-04
UN1112,Anemia - Faqr ud Dam Chronic,,Unknown,UNMAPPED,No suitable ICD-11 match found,0.000,No Match,Optimized Semantic Matching,2025-09-04
UN1113,Skin Disease - Amraz-e-Jild Acute,,Unknown,1D40,Chikungunya virus disease,0.700,High,Optimized Semantic Matching,2025-09-04
UN1114,Liver Disease - Amraz-e-Jigar,,Unknown,2C12.02,hepatocellular carcinoma of liver,0.700,High,Optimized Semantic Matching,2025-09-04
UN1115,Kidney Disease - Amraz-e-Kulya Har,,Unknown,1D40,Chikungunya virus disease,0.700,High,Optimized Semantic Matching,2025-09-04
UN1116,Paralysis - Falij Barid,,Unknown,UNMAPPED,No suitable ICD-11 match found,0.000,No Match,Optimized Semantic Matching,2025-09-04
UN1117,Epilepsy - Sara Ratab,,Unknown,UNMAPPED,No suitable ICD-11 match found,0.000,No Match,Optimized Semantic Matching,2025-09-04
UN1118,Diarrhea - Ishal Yabis,,Unknown,UNMAPPED,No suitable ICD-11 match found,0.000,No Match,Optimized Semantic Matching,2025-09-04
UN1119,Cough - Sual Chronic,,Unknown,MD12,cough,0.800,High,Optimized Semantic Matching,2025-09-04
UN1120,Cold - Nazla Acute,,Unknown,UNMAPPED,No suitable ICD-11 match found,0.000,No Match,Optimized Semantic Matching,2025-09-04
UN1121,Fever - Humma,,Unknown,1C30.2,Typhus fever due to Rickettsia typhi,0.700,High,Optimized Semantic Matching,2025-09-04
UN1122,Diabetes - Ziabetus Har,,Unknown,5A11,Type 2 diabetes mellitus,0.700,High,Optimized Semantic Matching,2025-09-04
UN1123,Hypertension - Zarabet Dam Barid,,Unknown,UNMAPPED,No suitable ICD-11 match found,0.000,No Match,Optimized Semantic Matching,2025-09-04
UN1124,Arthritis - Waja ul Mafasil Ratab,,Unknown,FA20,Rheumatoid arthritis,0.700,High,Optimized Semantic Matching,2025-09-04
UN1125,Asthma - Raboo Yabis,,Unknown,CA23,Asthma,0.800,High,Optimized Semantic Matching,2025-09-04
UN1126,Migraine - Shaqeeqa Chronic,,Unknown,8A80,Migraine,0.800,High,Optimized Semantic Matching,2025-09-04
UN1127,Depression - Sawda Acute,,Unknown,UNMAPPED,No suitable ICD-11 match found,0.000,No Match,Optimized Semantic Matching,2025-09-04
UN1128,Gastritis - Waram-e-Meda,,Unknown,DA42,Gastritis,0.800,High,Optimized Semantic Matching,2025-09-04
UN1129,Insomnia - Sahr Har,,Unknown,UNMAPPED,No suitable ICD-11 match found,0.000,No Match,Optimized Semantic Matching,2025-09-04
UN1130,Constipation - Qabz Barid,,Unknown,ME05.0,constipation,0.800,High,Optimized Semantic Matching,2025-09-04
UN1131,Obesity - Siman-e-Mufrat Ratab,,Unknown,5B81,Obesity,0.800,High,Optimized Semantic Matching,2025-09-04
UN1132,Anemia - Faqr ud Dam Yabis,,Unknown,UNMAPPED,No suitable ICD-11 match found,0.000,No Match,Optimized Semantic Matching,2025-09-04
UN1133,Skin Disease - Amraz-e-Jild Chronic,,Unknown,1D40,Chikungunya virus disease,0.700,High,Optimized Semantic Matching,2025-09-04
UN1134,Liver Disease - Amraz-e-Jigar Acute,,Unknown,2C12.02,hepatocellular carcinoma of liver,0.700,High,Optimized Semantic Matching,2025-09-04
UN1135,Kidney Disease - Amraz-e-Kulya,,Unknown,1D40,Chikungunya virus disease,0.700,High,Optimized Semantic Matching,2025-09-04
UN1136,Paralysis - Falij Har,,Unknown,UNMAPPED,No suitable ICD-11 match found,0.000,No Match,Optimized Semantic Matching,2025-09-04
UN1137,Epilepsy - Sara Barid,,Unknown,UNMAPPED,No suitable ICD-11 match found,0.000,No Match,Optimized Semantic Matching,2025-09-04
UN1138,Diarrhea - Ishal Ratab,,Unknown,UNMAPPED,No suitable ICD-11 match found,0.000,No Match,Optimized Semantic Matching,2025-09-04
UN1139,Cough - Sual Yabis,,Unknown,MD12,cough,0.800,High,Optimized Semantic Matching,2025-09-04
UN1140,Cold - Nazla Chronic,,Unknown,UNMAPPED,No suitable ICD-11 match found,0.000,No Match,Optimized Semantic Matching,2025-09-04
UN1141,Fever - Humma Acute,,Unknown,1D2Z,"Dengue fever, unspecified",0.700,High,Optimized Semantic Matching,2025-09-04
UN1142,Diabetes - Ziabetus,,Unknown,5A11,Type 2 diabetes mellitus,0.700,High,Optimized Semantic Matching,2025-09-04
UN1143,Hypertension - Zarabet Dam Har,,Unknown,UNMAPPED,No suitable ICD-11 match found,0.000,No Match,Optimized Semantic Matching,2025-09-04
UN1144,Arthritis - Waja ul Mafasil Barid,,Unknown,FA20,Rheumatoid arthritis,0.700,High,Optimized Semantic Matching,2025-09-04
UN1145,Asthma - Raboo Ratab,,Unknown,CA23,Asthma,0.800,High,Optimized Semantic Matching,2025-09-04
UN1146,Migraine - Shaqeeqa Yabis,,Unknown,8A80,Migraine,0.800,High,Optimized Semantic Matching,2025-09-04
UN1147,Depression - Sawda Chronic,,Unknown,UNMAPPED,No suitable ICD-11 match found,0.000,No Match,Optimized Semantic Matching,2025-09-04
UN1148,Gastritis - Waram-e-Meda Acute,,Unknown,DA42,Gastritis,0.800,High,Optimized Semantic Matching,2025-09-04
UN1149,Insomnia - Sahr,,Unknown,UNMAPPED,No suitable ICD-11 match found,0.000,No Match,Optimized Semantic Matching,2025-09-04
UN1150,Constipation - Qabz Har,,Unknown,ME05.0,constipation,0.800,High,Optimized Semantic Matching,2025-09-04
UN1151,Obesity - Siman-e-Mufrat Barid,,Unknown,5B81,Obesity,0.800,High,Optimized Semantic Matching,2025-09-04
UN1152,Anemia - Faqr ud Dam Ratab,,Unknown,UNMAPPED,No suitable ICD-11 match found,0.000,No Match,Optimized Semantic Matching,2025-09-04
UN1153,Skin Disease - Amraz-e-Jild Yabis,,Unknown,1D40,Chikungunya virus disease,0.700,High,Optimized Semantic Matching,2025-09-04
UN1154,Liver Disease - Amraz-e-Jigar Chronic,,Unknown,2C12.02,hepatocellular carcinoma of liver,0.700,High,Optimized Semantic Matching,2025-09-04
UN1155,Kidney Disease - Amraz-e-Kulya Acute,,Unknown,1D40,Chikungunya virus disease,0.700,High,Optimized Semantic Matching,2025-09-04
UN1156,Paralysis - Falij,,Unknown,UNMAPPED,No suitable ICD-11 match found,0.000,No Match,Optimized Semantic Matching,2025-09-04
UN1157,Epilepsy - Sara Har,,Unknown,UNMAPPED,No suitable ICD-11 match found,0.000,No Match,Optimized Semantic Matching,2025-09-04
UN1158,Diarrhea - Ishal Barid,,Unknown,UNMAPPED,No suitable ICD-11 match found,0.000,No Match,Optimized Semantic Matching,2025-09-04
UN1159,Cough - Sual Ratab,,Unknown,MD12,cough,0.800,High,Optimized Semantic Matching,2025-09-04
UN1160,Cold - Nazla Yabis,,Unknown,UNMAPPED,No suitable ICD-11 match found,0.000,No Match,Optimized Semantic Matching,2025-09-04
UN1161,Fever - Humma Chronic,,Unknown,1D2Z,"Dengue fever, unspecified",0.700,High,Optimized Semantic Matching,2025-09-04
UN1162,Diabetes - Ziabetus Acute,,Unknown,QA0A.10,special screening examination for diabetes mellitus,0.700,High,Optimized Semantic Matching,2025-09-04
UN1163,Hypertension - Zarabet Dam,,Unknown,UNMAPPED,No suitable ICD-11 match found,0.000,No Match,Optimized Semantic Matching,2025-09-04
UN1164,Arthritis - Waja ul Mafasil Har,,Unknown,FA20,Rheumatoid arthritis,0.700,High,Optimized Semantic Matching,2025-09-04
UN1165,Asthma - Raboo Barid,,Unknown,CA23,Asthma,0.800,High,Optimized Semantic Matching,2025-09-04
UN1166,Migraine - Shaqeeqa Ratab,,Unknown,8A80,Migraine,0.800,High,Optimized Semantic Matching,2025-09-04
UN1167,Depression - Sawda Yabis,,Unknown,UNMAPPED,No suitable ICD-11 match found,0.000,No Match,Optimized Semantic Matching,2025-09-04
UN1168,Gastritis - Waram-e-Meda Chronic,,Unknown,DA42,Gastritis,0.800,High,Optimized Semantic Matching,2025-09-04
UN1169,Insomnia - Sahr Acute,,Unknown,UNMAPPED,No suitable ICD-11 match found,0.000,No Match,Optimized Semantic Matching,2025-09-04
UN1170,Constipation - Qabz,,Unknown,ME05.0,constipation,0.800,High,Optimized Semantic Matching,2025-09-04
UN1171,Obesity - Siman-e-Mufrat Har,,Unknown,5B81,Obesity,0.800,High,Optimized Semantic Matching,2025-09-04
UN1172,Anemia - Faqr ud Dam Barid,,Unknown,UNMAPPED,No suitable ICD-11 match found,0.000,No Match,Optimized Semantic Matching,2025-09-04
UN1173,Skin Disease - Amraz-e-Jild Ratab,,Unknown,1D40,Chikungunya virus disease,0.700,High,Optimized Semantic Matching,2025-09-04
UN1174,Liver Disease - Amraz-e-Jigar Yabis,,Unknown,2C12.02,hepatocellular carcinoma of liver,0.700,High,Optimized Semantic Matching,2025-09-04
UN1175,Kidney Disease - Amraz-e-Kulya Chronic,,Unknown,1D40,Chikungunya virus disease,0.700,High,Optimized Semantic Matching,2025-09-04
UN1176,Paralysis - Falij Acute,,Unknown,UNMAPPED,No suitable ICD-11 match found,0.000,No Match,Optimized Semantic Matching,2025-09-04
UN1177,Epilepsy - Sara,,Unknown,UNMAPPED,No suitable ICD-11 match found,0.000,No Match,Optimized Semantic Matching,2025-09-04
UN1178,Diarrhea - Ishal Har,,Unknown,UNMAPPED,No suitable ICD-11 match found,0.000,No Match,Optimized Semantic Matching,2025-09-04
UN1179,Cough - Sual Barid,,Unknown,MD12,cough,0.800,High,Optimized Semantic Matching,2025-09-04
UN1180,Cold - Nazla Ratab,,Unknown,UNMAPPED,No suitable ICD-11 match found,0.000,No Match,Optimized Semantic Matching,2025-09-04
UN1181,Fever - Humma Yabis,,Unknown,1C30.2,Typhus fever due to Rickettsia typhi,0.700,High,Optimized Semantic Matching,2025-09-04
UN1182,Diabetes - Ziabetus Chronic,,Unknown,QA0A.10,special screening examination for diabetes mellitus,0.700,High,Optimized Semantic Matching,2025-09-04
UN1183,Hypertension - Zarabet Dam Acute,,Unknown,UNMAPPED,No suitable ICD-11 match found,0.000,No Match,Optimized Semantic Matching,2025-09-04
UN1184,Arthritis - Waja ul Mafasil,,Unknown,FA20,Rheumatoid arthritis,0.700,High,Optimized Semantic Matching,2025-09-04
UN1185,Asthma - Raboo Har,,Unknown,CA23,Asthma,0.800,High,Optimized Semantic Matching,2025-09-04
UN1186,Migraine - Shaqeeqa Barid,,Unknown,8A80,Migraine,0.800,High,Optimized Semantic Matching,2025-09-04
UN1187,Depression - Sawda Ratab,,Unknown,UNMAPPED,No suitable ICD-11 match found,0.000,No Match,Optimized Semantic Matching,2025-09-04
UN1188,Gastritis - Waram-e-Meda Yabis,,Unknown,DA42,Gastritis,0.800,High,Optimized Semantic Matching,2025-09-04
UN1189,Insomnia - Sahr Chronic,,Unknown,7A00,Chronic insomnia,0.400,Low,Optimized Semantic Matching,2025-09-04
UN1190,Constipation - Qabz Acute,,Unknown,ME05.0,constipation,0.800,High,Optimized Semantic Matching,2025-09-04
UN1191,Obesity - Siman-e-Mufrat,,Unknown,5B81,Obesity,0.800,High,Optimized Semantic Matching,2025-09-04
UN1192,Anemia - Faqr ud Dam Har,,Unknown,UNMAPPED,No suitable ICD-11 match found,0.000,No Match,Optimized Semantic Matching,2025-09-04
UN1193,Skin Disease - Amraz-e-Jild Barid,,Unknown,1D40,Chikungunya virus disease,0.700,High,Optimized Semantic Matching,2025-09-04
UN1194,Liver Disease - Amraz-e-Jigar Ratab,,Unknown,2C12.02,hepatocellular carcinoma of liver,0.700,High,Optimized Semantic Matching,2025-09-04
UN1195,Kidney Disease - Amraz-e-Kulya Yabis,,Unknown,1D40,Chikungunya virus disease,0.700,High,Optimized Semantic Matching,2025-09-04
UN1196,Paralysis - Falij Chronic,,Unknown,UNMAPPED,No suitable ICD-11 match found,0.000,No Match,Optimized Semantic Matching,2025-09-04
UN1197,Epilepsy - Sara Acute,,Unknown,UNMAPPED,No suitable ICD-11 match found,0.000,No Match,Optimized Semantic Matching,2025-09-04
UN1198,Diarrhea - Ishal,,Unknown,UNMAPPED,No suitable ICD-11 match found,0.000,No Match,Optimized Semantic Matching,2025-09-04
UN1199,Cough - Sual Har,,Unknown,MD12,cough,0.800,High,Optimized Semantic Matching,2025-09-04
UN1200,Cold - Nazla Barid,,Unknown,UNMAPPED,No suitable ICD-11 match found,0.000,No Match,Optimized Semantic Matching,2025-09-04
UN1201,Fever - Humma Ratab,,Unknown,1C30.2,Typhus fever due to Rickettsia typhi,0.700,High,Optimized Semantic Matching,2025-09-04
UN1202,Diabetes - Ziabetus Yabis,,Unknown,5A11,Type 2 diabetes mellitus,0.700,High,Optimized Semantic Matching,2025-09-04
UN1203,Hypertension - Zarabet Dam Chronic,,Unknown,UNMAPPED,No suitable ICD-11 match found,0.000,No Match,Optimized Semantic Matching,2025-09-04
UN1204,Arthritis - Waja ul Mafasil Acute,,Unknown,1B41.1Z,"Acute rheumatic endocarditis, unspecified",0.700,High,Optimized Semantic Matching,2025-09-04
UN1205,Asthma - Raboo,,Unknown,CA23,Asthma,0.800,High,Optimized Semantic Matching,2025-09-04
UN1206,Migraine - Shaqeeqa Har,,Unknown,8A80,Migraine,0.800,High,Optimized Semantic Matching,2025-09-04
UN1207,Depression - Sawda Barid,,Unknown,UNMAPPED,No suitable ICD-11 match found,0.000,No Match,Optimized Semantic Matching,2025-09-04
UN1208,Gastritis - Waram-e-Meda Ratab,,Unknown,DA42,Gastritis,0.800,High,Optimized Semantic Matching,2025-09-04
UN1209,Insomnia - Sahr Yabis,,Unknown,UNMAPPED,No suitable ICD-11 match found,0.000,No Match,Optimized Semantic Matching,2025-09-04
UN1210,Constipation - Qabz Chronic,,Unknown,ME05.0,constipation,0.800,High,Optimized Semantic Matching,2025-09-04
UN1211,Obesity - Siman-e-Mufrat Acute,,Unknown,5B81,Obesity,0.800,High,Optimized Semantic Matching,2025-09-04
UN1212,Anemia - Faqr ud Dam,,Unknown,UNMAPPED,No suitable ICD-11 match found,0.000,No Match,Optimized Semantic Matching,2025-09-04
UN1213,Skin Disease - Amraz-e-Jild Har,,Unknown,1D40,Chikungunya virus disease,0.700,High,Optimized Semantic Matching,2025-09-04
UN1214,Liver Disease - Amraz-e-Jigar Barid,,Unknown,2C12.02,hepatocellular carcinoma of liver,0.700,High,Optimized Semantic Matching,2025-09-04
UN1215,Kidney Disease - Amraz-e-Kulya Ratab,,Unknown,1D40,Chikungunya virus disease,0.700,High,Optimized Semantic Matching,2025-09-04
UN1216,Paralysis - Falij Yabis,,Unknown,UNMAPPED,No suitable ICD-11 match found,0.000,No Match,Optimized Semantic Matching,2025-09-04
UN1217,Epilepsy - Sara Chronic,,Unknown,UNMAPPED,No suitable ICD-11 match found,0.000,No Match,Optimized Semantic Matching,2025-09-04
UN1218,Diarrhea - Ishal Acute,,Unknown,UNMAPPED,No suitable ICD-11 match found,0.000,No Match,Optimized Semantic Matching,2025-09-04
UN1219,Cough - Sual,,Unknown,MD12,cough,0.800,High,Optimized Semantic Matching,2025-09-04
UN1220,Cold - Nazla Har,,Unknown,UNMAPPED,No suitable ICD-11 match found,0.000,No Match,Optimized Semantic Matching,2025-09-04
UN1221,Fever - Humma Barid,,Unknown,1C30.2,Typhus fever due to Rickettsia typhi,0.700,High,Optimized Semantic Matching,2025-09-04
UN1222,Diabetes - Ziabetus Ratab,,Unknown,5A11,Type 2 diabetes mellitus,0.700,High,Optimized Semantic Matching,2025-09-04
UN1223,Hypertension - Zarabet Dam Yabis,,Unknown,UNMAPPED,No suitable ICD-11 match found,0.000,No Match,Optimized Semantic Matching,2025-09-04
UN1224,Arthritis - Waja ul Mafasil Chronic,,Unknown,2A81.7,Diffuse large Bcell lymphoma associated with Chronic inflammation,0.700,High,Optimized Semantic Matching,2025-09-04
UN1225,Asthma - Raboo Acute,,Unknown,CA23,Asthma,0.800,High,Optimized Semantic Matching,2025-09-04
UN1226,Migraine - Shaqeeqa,,Unknown,8A80,Migraine,0.800,High,Optimized Semantic Matching,2025-09-04
UN1227,Depression - Sawda Har,,Unknown,UNMAPPED,No suitable ICD-11 match found,0.000,No Match,Optimized Semantic Matching,2025-09-04
UN1228,Gastritis - Waram-e-Meda Barid,,Unknown,DA42,Gastritis,0.800,High,Optimized Semantic Matching,2025-09-04
UN1229,Insomnia - Sahr Ratab,,Unknown,UNMAPPED,No suitable ICD-11 match found,0.000,No Match,Optimized Semantic Matching,2025-09-04
UN1230,Constipation - Qabz Yabis,,Unknown,ME05.0,constipation,0.800,High,Optimized Semantic Matching,2025-09-04
UN1231,Obesity - Siman-e-Mufrat Chronic,,Unknown,5B81,Obesity,0.800,High,Optimized Semantic Matching,2025-09-04
UN1232,Anemia - Faqr ud Dam Acute,,Unknown,UNMAPPED,No suitable ICD-11 match found,0.000,No Match,Optimized Semantic Matching,2025-09-04
UN1233,Skin Disease - Amraz-e-Jild,,Unknown,1D40,Chikungunya virus disease,0.700,High,Optimized Semantic Matching,2025-09-04
UN1234,Liver Disease - Amraz-e-Jigar Har,,Unknown,2C12.02,hepatocellular carcinoma of liver,0.700,High,Optimized Semantic Matching,2025-09-04
UN1235,Kidney Disease - Amraz-e-Kulya Barid,,Unknown,1D40,Chikungunya virus disease,0.700,High,Optimized Semantic Matching,2025-09-04
UN1236,Paralysis - Falij Ratab,,Unknown,UNMAPPED,No suitable ICD-11 match found,0.000,No Match,Optimized Semantic Matching,2025-09-04
UN1237,Epilepsy - Sara Yabis,,Unknown,UNMAPPED,No suitable ICD-11 match found,0.000,No Match,Optimized Semantic Matching,2025-09-04
UN1238,Diarrhea - Ishal Chronic,,Unknown,UNMAPPED,No suitable ICD-11 match found,0.000,No Match,Optimized Semantic Matching,2025-09-04
UN1239,Cough - Sual Acute,,Unknown,MD12,cough,0.800,High,Optimized Semantic Matching,2025-09-04
UN1240,Cold - Nazla,,Unknown,UNMAPPED,No suitable ICD-11 match found,0.000,No Match,Optimized Semantic Matching,2025-09-04
UN1241,Fever - Humma Har,,Unknown,1C30.2,Typhus fever due to Rickettsia typhi,0.700,High,Optimized Semantic Matching,2025-09-04
UN1242,Diabetes - Ziabetus Barid,,Unknown,5A11,Type 2 diabetes mellitus,0.700,High,Optimized Semantic Matching,2025-09-04
UN1243,Hypertension - Zarabet Dam Ratab,,Unknown,UNMAPPED,No suitable ICD-11 match found,0.000,No Match,Optimized Semantic Matching,2025-09-04
UN1244,Arthritis - Waja ul Mafasil Yabis,,Unknown,FA20,Rheumatoid arthritis,0.700,High,Optimized Semantic Matching,2025-09-04
UN1245,Asthma - Raboo Chronic,,Unknown,CA23,Asthma,0.800,High,Optimized Semantic Matching,2025-09-04
UN1246,Migraine - Shaqeeqa Acute,,Unknown,8A80,Migraine,0.800,High,Optimized Semantic Matching,2025-09-04
UN1247,Depression - Sawda,,Unknown,UNMAPPED,No suitable ICD-11 match found,0.000,No Match,Optimized Semantic Matching,2025-09-04
UN1248,Gastritis - Waram-e-Meda Har,,Unknown,DA42,Gastritis,0.800,High,Optimized Semantic Matching,2025-09-04
UN1249,Insomnia - Sahr Barid,,Unknown,UNMAPPED,No suitable ICD-11 match found,0.000,No Match,Optimized Semantic Matching,2025-09-04
UN1250,Constipation - Qabz Ratab,,Unknown,ME05.0,constipation,0.800,High,Optimized Semantic Matching,2025-09-04
UN1251,Obesity - Siman-e-Mufrat Yabis,,Unknown,5B81,Obesity,0.800,High,Optimized Semantic Matching,2025-09-04
UN1252,Anemia - Faqr ud Dam Chronic,,Unknown,UNMAPPED,No suitable ICD-11 match found,0.000,No Match,Optimized Semantic Matching,2025-09-04
UN1253,Skin Disease - Amraz-e-Jild Acute,,Unknown,1D40,Chikungunya virus disease,0.700,High,Optimized Semantic Matching,2025-09-04
UN1254,Liver Disease - Amraz-e-Jigar,,Unknown,2C12.02,hepatocellular carcinoma of liver,0.700,High,Optimized Semantic Matching,2025-09-04
UN1255,Kidney Disease - Amraz-e-Kulya Har,,Unknown,1D40,Chikungunya virus disease,0.700,High,Optimized Semantic Matching,2025-09-04
UN1256,Paralysis - Falij Barid,,Unknown,UNMAPPED,No suitable ICD-11 match found,0.000,No Match,Optimized Semantic Matching,2025-09-04
UN1257,Epilepsy - Sara Ratab,,Unknown,UNMAPPED,No suitable ICD-11 match found,0.000,No Match,Optimized Semantic Matching,2025-09-04
UN1258,Diarrhea - Ishal Yabis,,Unknown,UNMAPPED,No suitable ICD-11 match found,0.000,No Match,Optimized Semantic Matching,2025-09-04
UN1259,Cough - Sual Chronic,,Unknown,MD12,cough,0.800,High,Optimized Semantic Matching,2025-09-04
UN1260,Cold - Nazla Acute,,Unknown,UNMAPPED,No suitable ICD-11 match found,0.000,No Match,Optimized Semantic Matching,2025-09-04
UN1261,Fever - Humma,,Unknown,1C30.2,Typhus fever due to Rickettsia typhi,0.700,High,Optimized Semantic Matching,2025-09-04
UN1262,Diabetes - Ziabetus Har,,Unknown,5A11,Type 2 diabetes mellitus,0.700,High,Optimized Semantic Matching,2025-09-04
UN1263,Hypertension - Zarabet Dam Barid,,Unknown,UNMAPPED,No suitable ICD-11 match found,0.000,No Match,Optimized Semantic Matching,2025-09-04
UN1264,Arthritis - Waja ul Mafasil Ratab,,Unknown,FA20,Rheumatoid arthritis,0.700,High,Optimized Semantic Matching,2025-09-04
UN1265,Asthma - Raboo Yabis,,Unknown,CA23,Asthma,0.800,High,Optimized Semantic Matching,2025-09-04
UN1266,Migraine - Shaqeeqa Chronic,,Unknown,8A80,Migraine,0.800,High,Optimized Semantic Matching,2025-09-04
UN1267,Depression - Sawda Acute,,Unknown,UNMAPPED,No suitable ICD-11 match found,0.000,No Match,Optimized Semantic Matching,2025-09-04
UN1268,Gastritis - Waram-e-Meda,,Unknown,DA42,Gastritis,0.800,High,Optimized Semantic Matching,2025-09-04
UN1269,Insomnia - Sahr Har,,Unknown,UNMAPPED,No suitable ICD-11 match found,0.000,No Match,Optimized Semantic Matching,2025-09-04
UN1270,Constipation - Qabz Barid,,Unknown,ME05.0,constipation,0.800,High,Optimized Semantic Matching,2025-09-04
UN1271,Obesity - Siman-e-Mufrat Ratab,,Unknown,5B81,Obesity,0.800,High,Optimized Semantic Matching,2025-09-04
UN1272,Anemia - Faqr ud Dam Yabis,,Unknown,UNMAPPED,No suitable ICD-11 match found,0.000,No Match,Optimized Semantic Matching,2025-09-04
UN1273,Skin Disease - Amraz-e-Jild Chronic,,Unknown,1D40,Chikungunya virus disease,0.700,High,Optimized Semantic Matching,2025-09-04
UN1274,Liver Disease - Amraz-e-Jigar Acute,,Unknown,2C12.02,hepatocellular carcinoma of liver,0.700,High,Optimized Semantic Matching,2025-09-04
UN1275,Kidney Disease - Amraz-e-Kulya,,Unknown,1D40,Chikungunya virus disease,0.700,High,Optimized Semantic Matching,2025-09-04
UN1276,Paralysis - Falij Har,,Unknown,UNMAPPED,No suitable ICD-11 match found,0.000,No Match,Optimized Semantic Matching,2025-09-04
UN1277,Epilepsy - Sara Barid,,Unknown,UNMAPPED,No suitable ICD-11 match found,0.000,No Match,Optimized Semantic Matching,2025-09-04
UN1278,Diarrhea - Ishal Ratab,,Unknown,UNMAPPED,No suitable ICD-11 match found,0.000,No Match,Optimized Semantic Matching,2025-09-04
UN1279,Cough - Sual Yabis,,Unknown,MD12,cough,0.800,High,Optimized Semantic Matching,2025-09-04
UN1280,Cold - Nazla Chronic,,Unknown,UNMAPPED,No suitable ICD-11 match found,0.000,No Match,Optimized Semantic Matching,2025-09-04
UN1281,Fever - Humma Acute,,Unknown,1D2Z,"Dengue fever, unspecified",0.700,High,Optimized Semantic Matching,2025-09-04
UN1282,Diabetes - Ziabetus,,Unknown,5A11,Type 2 diabetes mellitus,0.700,High,Optimized Semantic Matching,2025-09-04
UN1283,Hypertension - Zarabet Dam Har,,Unknown,UNMAPPED,No suitable ICD-11 match found,0.000,No Match,Optimized Semantic Matching,2025-09-04
UN1284,Arthritis - Waja ul Mafasil Barid,,Unknown,FA20,Rheumatoid arthritis,0.700,High,Optimized Semantic Matching,2025-09-04
UN1285,Asthma - Raboo Ratab,,Unknown,CA23,Asthma,0.800,High,Optimized Semantic Matching,2025-09-04
UN1286,Migraine - Shaqeeqa Yabis,,Unknown,8A80,Migraine,0.800,High,Optimized Semantic Matching,2025-09-04
UN1287,Depression - Sawda Chronic,,Unknown,UNMAPPED,No suitable ICD-11 match found,0.000,No Match,Optimized Semantic Matching,2025-09-04
UN1288,Gastritis - Waram-e-Meda Acute,,Unknown,DA42,Gastritis,0.800,High,Optimized Semantic Matching,2025-09-04
UN1289,Insomnia - Sahr,,Unknown,UNMAPPED,No suitable ICD-11 match found,0.000,No Match,Optimized Semantic Matching,2025-09-04
UN1290,Constipation - Qabz Har,,Unknown,ME05.0,constipation,0.800,High,Optimized Semantic Matching,2025-09-04
UN1291,Obesity - Siman-e-Mufrat Barid,,Unknown,5B81,Obesity,0.800,High,Optimized Semantic Matching,2025-09-04
UN1292,Anemia - Faqr ud Dam Ratab,,Unknown,UNMAPPED,No suitable ICD-11 match found,0.000,No Match,Optimized Semantic Matching,2025-09-04
UN1293,Skin Disease - Amraz-e-Jild Yabis,,Unknown,1D40,Chikungunya virus disease,0.700,High,Optimized Semantic Matching,2025-09-04
UN1294,Liver Disease - Amraz-e-Jigar Chronic,,Unknown,2C12.02,hepatocellular carcinoma of liver,0.700,High,Optimized Semantic Matching,2025-09-04
UN1295,Kidney Disease - Amraz-e-Kulya Acute,,Unknown,1D40,Chikungunya virus disease,0.700,High,Optimized Semantic Matching,2025-09-04
UN1296,Paralysis - Falij,,Unknown,UNMAPPED,No suitable ICD-11 match found,0.000,No Match,Optimized Semantic Matching,2025-09-04
UN1297,Epilepsy - Sara Har,,Unknown,UNMAPPED,No suitable ICD-11 match found,0.000,No Match,Optimized Semantic Matching,2025-09-04
UN1298,Diarrhea - Ishal Barid,,Unknown,UNMAPPED,No suitable ICD-11 match found,0.000,No Match,Optimized Semantic Matching,2025-09-04
UN1299,Cough - Sual Ratab,,Unknown,MD12,cough,0.800,High,Optimized Semantic Matching,2025-09-04
UN1300,Cold - Nazla Yabis,,Unknown,UNMAPPED,No suitable ICD-11 match found,0.000,No Match,Optimized Semantic Matching,2025-09-04
UN1301,Fever - Humma Chronic,,Unknown,1D2Z,"Dengue fever, unspecified",0.700,High,Optimized Semantic Matching,2025-09-04
UN1302,Diabetes - Ziabetus Acute,,Unknown,QA0A.10,special screening examination for diabetes mellitus,0.700,High,Optimized Semantic Matching,2025-09-04
UN1303,Hypertension - Zarabet Dam,,Unknown,UNMAPPED,No suitable ICD-11 match found,0.000,No Match,Optimized Semantic Matching,2025-09-04
UN1304,Arthritis - Waja ul Mafasil Har,,Unknown,FA20,Rheumatoid arthritis,0.700,High,Optimized Semantic Matching,2025-09-04
UN1305,Asthma - Raboo Barid,,Unknown,CA23,Asthma,0.800,High,Optimized Semantic Matching,2025-09-04
UN1306,Migraine - Shaqeeqa Ratab,,Unknown,8A80,Migraine,0.800,High,Optimized Semantic Matching,2025-09-04
UN1307,Depression - Sawda Yabis,,Unknown,UNMAPPED,No suitable ICD-11 match found,0.000,No Match,Optimized Semantic Matching,2025-09-04
UN1308,Gastritis - Waram-e-Meda Chronic,,Unknown,DA42,Gastritis,0.800,High,Optimized Semantic Matching,2025-09-04
UN1309,Insomnia - Sahr Acute,,Unknown,UNMAPPED,No suitable ICD-11 match found,0.000,No Match,Optimized Semantic Matching,2025-09-04
UN1310,Constipation - Qabz,,Unknown,ME05.0,constipation,0.800,High,Optimized Semantic Matching,2025-09-04
UN1311,Obesity - Siman-e-Mufrat Har,,Unknown,5B81,Obesity,0.800,High,Optimized Semantic Matching,2025-09-04
UN1312,Anemia - Faqr ud Dam Barid,,Unknown,UNMAPPED,No suitable ICD-11 match found,0.000,No Match,Optimized Semantic Matching,2025-09-04
UN1313,Skin Disease - Amraz-e-Jild Ratab,,Unknown,1D40,Chikungunya virus disease,0.700,High,Optimized Semantic Matching,2025-09-04
UN1314,Liver Disease - Amraz-e-Jigar Yabis,,Unknown,2C12.02,hepatocellular carcinoma of liver,0.700,High,Optimized Semantic Matching,2025-09-04
UN1315,Kidney Disease - Amraz-e-Kulya Chronic,,Unknown,1D40,Chikungunya virus disease,0.700,High,Optimized Semantic Matching,2025-09-04
UN1316,Paralysis - Falij Acute,,Unknown,UNMAPPED,No suitable ICD-11 match found,0.000,No Match,Optimized Semantic Matching,2025-09-04
UN1317,Epilepsy - Sara,,Unknown,UNMAPPED,No suitable ICD-11 match found,0.000,No Match,Optimized Semantic Matching,2025-09-04
UN1318,Diarrhea - Ishal Har,,Unknown,UNMAPPED,No suitable ICD-11 match found,0.000,No Match,Optimized Semantic Matching,2025-09-04
UN1319,Cough - Sual Barid,,Unknown,MD12,cough,0.800,High,Optimized Semantic Matching,2025-09-04
UN1320,Cold - Nazla Ratab,,Unknown,UNMAPPED,No suitable ICD-11 match found,0.000,No Match,Optimized Semantic Matching,2025-09-04
UN1321,Fever - Humma Yabis,,Unknown,1C30.2,Typhus fever due to Rickettsia typhi,0.700,High,Optimized Semantic Matching,2025-09-04
UN1322,Diabetes - Ziabetus Chronic,,Unknown,QA0A.10,special screening examination for diabetes mellitus,0.700,High,Optimized Semantic Matching,2025-09-04
UN1323,Hypertension - Zarabet Dam Acute,,Unknown,UNMAPPED,No suitable ICD-11 match found,0.000,No Match,Optimized Semantic Matching,2025-09-04
UN1324,Arthritis - Waja ul Mafasil,,Unknown,FA20,Rheumatoid arthritis,0.700,High,Optimized Semantic Matching,2025-09-04
UN1325,Asthma - Raboo Har,,Unknown,CA23,Asthma,0.800,High,Optimized Semantic Matching,2025-09-04
UN1326,Migraine - Shaqeeqa Barid,,Unknown,8A80,Migraine,0.800,High,Optimized Semantic Matching,2025-09-04
UN1327,Depression - Sawda Ratab,,Unknown,UNMAPPED,No suitable ICD-11 match found,0.000,No Match,Optimized Semantic Matching,2025-09-04
UN1328,Gastritis - Waram-e-Meda Yabis,,Unknown,DA42,Gastritis,0.800,High,Optimized Semantic Matching,2025-09-04
UN1329,Insomnia - Sahr Chronic,,Unknown,7A00,Chronic insomnia,0.400,Low,Optimized Semantic Matching,2025-09-04
UN1330,Constipation - Qabz Acute,,Unknown,ME05.0,constipation,0.800,High,Optimized Semantic Matching,2025-09-04
UN1331,Obesity - Siman-e-Mufrat,,Unknown,5B81,Obesity,0.800,High,Optimized Semantic Matching,2025-09-04
UN1332,Anemia - Faqr ud Dam Har,,Unknown,UNMAPPED,No suitable ICD-11 match found,0.000,No Match,Optimized Semantic Matching,2025-09-04
UN1333,Skin Disease - Amraz-e-Jild Barid,,Unknown,1D40,Chikungunya virus disease,0.700,High,Optimized Semantic Matching,2025-09-04
UN1334,Liver Disease - Amraz-e-Jigar Ratab,,Unknown,2C12.02,hepatocellular carcinoma of liver,0.700,High,Optimized Semantic Matching,2025-09-04
UN1335,Kidney Disease - Amraz-e-Kulya Yabis,,Unknown,1D40,Chikungunya virus disease,0.700,High,Optimized Semantic Matching,2025-09-04
UN1336,Paralysis - Falij Chronic,,Unknown,UNMAPPED,No suitable ICD-11 match found,0.000,No Match,Optimized Semantic Matching,2025-09-04
UN1337,Epilepsy - Sara Acute,,Unknown,UNMAPPED,No suitable ICD-11 match found,0.000,No Match,Optimized Semantic Matching,2025-09-04
UN1338,Diarrhea - Ishal,,Unknown,UNMAPPED,No suitable ICD-11 match found,0.000,No Match,Optimized Semantic Matching,2025-09-04
UN1339,Cough - Sual Har,,Unknown,MD12,cough,0.800,High,Optimized Semantic Matching,2025-09-04
UN1340,Cold - Nazla Barid,,Unknown,UNMAPPED,No suitable ICD-11 match found,0.000,No Match,Optimized Semantic Matching,2025-09-04
UN1341,Fever - Humma Ratab,,Unknown,1C30.2,Typhus fever due to Rickettsia typhi,0.700,High,Optimized Semantic Matching,2025-09-04
UN1342,Diabetes - Ziabetus Yabis,,Unknown,5A11,Type 2 diabetes mellitus,0.700,High,Optimized Semantic Matching,2025-09-04
UN1343,Hypertension - Zarabet Dam Chronic,,Unknown,UNMAPPED,No suitable ICD-11 match found,0.000,No Match,Optimized Semantic Matching,2025-09-04
UN1344,Arthritis - Waja ul Mafasil Acute,,Unknown,1B41.1Z,"Acute rheumatic endocarditis, unspecified",0.700,High,Optimized Semantic Matching,2025-09-04
UN1345,Asthma - Raboo,,Unknown,CA23,Asthma,0.800,High,Optimized Semantic Matching,2025-09-04
UN1346,Migraine - Shaqeeqa Har,,Unknown,8A80,Migraine,0.800,High,Optimized Semantic Matching,2025-09-04
UN1347,Depression - Sawda Barid,,Unknown,UNMAPPED,No suitable ICD-11 match found,0.000,No Match,Optimized Semantic Matching,2025-09-04
UN1348,Gastritis - Waram-e-Meda Ratab,,Unknown,DA42,Gastritis,0.800,High,Optimized Semantic Matching,2025-09-04
UN1349,Insomnia - Sahr Yabis,,Unknown,UNMAPPED,No suitable ICD-11 match found,0.000,No Match,Optimized Semantic Matching,2025-09-04
UN1350,Constipation - Qabz Chronic,,Unknown,ME05.0,constipation,0.800,High,Optimized Semantic Matching,2025-09-04
UN1351,Obesity - Siman-e-Mufrat Acute,,Unknown,5B81,Obesity,0.800,High,Optimized Semantic Matching,2025-09-04
UN1352,Anemia - Faqr ud Dam,,Unknown,UNMAPPED,No suitable ICD-11 match found,0.000,No Match,Optimized Semantic Matching,2025-09-04
UN1353,Skin Disease - Amraz-e-Jild Har,,Unknown,1D40,Chikungunya virus disease,0.700,High,Optimized Semantic Matching,2025-09-04
UN1354,Liver Disease - Amraz-e-Jigar Barid,,Unknown,2C12.02,hepatocellular carcinoma of liver,0.700,High,Optimized Semantic Matching,2025-09-04
UN1355,Kidney Disease - Amraz-e-Kulya Ratab,,Unknown,1D40,Chikungunya virus disease,0.700,High,Optimized Semantic Matching,2025-09-04
UN1356,Paralysis - Falij Yabis,,Unknown,UNMAPPED,No suitable ICD-11 match found,0.000,No Match,Optimized Semantic Matching,2025-09-04
UN1357,Epilepsy - Sara Chronic,,Unknown,UNMAPPED,No suitable ICD-11 match found,0.000,No Match,Optimized Semantic Matching,2025-09-04
UN1358,Diarrhea - Ishal Acute,,Unknown,UNMAPPED,No suitable ICD-11 match found,0.000,No Match,Optimized Semantic Matching,2025-09-04
UN1359,Cough - Sual,,Unknown,MD12,cough,0.800,High,Optimized Semantic Matching,2025-09-04
UN1360,Cold - Nazla Har,,Unknown,UNMAPPED,No suitable ICD-11 match found,0.000,No Match,Optimized Semantic Matching,2025-09-04
UN1361,Fever - Humma Barid,,Unknown,1C30.2,Typhus fever due to Rickettsia typhi,0.700,High,Optimized Semantic Matching,2025-09-04
UN1362,Diabetes - Ziabetus Ratab,,Unknown,5A11,Type 2 diabetes mellitus,0.700,High,Optimized Semantic Matching,2025-09-04
UN1363,Hypertension - Zarabet Dam Yabis,,Unknown,UNMAPPED,No suitable ICD-11 match found,0.000,No Match,Optimized Semantic Matching,2025-09-04
UN1364,Arthritis - Waja ul Mafasil Chronic,,Unknown,2A81.7,Diffuse large Bcell lymphoma associated with Chronic inflammation,0.700,High,Optimized Semantic Matching,2025-09-04
UN1365,Asthma - Raboo Acute,,Unknown,CA23,Asthma,0.800,High,Optimized Semantic Matching,2025-09-04
UN1366,Migraine - Shaqeeqa,,Unknown,8A80,Migraine,0.800,High,Optimized Semantic Matching,2025-09-04
UN1367,Depression - Sawda Har,,Unknown,UNMAPPED,No suitable ICD-11 match found,0.000,No Match,Optimized Semantic Matching,2025-09-04
UN1368,Gastritis - Waram-e-Meda Barid,,Unknown,DA42,Gastritis,0.800,High,Optimized Semantic Matching,2025-09-04
UN1369,Insomnia - Sahr Ratab,,Unknown,UNMAPPED,No suitable ICD-11 match found,0.000,No Match,Optimized Semantic Matching,2025-09-04
UN1370,Constipation - Qabz Yabis,,Unknown,ME05.0,constipation,0.800,High,Optimized Semantic Matching,2025-09-04
UN1371,Obesity - Siman-e-Mufrat Chronic,,Unknown,5B81,Obesity,0.800,High,Optimized Semantic Matching,2025-09-04
UN1372,Anemia - Faqr ud Dam Acute,,Unknown,UNMAPPED,No suitable ICD-11 match found,0.000,No Match,Optimized Semantic Matching,2025-09-04
UN1373,Skin Disease - Amraz-e-Jild,,Unknown,1D40,Chikungunya virus disease,0.700,High,Optimized Semantic Matching,2025-09-04
UN1374,Liver Disease - Amraz-e-Jigar Har,,Unknown,2C12.02,hepatocellular carcinoma of liver,0.700,High,Optimized Semantic Matching,2025-09-04
UN1375,Kidney Disease - Amraz-e-Kulya Barid,,Unknown,1D40,Chikungunya virus disease,0.700,High,Optimized Semantic Matching,2025-09-04
UN1376,Paralysis - Falij Ratab,,Unknown,UNMAPPED,No suitable ICD-11 match found,0.000,No Match,Optimized Semantic Matching,2025-09-04
UN1377,Epilepsy - Sara Yabis,,Unknown,UNMAPPED,No suitable ICD-11 match found,0.000,No Match,Optimized Semantic Matching,2025-09-04
UN1378,Diarrhea - Ishal Chronic,,Unknown,UNMAPPED,No suitable ICD-11 match found,0.000,No Match,Optimized Semantic Matching,2025-09-04
UN1379,Cough - Sual Acute,,Unknown,MD12,cough,0.800,High,Optimized Semantic Matching,2025-09-04
UN1380,Cold - Nazla,,Unknown,UNMAPPED,No suitable ICD-11 match found,0.000,No Match,Optimized Semantic Matching,2025-09-04
UN1381,Fever - Humma Har,,Unknown,1C30.2,Typhus fever due to Rickettsia typhi,0.700,High,Optimized Semantic Matching,2025-09-04
UN1382,Diabetes - Ziabetus Barid,,Unknown,5A11,Type 2 diabetes mellitus,0.700,High,Optimized Semantic Matching,2025-09-04
UN1383,Hypertension - Zarabet Dam Ratab,,Unknown,UNMAPPED,No suitable ICD-11 match found,0.000,No Match,Optimized Semantic Matching,2025-09-04
UN1384,Arthritis - Waja ul Mafasil Yabis,,Unknown,FA20,Rheumatoid arthritis,0.700,High,Optimized Semantic Matching,2025-09-04
UN1385,Asthma - Raboo Chronic,,Unknown,CA23,Asthma,0.800,High,Optimized Semantic Matching,2025-09-04
UN1386,Migraine - Shaqeeqa Acute,,Unknown,8A80,Migraine,0.800,High,Optimized Semantic Matching,2025-09-04
UN1387,Depression - Sawda,,Unknown,UNMAPPED,No suitable ICD-11 match found,0.000,No Match,Optimized Semantic Matching,2025-09-04
UN1388,Gastritis - Waram-e-Meda Har,,Unknown,DA42,Gastritis,0.800,High,Optimized Semantic Matching,2025-09-04
UN1389,Insomnia - Sahr Barid,,Unknown,UNMAPPED,No suitable ICD-11 match found,0.000,No Match,Optimized Semantic Matching,2025-09-04
UN1390,Constipation - Qabz Ratab,,Unknown,ME05.0,constipation,0.800,High,Optimized Semantic Matching,2025-09-04
UN1391,Obesity - Siman-e-Mufrat Yabis,,Unknown,5B81,Obesity,0.800,High,Optimized Semantic Matching,2025-09-04
UN1392,Anemia - Faqr ud Dam Chronic,,Unknown,UNMAPPED,No suitable ICD-11 match found,0.000,No Match,Optimized Semantic Matching,2025-09-04
UN1393,Skin Disease - Amraz-e-Jild Acute,,Unknown,1D40,Chikungunya virus disease,0.700,High,Optimized Semantic Matching,2025-09-04
UN1394,Liver Disease - Amraz-e-Jigar,,Unknown,2C12.02,hepatocellular carcinoma of liver,0.700,High,Optimized Semantic Matching,2025-09-04
UN1395,Kidney Disease - Amraz-e-Kulya Har,,Unknown,1D40,Chikungunya virus disease,0.700,High,Optimized Semantic Matching,2025-09-04
UN1396,Paralysis - Falij Barid,,Unknown,UNMAPPED,No suitable ICD-11 match found,0.000,No Match,Optimized Semantic Matching,2025-09-04
UN1397,Epilepsy - Sara Ratab,,Unknown,UNMAPPED,No suitable ICD-11 match found,0.000,No Match,Optimized Semantic Matching,2025-09-04
UN1398,Diarrhea - Ishal Yabis,,Unknown,UNMAPPED,No suitable ICD-11 match found,0.000,No Match,Optimized Semantic Matching,2025-09-04
UN1399,Cough - Sual Chronic,,Unknown,MD12,cough,0.800,High,Optimized Semantic Matching,2025-09-04
UN1400,Cold - Nazla Acute,,Unknown,UNMAPPED,No suitable ICD-11 match found,0.000,No Match,Optimized Semantic Matching,2025-09-04
UN1401,Fever - Humma,,Unknown,1C30.2,Typhus fever due to Rickettsia typhi,0.700,High,Optimized Semantic Matching,2025-09-04
UN1402,Diabetes - Ziabetus Har,,Unknown,5A11,Type 2 diabetes mellitus,0.700,High,Optimized Semantic Matching,2025-09-04
UN1403,Hypertension - Zarabet Dam Barid,,Unknown,UNMAPPED,No suitable ICD-11 match found,0.000,No Match,Optimized Semantic Matching,2025-09-04
UN1404,Arthritis - Waja ul Mafasil Ratab,,Unknown,FA20,Rheumatoid arthritis,0.700,High,Optimized Semantic Matching,2025-09-04
UN1405,Asthma - Raboo Yabis,,Unknown,CA23,Asthma,0.800,High,Optimized Semantic Matching,2025-09-04
UN1406,Migraine - Shaqeeqa Chronic,,Unknown,8A80,Migraine,0.800,High,Optimized Semantic Matching,2025-09-04
UN1407,Depression - Sawda Acute,,Unknown,UNMAPPED,No suitable ICD-11 match found,0.000,No Match,Optimized Semantic Matching,2025-09-04
UN1408,Gastritis - Waram-e-Meda,,Unknown,DA42,Gastritis,0.800,High,Optimized Semantic Matching,2025-09-04
UN1409,Insomnia - Sahr Har,,Unknown,UNMAPPED,No suitable ICD-11 match found,0.000,No Match,Optimized Semantic Matching,2025-09-04
UN1410,Constipation - Qabz Barid,,Unknown,ME05.0,constipation,0.800,High,Optimized Semantic Matching,2025-09-04
UN1411,Obesity - Siman-e-Mufrat Ratab,,Unknown,5B81,Obesity,0.800,High,Optimized Semantic Matching,2025-09-04
UN1412,Anemia - Faqr ud Dam Yabis,,Unknown,UNMAPPED,No suitable ICD-11 match found,0.000,No Match,Optimized Semantic Matching,2025-09-04
UN1413,Skin Disease - Amraz-e-Jild Chronic,,Unknown,1D40,Chikungunya virus disease,0.700,High,Optimized Semantic Matching,2025-09-04
UN1414,Liver Disease - Amraz-e-Jigar Acute,,Unknown,2C12.02,hepatocellular carcinoma of liver,0.700,High,Optimized Semantic Matching,2025-09-04
UN1415,Kidney Disease - Amraz-e-Kulya,,Unknown,1D40,Chikungunya virus disease,0.700,High,Optimized Semantic Matching,2025-09-04
UN1416,Paralysis - Falij Har,,Unknown,UNMAPPED,No suitable ICD-11 match found,0.000,No Match,Optimized Semantic Matching,2025-09-04
UN1417,Epilepsy - Sara Barid,,Unknown,UNMAPPED,No suitable ICD-11 match found,0.000,No Match,Optimized Semantic Matching,2025-09-04
UN1418,Diarrhea - Ishal Ratab,,Unknown,UNMAPPED,No suitable ICD-11 match found,0.000,No Match,Optimized Semantic Matching,2025-09-04
UN1419,Cough - Sual Yabis,,Unknown,MD12,cough,0.800,High,Optimized Semantic Matching,2025-09-04
UN1420,Cold - Nazla Chronic,,Unknown,UNMAPPED,No suitable ICD-11 match found,0.000,No Match,Optimized Semantic Matching,2025-09-04
UN1421,Fever - Humma Acute,,Unknown,1D2Z,"Dengue fever, unspecified",0.700,High,Optimized Semantic Matching,2025-09-04
UN1422,Diabetes - Ziabetus,,Unknown,5A11,Type 2 diabetes mellitus,0.700,High,Optimized Semantic Matching,2025-09-04
UN1423,Hypertension - Zarabet Dam Har,,Unknown,UNMAPPED,No suitable ICD-11 match found,0.000,No Match,Optimized Semantic Matching,2025-09-04
UN1424,Arthritis - Waja ul Mafasil Barid,,Unknown,FA20,Rheumatoid arthritis,0.700,High,Optimized Semantic Matching,2025-09-04
UN1425,Asthma - Raboo Ratab,,Unknown,CA23,Asthma,0.800,High,Optimized Semantic Matching,2025-09-04
UN1426,Migraine - Shaqeeqa Yabis,,Unknown,8A80,Migraine,0.800,High,Optimized Semantic Matching,2025-09-04
UN1427,Depression - Sawda Chronic,,Unknown,UNMAPPED,No suitable ICD-11 match found,0.000,No Match,Optimized Semantic Matching,2025-09-04
UN1428,Gastritis - Waram-e-Meda Acute,,Unknown,DA42,Gastritis,0.800,High,Optimized Semantic Matching,2025-09-04
UN1429,Insomnia - Sahr,,Unknown,UNMAPPED,No suitable ICD-11 match found,0.000,No Match,Optimized Semantic Matching,2025-09-04
UN1430,Constipation - Qabz Har,,Unknown,ME05.0,constipation,0.800,High,Optimized Semantic Matching,2025-09-04
UN1431,Obesity - Siman-e-Mufrat Barid,,Unknown,5B81,Obesity,0.800,High,Optimized Semantic Matching,2025-09-04
UN1432,Anemia - Faqr ud Dam Ratab,,Unknown,UNMAPPED,No suitable ICD-11 match found,0.000,No Match,Optimized Semantic Matching,2025-09-04
UN1433,Skin Disease - Amraz-e-Jild Yabis,,Unknown,1D40,Chikungunya virus disease,0.700,High,Optimized Semantic Matching,2025-09-04
UN1434,Liver Disease - Amraz-e-Jigar Chronic,,Unknown,2C12.02,hepatocellular carcinoma of liver,0.700,High,Optimized Semantic Matching,2025-09-04
UN1435,Kidney Disease - Amraz-e-Kulya Acute,,Unknown,1D40,Chikungunya virus disease,0.700,High,Optimized Semantic Matching,2025-09-04
UN1436,Paralysis - Falij,,Unknown,UNMAPPED,No suitable ICD-11 match found,0.000,No Match,Optimized Semantic Matching,2025-09-04
UN1437,Epilepsy - Sara Har,,Unknown,UNMAPPED,No suitable ICD-11 match found,0.000,No Match,Optimized Semantic Matching,2025-09-04
UN1438,Diarrhea - Ishal Barid,,Unknown,UNMAPPED,No suitable ICD-11 match found,0.000,No Match,Optimized Semantic Matching,2025-09-04
UN1439,Cough - Sual Ratab,,Unknown,MD12,cough,0.800,High,Optimized Semantic Matching,2025-09-04
UN1440,Cold - Nazla Yabis,,Unknown,UNMAPPED,No suitable ICD-11 match found,0.000,No Match,Optimized Semantic Matching,2025-09-04
UN1441,Fever - Humma Chronic,,Unknown,1D2Z,"Dengue fever, unspecified",0.700,High,Optimized Semantic Matching,2025-09-04
UN1442,Diabetes - Ziabetus Acute,,Unknown,QA0A.10,special screening examination for diabetes mellitus,0.700,High,Optimized Semantic Matching,2025-09-04
UN1443,Hypertension - Zarabet Dam,,Unknown,UNMAPPED,No suitable ICD-11 match found,0.000,No Match,Optimized Semantic Matching,2025-09-04
UN1444,Arthritis - Waja ul Mafasil Har,,Unknown,FA20,Rheumatoid arthritis,0.700,High,Optimized Semantic Matching,2025-09-04
UN1445,Asthma - Raboo Barid,,Unknown,CA23,Asthma,0.800,High,Optimized Semantic Matching,2025-09-04
UN1446,Migraine - Shaqeeqa Ratab,,Unknown,8A80,Migraine,0.800,High,Optimized Semantic Matching,2025-09-04
UN1447,Depression - Sawda Yabis,,Unknown,UNMAPPED,No suitable ICD-11 match found,0.000,No Match,Optimized Semantic Matching,2025-09-04
UN1448,Gastritis - Waram-e-Meda Chronic,,Unknown,DA42,Gastritis,0.800,High,Optimized Semantic Matching,2025-09-04
UN1449,Insomnia - Sahr Acute,,Unknown,UNMAPPED,No suitable ICD-11 match found,0.000,No Match,Optimized Semantic Matching,2025-09-04
UN1450,Constipation - Qabz,,Unknown,ME05.0,constipation,0.800,High,Optimized Semantic Matching,2025-09-04
UN1451,Obesity - Siman-e-Mufrat Har,,Unknown,5B81,Obesity,0.800,High,Optimized Semantic Matching,2025-09-04
UN1452,Anemia - Faqr ud Dam Barid,,Unknown,UNMAPPED,No suitable ICD-11 match found,0.000,No Match,Optimized Semantic Matching,2025-09-04
UN1453,Skin Disease - Amraz-e-Jild Ratab,,Unknown,1D40,Chikungunya virus disease,0.700,High,Optimized Semantic Matching,2025-09-04
UN1454,Liver Disease - Amraz-e-Jigar Yabis,,Unknown,2C12.02,hepatocellular carcinoma of liver,0.700,High,Optimized Semantic Matching,2025-09-04
UN1455,Kidney Disease - Amraz-e-Kulya Chronic,,Unknown,1D40,Chikungunya virus disease,0.700,High,Optimized Semantic Matching,2025-09-04
UN1456,Paralysis - Falij Acute,,Unknown,UNMAPPED,No suitable ICD-11 match found,0.000,No Match,Optimized Semantic Matching,2025-09-04
UN1457,Epilepsy - Sara,,Unknown,UNMAPPED,No suitable ICD-11 match found,0.000,No Match,Optimized Semantic Matching,2025-09-04
UN1458,Diarrhea - Ishal Har,,Unknown,UNMAPPED,No suitable ICD-11 match found,0.000,No Match,Optimized Semantic Matching,2025-09-04
UN1459,Cough - Sual Barid,,Unknown,MD12,cough,0.800,High,Optimized Semantic Matching,2025-09-04
UN1460,Cold - Nazla Ratab,,Unknown,UNMAPPED,No suitable ICD-11 match found,0.000,No Match,Optimized Semantic Matching,2025-09-04
UN1461,Fever - Humma Yabis,,Unknown,1C30.2,Typhus fever due to Rickettsia typhi,0.700,High,Optimized Semantic Matching,2025-09-04
UN1462,Diabetes - Ziabetus Chronic,,Unknown,QA0A.10,special screening examination for diabetes mellitus,0.700,High,Optimized Semantic Matching,2025-09-04
UN1463,Hypertension - Zarabet Dam Acute,,Unknown,UNMAPPED,No suitable ICD-11 match found,0.000,No Match,Optimized Semantic Matching,2025-09-04
UN1464,Arthritis - Waja ul Mafasil,,Unknown,FA20,Rheumatoid arthritis,0.700,High,Optimized Semantic Matching,2025-09-04
UN1465,Asthma - Raboo Har,,Unknown,CA23,Asthma,0.800,High,Optimized Semantic Matching,2025-09-04
UN1466,Migraine - Shaqeeqa Barid,,Unknown,8A80,Migraine,0.800,High,Optimized Semantic Matching,2025-09-04
UN1467,Depression - Sawda Ratab,,Unknown,UNMAPPED,No suitable ICD-11 match found,0.000,No Match,Optimized Semantic Matching,2025-09-04
UN1468,Gastritis - Waram-e-Meda Yabis,,Unknown,DA42,Gastritis,0.800,High,Optimized Semantic Matching,2025-09-04
UN1469,Insomnia - Sahr Chronic,,Unknown,7A00,Chronic insomnia,0.400,Low,Optimized Semantic Matching,2025-09-04
UN1470,Constipation - Qabz Acute,,Unknown,ME05.0,constipation,0.800,High,Optimized Semantic Matching,2025-09-04
UN1471,Obesity - Siman-e-Mufrat,,Unknown,5B81,Obesity,0.800,High,Optimized Semantic Matching,2025-09-04
UN1472,Anemia - Faqr ud Dam Har,,Unknown,UNMAPPED,No suitable ICD-11 match found,0.000,No Match,Optimized Semantic Matching,2025-09-04
UN1473,Skin Disease - Amraz-e-Jild Barid,,Unknown,1D40,Chikungunya virus disease,0.700,High,Optimized Semantic Matching,2025-09-04
UN1474,Liver Disease - Amraz-e-Jigar Ratab,,Unknown,2C12.02,hepatocellular carcinoma of liver,0.700,High,Optimized Semantic Matching,2025-09-04
UN1475,Kidney Disease - Amraz-e-Kulya Yabis,,Unknown,1D40,Chikungunya virus disease,0.700,High,Optimized Semantic Matching,2025-09-04
UN1476,Paralysis - Falij Chronic,,Unknown,UNMAPPED,No suitable ICD-11 match found,0.000,No Match,Optimized Semantic Matching,2025-09-04
UN1477,Epilepsy - Sara Acute,,Unknown,UNMAPPED,No suitable ICD-11 match found,0.000,No Match,Optimized Semantic Matching,2025-09-04
UN1478,Diarrhea - Ishal,,Unknown,UNMAPPED,No suitable ICD-11 match found,0.000,No Match,Optimized Semantic Matching,2025-09-04
UN1479,Cough - Sual Har,,Unknown,MD12,cough,0.800,High,Optimized Semantic Matching,2025-09-04
UN1480,Cold - Nazla Barid,,Unknown,UNMAPPED,No suitable ICD-11 match found,0.000,No Match,Optimized Semantic Matching,2025-09-04
UN1481,Fever - Humma Ratab,,Unknown,1C30.2,Typhus fever due to Rickettsia typhi,0.700,High,Optimized Semantic Matching,2025-09-04
UN1482,Diabetes - Ziabetus Yabis,,Unknown,5A11,Type 2 diabetes mellitus,0.700,High,Optimized Semantic Matching,2025-09-04
UN1483,Hypertension - Zarabet Dam Chronic,,Unknown,UNMAPPED,No suitable ICD-11 match found,0.000,No Match,Optimized Semantic Matching,2025-09-04
UN1484,Arthritis - Waja ul Mafasil Acute,,Unknown,1B41.1Z,"Acute rheumatic endocarditis, unspecified",0.700,High,Optimized Semantic Matching,2025-09-04
UN1485,Asthma - Raboo,,Unknown,CA23,Asthma,0.800,High,Optimized Semantic Matching,2025-09-04
UN1486,Migraine - Shaqeeqa Har,,Unknown,8A80,Migraine,0.800,High,Optimized Semantic Matching,2025-09-04
UN1487,Depression - Sawda Barid,,Unknown,UNMAPPED,No suitable ICD-11 match found,0.000,No Match,Optimized Semantic Matching,2025-09-04
UN1488,Gastritis - Waram-e-Meda Ratab,,Unknown,DA42,Gastritis,0.800,High,Optimized Semantic Matching,2025-09-04
UN1489,Insomnia - Sahr Yabis,,Unknown,UNMAPPED,No suitable ICD-11 match found,0.000,No Match,Optimized Semantic Matching,2025-09-04
UN1490,Constipation - Qabz Chronic,,Unknown,ME05.0,constipation,0.800,High,Optimized Semantic Matching,2025-09-04
UN1491,Obesity - Siman-e-Mufrat Acute,,Unknown,5B81,Obesity,0.800,High,Optimized Semantic Matching,2025-09-04
UN1492,Anemia - Faqr ud Dam,,Unknown,UNMAPPED,No suitable ICD-11 match found,0.000,No Match,Optimized Semantic Matching,2025-09-04
UN1493,Skin Disease - Amraz-e-Jild Har,,Unknown,1D40,Chikungunya virus disease,0.700,High,Optimized Semantic Matching,2025-09-04
UN1494,Liver Disease - Amraz-e-Jigar Barid,,Unknown,2C12.02,hepatocellular carcinoma of liver,0.700,High,Optimized Semantic Matching,2025-09-04
UN1495,Kidney Disease - Amraz-e-Kulya Ratab,,Unknown,1D40,Chikungunya virus disease,0.700,High,Optimized Semantic Matching,2025-09-04
UN1496,Paralysis - Falij Yabis,,Unknown,UNMAPPED,No suitable ICD-11 match found,0.000,No Match,Optimized Semantic Matching,2025-09-04
UN1497,Epilepsy - Sara Chronic,,Unknown,UNMAPPED,No suitable ICD-11 match found,0.000,No Match,Optimized Semantic Matching,2025-09-04
UN1498,Diarrhea - Ishal Acute,,Unknown,UNMAPPED,No suitable ICD-11 match found,0.000,No Match,Optimized Semantic Matching,2025-09-04
UN1499,Cough - Sual,,Unknown,MD12,cough,0.800,High,Optimized Semantic Matching,2025-09-04
UN1500,Cold - Nazla Har,,Unknown,UNMAPPED,No suitable ICD-11 match found,0.000,No Match,Optimized Semantic Matching,2025-09-04
UN1501,Fever - Humma Barid,,Unknown,1C30.2,Typhus fever due to Rickettsia typhi,0.700,High,Optimized Semantic Matching,2025-09-04
UN1502,Diabetes - Ziabetus Ratab,,Unknown,5A11,Type 2 diabetes mellitus,0.700,High,Optimized Semantic Matching,2025-09-04
UN1503,Hypertension - Zarabet Dam Yabis,,Unknown,UNMAPPED,No suitable ICD-11 match found,0.000,No Match,Optimized Semantic Matching,2025-09-04
UN1504,Arthritis - Waja ul Mafasil Chronic,,Unknown,2A81.7,Diffuse large Bcell lymphoma associated with Chronic inflammation,0.700,High,Optimized Semantic Matching,2025-09-04
UN1505,Asthma - Raboo Acute,,Unknown,CA23,Asthma,0.800,High,Optimized Semantic Matching,2025-09-04
UN1506,Migraine - Shaqeeqa,,Unknown,8A80,Migraine,0.800,High,Optimized Semantic Matching,2025-09-04
UN1507,Depression - Sawda Har,,Unknown,UNMAPPED,No suitable ICD-11 match found,0.000,No Match,Optimized Semantic Matching,2025-09-04
UN1508,Gastritis - Waram-e-Meda Barid,,Unknown,DA42,Gastritis,0.800,High,Optimized Semantic Matching,2025-09-04
UN1509,Insomnia - Sahr Ratab,,Unknown,UNMAPPED,No suitable ICD-11 match found,0.000,No Match,Optimized Semantic Matching,2025-09-04
UN1510,Constipation - Qabz Yabis,,Unknown,ME05.0,constipation,0.800,High,Optimized Semantic Matching,2025-09-04
UN1511,Obesity - Siman-e-Mufrat Chronic,,Unknown,5B81,Obesity,0.800,High,Optimized Semantic Matching,2025-09-04
UN1512,Anemia - Faqr ud Dam Acute,,Unknown,UNMAPPED,No suitable ICD-11 match found,0.000,No Match,Optimized Semantic Matching,2025-09-04
UN1513,Skin Disease - Amraz-e-Jild,,Unknown,1D40,Chikungunya virus disease,0.700,High,Optimized Semantic Matching,2025-09-04
UN1514,Liver Disease - Amraz-e-Jigar Har,,Unknown,2C12.02,hepatocellular carcinoma of liver,0.700,High,Optimized Semantic Matching,2025-09-04
UN1515,Kidney Disease - Amraz-e-Kulya Barid,,Unknown,1D40,Chikungunya virus disease,0.700,High,Optimized Semantic Matching,2025-09-04
UN1516,Paralysis - Falij Ratab,,Unknown,UNMAPPED,No suitable ICD-11 match found,0.000,No Match,Optimized Semantic Matching,2025-09-04
UN1517,Epilepsy - Sara Yabis,,Unknown,UNMAPPED,No suitable ICD-11 match found,0.000,No Match,Optimized Semantic Matching,2025-09-04
UN1518,Diarrhea - Ishal Chronic,,Unknown,UNMAPPED,No suitable ICD-11 match found,0.000,No Match,Optimized Semantic Matching,2025-09-04
UN1519,Cough - Sual Acute,,Unknown,MD12,cough,0.800,High,Optimized Semantic Matching,2025-09-04
UN1520,Cold - Nazla,,Unknown,UNMAPPED,No suitable ICD-11 match found,0.000,No Match,Optimized Semantic Matching,2025-09-04
UN1521,Fever - Humma Har,,Unknown,1C30.2,Typhus fever due to Rickettsia typhi,0.700,High,Optimized Semantic Matching,2025-09-04
UN1522,Diabetes - Ziabetus Barid,,Unknown,5A11,Type 2 diabetes mellitus,0.700,High,Optimized Semantic Matching,2025-09-04
UN1523,Hypertension - Zarabet Dam Ratab,,Unknown,UNMAPPED,No suitable ICD-11 match found,0.000,No Match,Optimized Semantic Matching,2025-09-04
UN1524,Arthritis - Waja ul Mafasil Yabis,,Unknown,FA20,Rheumatoid arthritis,0.700,High,Optimized Semantic Matching,2025-09-04
UN1525,Asthma - Raboo Chronic,,Unknown,CA23,Asthma,0.800,High,Optimized Semantic Matching,2025-09-04
UN1526,Migraine - Shaqeeqa Acute,,Unknown,8A80,Migraine,0.800,High,Optimized Semantic Matching,2025-09-04
UN1527,Depression - Sawda,,Unknown,UNMAPPED,No suitable ICD-11 match found,0.000,No Match,Optimized Semantic Matching,2025-09-04
UN1528,Gastritis - Waram-e-Meda Har,,Unknown,DA42,Gastritis,0.800,High,Optimized Semantic Matching,2025-09-04
UN1529,Insomnia - Sahr Barid,,Unknown,UNMAPPED,No suitable ICD-11 match found,0.000,No Match,Optimized Semantic Matching,2025-09-04
UN1530,Constipation - Qabz Ratab,,Unknown,ME05.0,constipation,0.800,High,Optimized Semantic Matching,2025-09-04
UN1531,Obesity - Siman-e-Mufrat Yabis,,Unknown,5B81,Obesity,0.800,High,Optimized Semantic Matching,2025-09-04
UN1532,Anemia - Faqr ud Dam Chronic,,Unknown,UNMAPPED,No suitable ICD-11 match found,0.000,No Match,Optimized Semantic Matching,2025-09-04
UN1533,Skin Disease - Amraz-e-Jild Acute,,Unknown,1D40,Chikungunya virus disease,0.700,High,Optimized Semantic Matching,2025-09-04
UN1534,Liver Disease - Amraz-e-Jigar,,Unknown,2C12.02,hepatocellular carcinoma of liver,0.700,High,Optimized Semantic Matching,2025-09-04
UN1535,Kidney Disease - Amraz-e-Kulya Har,,Unknown,1D40,Chikungunya virus disease,0.700,High,Optimized Semantic Matching,2025-09-04
UN1536,Paralysis - Falij Barid,,Unknown,UNMAPPED,No suitable ICD-11 match found,0.000,No Match,Optimized Semantic Matching,2025-09-04
UN1537,Epilepsy - Sara Ratab,,Unknown,UNMAPPED,No suitable ICD-11 match found,0.000,No Match,Optimized Semantic Matching,2025-09-04
UN1538,Diarrhea - Ishal Yabis,,Unknown,UNMAPPED,No suitable ICD-11 match found,0.000,No Match,Optimized Semantic Matching,2025-09-04
UN1539,Cough - Sual Chronic,,Unknown,MD12,cough,0.800,High,Optimized Semantic Matching,2025-09-04
UN1540,Cold - Nazla Acute,,Unknown,UNMAPPED,No suitable ICD-11 match found,0.000,No Match,Optimized Semantic Matching,2025-09-04
UN1541,Fever - Humma,,Unknown,1C30.2,Typhus fever due to Rickettsia typhi,0.700,High,Optimized Semantic Matching,2025-09-04
UN1542,Diabetes - Ziabetus Har,,Unknown,5A11,Type 2 diabetes mellitus,0.700,High,Optimized Semantic Matching,2025-09-04
UN1543,Hypertension - Zarabet Dam Barid,,Unknown,UNMAPPED,No suitable ICD-11 match found,0.000,No Match,Optimized Semantic Matching,2025-09-04
UN1544,Arthritis - Waja ul Mafasil Ratab,,Unknown,FA20,Rheumatoid arthritis,0.700,High,Optimized Semantic Matching,2025-09-04
UN1545,Asthma - Raboo Yabis,,Unknown,CA23,Asthma,0.800,High,Optimized Semantic Matching,2025-09-04
UN1546,Migraine - Shaqeeqa Chronic,,Unknown,8A80,Migraine,0.800,High,Optimized Semantic Matching,2025-09-04
UN1547,Depression - Sawda Acute,,Unknown,UNMAPPED,No suitable ICD-11 match found,0.000,No Match,Optimized Semantic Matching,2025-09-04
UN1548,Gastritis - Waram-e-Meda,,Unknown,DA42,Gastritis,0.800,High,Optimized Semantic Matching,2025-09-04
UN1549,Insomnia - Sahr Har,,Unknown,UNMAPPED,No suitable ICD-11 match found,0.000,No Match,Optimized Semantic Matching,2025-09-04
UN1550,Constipation - Qabz Barid,,Unknown,ME05.0,constipation,0.800,High,Optimized Semantic Matching,2025-09-04
UN1551,Obesity - Siman-e-Mufrat Ratab,,Unknown,5B81,Obesity,0.800,High,Optimized Semantic Matching,2025-09-04
UN1552,Anemia - Faqr ud Dam Yabis,,Unknown,UNMAPPED,No suitable ICD-11 match found,0.000,No Match,Optimized Semantic Matching,2025-09-04
UN1553,Skin Disease - Amraz-e-Jild Chronic,,Unknown,1D40,Chikungunya virus disease,0.700,High,Optimized Semantic Matching,2025-09-04
UN1554,Liver Disease - Amraz-e-Jigar Acute,,Unknown,2C12.02,hepatocellular carcinoma of liver,0.700,High,Optimized Semantic Matching,2025-09-04
UN1555,Kidney Disease - Amraz-e-Kulya,,Unknown,1D40,Chikungunya virus disease,0.700,High,Optimized Semantic Matching,2025-09-04
UN1556,Paralysis - Falij Har,,Unknown,UNMAPPED,No suitable ICD-11 match found,0.000,No Match,Optimized Semantic Matching,2025-09-04
UN1557,Epilepsy - Sara Barid,,Unknown,UNMAPPED,No suitable ICD-11 match found,0.000,No Match,Optimized Semantic Matching,2025-09-04
UN1558,Diarrhea - Ishal Ratab,,Unknown,UNMAPPED,No suitable ICD-11 match found,0.000,No Match,Optimized Semantic Matching,2025-09-04
UN1559,Cough - Sual Yabis,,Unknown,MD12,cough,0.800,High,Optimized Semantic Matching,2025-09-04
UN1560,Cold - Nazla Chronic,,Unknown,UNMAPPED,No suitable ICD-11 match found,0.000,No Match,Optimized Semantic Matching,2025-09-04
UN1561,Fever - Humma Acute,,Unknown,1D2Z,"Dengue fever, unspecified",0.700,High,Optimized Semantic Matching,2025-09-04
UN1562,Diabetes - Ziabetus,,Unknown,5A11,Type 2 diabetes mellitus,0.700,High,Optimized Semantic Matching,2025-09-04
UN1563,Hypertension - Zarabet Dam Har,,Unknown,UNMAPPED,No suitable ICD-11 match found,0.000,No Match,Optimized Semantic Matching,2025-09-04
UN1564,Arthritis - Waja ul Mafasil Barid,,Unknown,FA20,Rheumatoid arthritis,0.700,High,Optimized Semantic Matching,2025-09-04
UN1565,Asthma - Raboo Ratab,,Unknown,CA23,Asthma,0.800,High,Optimized Semantic Matching,2025-09-04
UN1566,Migraine - Shaqeeqa Yabis,,Unknown,8A80,Migraine,0.800,High,Optimized Semantic Matching,2025-09-04
UN1567,Depression - Sawda Chronic,,Unknown,UNMAPPED,No suitable ICD-11 match found,0.000,No Match,Optimized Semantic Matching,2025-09-04
UN1568,Gastritis - Waram-e-Meda Acute,,Unknown,DA42,Gastritis,0.800,High,Optimized Semantic Matching,2025-09-04
UN1569,Insomnia - Sahr,,Unknown,UNMAPPED,No suitable ICD-11 match found,0.000,No Match,Optimized Semantic Matching,2025-09-04
UN1570,Constipation - Qabz Har,,Unknown,ME05.0,constipation,0.800,High,Optimized Semantic Matching,2025-09-04
UN1571,Obesity - Siman-e-Mufrat Barid,,Unknown,5B81,Obesity,0.800,High,Optimized Semantic Matching,2025-09-04
UN1572,Anemia - Faqr ud Dam Ratab,,Unknown,UNMAPPED,No suitable ICD-11 match found,0.000,No Match,Optimized Semantic Matching,2025-09-04
UN1573,Skin Disease - Amraz-e-Jild Yabis,,Unknown,1D40,Chikungunya virus disease,0.700,High,Optimized Semantic Matching,2025-09-04
UN1574,Liver Disease - Amraz-e-Jigar Chronic,,Unknown,2C12.02,hepatocellular carcinoma of liver,0.700,High,Optimized Semantic Matching,2025-09-04
UN1575,Kidney Disease - Amraz-e-Kulya Acute,,Unknown,1D40,Chikungunya virus disease,0.700,High,Optimized Semantic Matching,2025-09-04
UN1576,Paralysis - Falij,,Unknown,UNMAPPED,No suitable ICD-11 match found,0.000,No Match,Optimized Semantic Matching,2025-09-04
UN1577,Epilepsy - Sara Har,,Unknown,UNMAPPED,No suitable ICD-11 match found,0.000,No Match,Optimized Semantic Matching,2025-09-04
UN1578,Diarrhea - Ishal Barid,,Unknown,UNMAPPED,No suitable ICD-11 match found,0.000,No Match,Optimized Semantic Matching,2025-09-04
UN1579,Cough - Sual Ratab,,Unknown,MD12,cough,0.800,High,Optimized Semantic Matching,2025-09-04
UN1580,Cold - Nazla Yabis,,Unknown,UNMAPPED,No suitable ICD-11 match found,0.000,No Match,Optimized Semantic Matching,2025-09-04
UN1581,Fever - Humma Chronic,,Unknown,1D2Z,"Dengue fever, unspecified",0.700,High,Optimized Semantic Matching,2025-09-04
UN1582,Diabetes - Ziabetus Acute,,Unknown,QA0A.10,special screening examination for diabetes mellitus,0.700,High,Optimized Semantic Matching,2025-09-04
UN1583,Hypertension - Zarabet Dam,,Unknown,UNMAPPED,No suitable ICD-11 match found,0.000,No Match,Optimized Semantic Matching,2025-09-04
UN1584,Arthritis - Waja ul Mafasil Har,,Unknown,FA20,Rheumatoid arthritis,0.700,High,Optimized Semantic Matching,2025-09-04
UN1585,Asthma - Raboo Barid,,Unknown,CA23,Asthma,0.800,High,Optimized Semantic Matching,2025-09-04
UN1586,Migraine - Shaqeeqa Ratab,,Unknown,8A80,Migraine,0.800,High,Optimized Semantic Matching,2025-09-04
UN1587,Depression - Sawda Yabis,,Unknown,UNMAPPED,No suitable ICD-11 match found,0.000,No Match,Optimized Semantic Matching,2025-09-04
UN1588,Gastritis - Waram-e-Meda Chronic,,Unknown,DA42,Gastritis,0.800,High,Optimized Semantic Matching,2025-09-04
UN1589,Insomnia - Sahr Acute,,Unknown,UNMAPPED,No suitable ICD-11 match found,0.000,No Match,Optimized Semantic Matching,2025-09-04
UN1590,Constipation - Qabz,,Unknown,ME05.0,constipation,0.800,High,Optimized Semantic Matching,2025-09-04
UN1591,Obesity - Siman-e-Mufrat Har,,Unknown,5B81,Obesity,0.800,High,Optimized Semantic Matching,2025-09-04
UN1592,Anemia - Faqr ud Dam Barid,,Unknown,UNMAPPED,No suitable ICD-11 match found,0.000,No Match,Optimized Semantic Matching,2025-09-04
UN1593,Skin Disease - Amraz-e-Jild Ratab,,Unknown,1D40,Chikungunya virus disease,0.700,High,Optimized Semantic Matching,2025-09-04
UN1594,Liver Disease - Amraz-e-Jigar Yabis,,Unknown,2C12.02,hepatocellular carcinoma of liver,0.700,High,Optimized Semantic Matching,2025-09-04
UN1595,Kidney Disease - Amraz-e-Kulya Chronic,,Unknown,1D40,Chikungunya virus disease,0.700,High,Optimized Semantic Matching,2025-09-04
UN1596,Paralysis - Falij Acute,,Unknown,UNMAPPED,No suitable ICD-11 match found,0.000,No Match,Optimized Semantic Matching,2025-09-04
UN1597,Epilepsy - Sara,,Unknown,UNMAPPED,No suitable ICD-11 match found,0.000,No Match,Optimized Semantic Matching,2025-09-04
UN1598,Diarrhea - Ishal Har,,Unknown,UNMAPPED,No suitable ICD-11 match found,0.000,No Match,Optimized Semantic Matching,2025-09-04
UN1599,Cough - Sual Barid,,Unknown,MD12,cough,0.800,High,Optimized Semantic Matching,2025-09-04
UN1600,Cold - Nazla Ratab,,Unknown,UNMAPPED,No suitable ICD-11 match found,0.000,No Match,Optimized Semantic Matching,2025-09-04
UN1601,Fever - Humma Yabis,,Unknown,1C30.2,Typhus fever due to Rickettsia typhi,0.700,High,Optimized Semantic Matching,2025-09-04
UN1602,Diabetes - Ziabetus Chronic,,Unknown,QA0A.10,special screening examination for diabetes mellitus,0.700,High,Optimized Semantic Matching,2025-09-04
UN1603,Hypertension - Zarabet Dam Acute,,Unknown,UNMAPPED,No suitable ICD-11 match found,0.000,No Match,Optimized Semantic Matching,2025-09-04
UN1604,Arthritis - Waja ul Mafasil,,Unknown,FA20,Rheumatoid arthritis,0.700,High,Optimized Semantic Matching,2025-09-04
UN1605,Asthma - Raboo Har,,Unknown,CA23,Asthma,0.800,High,Optimized Semantic Matching,2025-09-04
UN1606,Migraine - Shaqeeqa Barid,,Unknown,8A80,Migraine,0.800,High,Optimized Semantic Matching,2025-09-04
UN1607,Depression - Sawda Ratab,,Unknown,UNMAPPED,No suitable ICD-11 match found,0.000,No Match,Optimized Semantic Matching,2025-09-04
UN1608,Gastritis - Waram-e-Meda Yabis,,Unknown,DA42,Gastritis,0.800,High,Optimized Semantic Matching,2025-09-04
UN1609,Insomnia - Sahr Chronic,,Unknown,7A00,Chronic insomnia,0.400,Low,Optimized Semantic Matching,2025-09-04
UN1610,Constipation - Qabz Acute,,Unknown,ME05.0,constipation,0.800,High,Optimized Semantic Matching,2025-09-04
UN1611,Obesity - Siman-e-Mufrat,,Unknown,5B81,Obesity,0.800,High,Optimized Semantic Matching,2025-09-04
UN1612,Anemia - Faqr ud Dam Har,,Unknown,UNMAPPED,No suitable ICD-11 match found,0.000,No Match,Optimized Semantic Matching,2025-09-04
UN1613,Skin Disease - Amraz-e-Jild Barid,,Unknown,1D40,Chikungunya virus disease,0.700,High,Optimized Semantic Matching,2025-09-04
UN1614,Liver Disease - Amraz-e-Jigar Ratab,,Unknown,2C12.02,hepatocellular carcinoma of liver,0.700,High,Optimized Semantic Matching,2025-09-04
UN1615,Kidney Disease - Amraz-e-Kulya Yabis,,Unknown,1D40,Chikungunya virus disease,0.700,High,Optimized Semantic Matching,2025-09-04
UN1616,Paralysis - Falij Chronic,,Unknown,UNMAPPED,No suitable ICD-11 match found,0.000,No Match,Optimized Semantic Matching,2025-09-04
UN1617,Epilepsy - Sara Acute,,Unknown,UNMAPPED,No suitable ICD-11 match found,0.000,No Match,Optimized Semantic Matching,2025-09-04
UN1618,Diarrhea - Ishal,,Unknown,UNMAPPED,No suitable ICD-11 match found,0.000,No Match,Optimized Semantic Matching,2025-09-04
UN1619,Cough - Sual Har,,Unknown,MD12,cough,0.800,High,Optimized Semantic Matching,2025-09-04
UN1620,Cold - Nazla Barid,,Unknown,UNMAPPED,No suitable ICD-11 match found,0.000,No Match,Optimized Semantic Matching,2025-09-04
UN1621,Fever - Humma Ratab,,Unknown,1C30.2,Typhus fever due to Rickettsia typhi,0.700,High,Optimized Semantic Matching,2025-09-04
UN1622,Diabetes - Ziabetus Yabis,,Unknown,5A11,Type 2 diabetes mellitus,0.700,High,Optimized Semantic Matching,2025-09-04
UN1623,Hypertension - Zarabet Dam Chronic,,Unknown,UNMAPPED,No suitable ICD-11 match found,0.000,No Match,Optimized Semantic Matching,2025-09-04
UN1624,Arthritis - Waja ul Mafasil Acute,,Unknown,1B41.1Z,"Acute rheumatic endocarditis, unspecified",0.700,High,Optimized Semantic Matching,2025-09-04
UN1625,Asthma - Raboo,,Unknown,CA23,Asthma,0.800,High,Optimized Semantic Matching,2025-09-04
UN1626,Migraine - Shaqeeqa Har,,Unknown,8A80,Migraine,0.800,High,Optimized Semantic Matching,2025-09-04
UN1627,Depression - Sawda Barid,,Unknown,UNMAPPED,No suitable ICD-11 match found,0.000,No Match,Optimized Semantic Matching,2025-09-04
UN1628,Gastritis - Waram-e-Meda Ratab,,Unknown,DA42,Gastritis,0.800,High,Optimized Semantic Matching,2025-09-04
UN1629,Insomnia - Sahr Yabis,,Unknown,UNMAPPED,No suitable ICD-11 match found,0.000,No Match,Optimized Semantic Matching,2025-09-04
UN1630,Constipation - Qabz Chronic,,Unknown,ME05.0,constipation,0.800,High,Optimized Semantic Matching,2025-09-04
UN1631,Obesity - Siman-e-Mufrat Acute,,Unknown,5B81,Obesity,0.800,High,Optimized Semantic Matching,2025-09-04
UN1632,Anemia - Faqr ud Dam,,Unknown,UNMAPPED,No suitable ICD-11 match found,0.000,No Match,Optimized Semantic Matching,2025-09-04
UN1633,Skin Disease - Amraz-e-Jild Har,,Unknown,1D40,Chikungunya virus disease,0.700,High,Optimized Semantic Matching,2025-09-04
UN1634,Liver Disease - Amraz-e-Jigar Barid,,Unknown,2C12.02,hepatocellular carcinoma of liver,0.700,High,Optimized Semantic Matching,2025-09-04
UN1635,Kidney Disease - Amraz-e-Kulya Ratab,,Unknown,1D40,Chikungunya virus disease,0.700,High,Optimized Semantic Matching,2025-09-04
UN1636,Paralysis - Falij Yabis,,Unknown,UNMAPPED,No suitable ICD-11 match found,0.000,No Match,Optimized Semantic Matching,2025-09-04
UN1637,Epilepsy - Sara Chronic,,Unknown,UNMAPPED,No suitable ICD-11 match found,0.000,No Match,Optimized Semantic Matching,2025-09-04
UN1638,Diarrhea - Ishal Acute,,Unknown,UNMAPPED,No suitable ICD-11 match found,0.000,No Match,Optimized Semantic Matching,2025-09-04
UN1639,Cough - Sual,,Unknown,MD12,cough,0.800,High,Optimized Semantic Matching,2025-09-04
UN1640,Cold - Nazla Har,,Unknown,UNMAPPED,No suitable ICD-11 match found,0.000,No Match,Optimized Semantic Matching,2025-09-04
UN1641,Fever - Humma Barid,,Unknown,1C30.2,Typhus fever due to Rickettsia typhi,0.700,High,Optimized Semantic Matching,2025-09-04
UN1642,Diabetes - Ziabetus Ratab,,Unknown,5A11,Type 2 diabetes mellitus,0.700,High,Optimized Semantic Matching,2025-09-04
UN1643,Hypertension - Zarabet Dam Yabis,,Unknown,UNMAPPED,No suitable ICD-11 match found,0.000,No Match,Optimized Semantic Matching,2025-09-04
UN1644,Arthritis - Waja ul Mafasil Chronic,,Unknown,2A81.7,Diffuse large Bcell lymphoma associated with Chronic inflammation,0.700,High,Optimized Semantic Matching,2025-09-04
UN1645,Asthma - Raboo Acute,,Unknown,CA23,Asthma,0.800,High,Optimized Semantic Matching,2025-09-04
UN1646,Migraine - Shaqeeqa,,Unknown,8A80,Migraine,0.800,High,Optimized Semantic Matching,2025-09-04
UN1647,Depression - Sawda Har,,Unknown,UNMAPPED,No suitable ICD-11 match found,0.000,No Match,Optimized Semantic Matching,2025-09-04
UN1648,Gastritis - Waram-e-Meda Barid,,Unknown,DA42,Gastritis,0.800,High,Optimized Semantic Matching,2025-09-04
UN1649,Insomnia - Sahr Ratab,,Unknown,UNMAPPED,No suitable ICD-11 match found,0.000,No Match,Optimized Semantic Matching,2025-09-04
UN1650,Constipation - Qabz Yabis,,Unknown,ME05.0,constipation,0.800,High,Optimized Semantic Matching,2025-09-04
UN1651,Obesity - Siman-e-Mufrat Chronic,,Unknown,5B81,Obesity,0.800,High,Optimized Semantic Matching,2025-09-04
UN1652,Anemia - Faqr ud Dam Acute,,Unknown,UNMAPPED,No suitable ICD-11 match found,0.000,No Match,Optimized Semantic Matching,2025-09-04
UN1653,Skin Disease - Amraz-e-Jild,,Unknown,1D40,Chikungunya virus disease,0.700,High,Optimized Semantic Matching,2025-09-04
UN1654,Liver Disease - Amraz-e-Jigar Har,,Unknown,2C12.02,hepatocellular carcinoma of liver,0.700,High,Optimized Semantic Matching,2025-09-04
UN1655,Kidney Disease - Amraz-e-Kulya Barid,,Unknown,1D40,Chikungunya virus disease,0.700,High,Optimized Semantic Matching,2025-09-04
UN1656,Paralysis - Falij Ratab,,Unknown,UNMAPPED,No suitable ICD-11 match found,0.000,No Match,Optimized Semantic Matching,2025-09-04
UN1657,Epilepsy - Sara Yabis,,Unknown,UNMAPPED,No suitable ICD-11 match found,0.000,No Match,Optimized Semantic Matching,2025-09-04
UN1658,Diarrhea - Ishal Chronic,,Unknown,UNMAPPED,No suitable ICD-11 match found,0.000,No Match,Optimized Semantic Matching,2025-09-04
UN1659,Cough - Sual Acute,,Unknown,MD12,cough,0.800,High,Optimized Semantic Matching,2025-09-04
UN1660,Cold - Nazla,,Unknown,UNMAPPED,No suitable ICD-11 match found,0.000,No Match,Optimized Semantic Matching,2025-09-04
UN1661,Fever - Humma Har,,Unknown,1C30.2,Typhus fever due to Rickettsia typhi,0.700,High,Optimized Semantic Matching,2025-09-04
UN1662,Diabetes - Ziabetus Barid,,Unknown,5A11,Type 2 diabetes mellitus,0.700,High,Optimized Semantic Matching,2025-09-04
UN1663,Hypertension - Zarabet Dam Ratab,,Unknown,UNMAPPED,No suitable ICD-11 match found,0.000,No Match,Optimized Semantic Matching,2025-09-04
UN1664,Arthritis - Waja ul Mafasil Yabis,,Unknown,FA20,Rheumatoid arthritis,0.700,High,Optimized Semantic Matching,2025-09-04
UN1665,Asthma - Raboo Chronic,,Unknown,CA23,Asthma,0.800,High,Optimized Semantic Matching,2025-09-04
UN1666,Migraine - Shaqeeqa Acute,,Unknown,8A80,Migraine,0.800,High,Optimized Semantic Matching,2025-09-04
UN1667,Depression - Sawda,,Unknown,UNMAPPED,No suitable ICD-11 match found,0.000,No Match,Optimized Semantic Matching,2025-09-04
UN1668,Gastritis - Waram-e-Meda Har,,Unknown,DA42,Gastritis,0.800,High,Optimized Semantic Matching,2025-09-04
UN1669,Insomnia - Sahr Barid,,Unknown,UNMAPPED,No suitable ICD-11 match found,0.000,No Match,Optimized Semantic Matching,2025-09-04
UN1670,Constipation - Qabz Ratab,,Unknown,ME05.0,constipation,0.800,High,Optimized Semantic Matching,2025-09-04
UN1671,Obesity - Siman-e-Mufrat Yabis,,Unknown,5B81,Obesity,0.800,High,Optimized Semantic Matching,2025-09-04
UN1672,Anemia - Faqr ud Dam Chronic,,Unknown,UNMAPPED,No suitable ICD-11 match found,0.000,No Match,Optimized Semantic Matching,2025-09-04
UN1673,Skin Disease - Amraz-e-Jild Acute,,Unknown,1D40,Chikungunya virus disease,0.700,High,Optimized Semantic Matching,2025-09-04
UN1674,Liver Disease - Amraz-e-Jigar,,Unknown,2C12.02,hepatocellular carcinoma of liver,0.700,High,Optimized Semantic Matching,2025-09-04
UN1675,Kidney Disease - Amraz-e-Kulya Har,,Unknown,1D40,Chikungunya virus disease,0.700,High,Optimized Semantic Matching,2025-09-04
UN1676,Paralysis - Falij Barid,,Unknown,UNMAPPED,No suitable ICD-11 match found,0.000,No Match,Optimized Semantic Matching,2025-09-04
UN1677,Epilepsy - Sara Ratab,,Unknown,UNMAPPED,No suitable ICD-11 match found,0.000,No Match,Optimized Semantic Matching,2025-09-04
UN1678,Diarrhea - Ishal Yabis,,Unknown,UNMAPPED,No suitable ICD-11 match found,0.000,No Match,Optimized Semantic Matching,2025-09-04
UN1679,Cough - Sual Chronic,,Unknown,MD12,cough,0.800,High,Optimized Semantic Matching,2025-09-04
UN1680,Cold - Nazla Acute,,Unknown,UNMAPPED,No suitable ICD-11 match found,0.000,No Match,Optimized Semantic Matching,2025-09-04
UN1681,Fever - Humma,,Unknown,1C30.2,Typhus fever due to Rickettsia typhi,0.700,High,Optimized Semantic Matching,2025-09-04
UN1682,Diabetes - Ziabetus Har,,Unknown,5A11,Type 2 diabetes mellitus,0.700,High,Optimized Semantic Matching,2025-09-04
UN1683,Hypertension - Zarabet Dam Barid,,Unknown,UNMAPPED,No suitable ICD-11 match found,0.000,No Match,Optimized Semantic Matching,2025-09-04
UN1684,Arthritis - Waja ul Mafasil Ratab,,Unknown,FA20,Rheumatoid arthritis,0.700,High,Optimized Semantic Matching,2025-09-04
UN1685,Asthma - Raboo Yabis,,Unknown,CA23,Asthma,0.800,High,Optimized Semantic Matching,2025-09-04
UN1686,Migraine - Shaqeeqa Chronic,,Unknown,8A80,Migraine,0.800,High,Optimized Semantic Matching,2025-09-04
UN1687,Depression - Sawda Acute,,Unknown,UNMAPPED,No suitable ICD-11 match found,0.000,No Match,Optimized Semantic Matching,2025-09-04
UN1688,Gastritis - Waram-e-Meda,,Unknown,DA42,Gastritis,0.800,High,Optimized Semantic Matching,2025-09-04
UN1689,Insomnia - Sahr Har,,Unknown,UNMAPPED,No suitable ICD-11 match found,0.000,No Match,Optimized Semantic Matching,2025-09-04
UN1690,Constipation - Qabz Barid,,Unknown,ME05.0,constipation,0.800,High,Optimized Semantic Matching,2025-09-04
UN1691,Obesity - Siman-e-Mufrat Ratab,,Unknown,5B81,Obesity,0.800,High,Optimized Semantic Matching,2025-09-04
UN1692,Anemia - Faqr ud Dam Yabis,,Unknown,UNMAPPED,No suitable ICD-11 match found,0.000,No Match,Optimized Semantic Matching,2025-09-04
UN1693,Skin Disease - Amraz-e-Jild Chronic,,Unknown,1D40,Chikungunya virus disease,0.700,High,Optimized Semantic Matching,2025-09-04
UN1694,Liver Disease - Amraz-e-Jigar Acute,,Unknown,2C12.02,hepatocellular carcinoma of liver,0.700,High,Optimized Semantic Matching,2025-09-04
UN1695,Kidney Disease - Amraz-e-Kulya,,Unknown,1D40,Chikungunya virus disease,0.700,High,Optimized Semantic Matching,2025-09-04
UN1696,Paralysis - Falij Har,,Unknown,UNMAPPED,No suitable ICD-11 match found,0.000,No Match,Optimized Semantic Matching,2025-09-04
UN1697,Epilepsy - Sara Barid,,Unknown,UNMAPPED,No suitable ICD-11 match found,0.000,No Match,Optimized Semantic Matching,2025-09-04
UN1698,Diarrhea - Ishal Ratab,,Unknown,UNMAPPED,No suitable ICD-11 match found,0.000,No Match,Optimized Semantic Matching,2025-09-04
UN1699,Cough - Sual Yabis,,Unknown,MD12,cough,0.800,High,Optimized Semantic Matching,2025-09-04
UN1700,Cold - Nazla Chronic,,Unknown,UNMAPPED,No suitable ICD-11 match found,0.000,No Match,Optimized Semantic Matching,2025-09-04
UN1701,Fever - Humma Acute,,Unknown,1D2Z,"Dengue fever, unspecified",0.700,High,Optimized Semantic Matching,2025-09-04
UN1702,Diabetes - Ziabetus,,Unknown,5A11,Type 2 diabetes mellitus,0.700,High,Optimized Semantic Matching,2025-09-04
UN1703,Hypertension - Zarabet Dam Har,,Unknown,UNMAPPED,No suitable ICD-11 match found,0.000,No Match,Optimized Semantic Matching,2025-09-04
UN1704,Arthritis - Waja ul Mafasil Barid,,Unknown,FA20,Rheumatoid arthritis,0.700,High,Optimized Semantic Matching,2025-09-04
UN1705,Asthma - Raboo Ratab,,Unknown,CA23,Asthma,0.800,High,Optimized Semantic Matching,2025-09-04
UN1706,Migraine - Shaqeeqa Yabis,,Unknown,8A80,Migraine,0.800,High,Optimized Semantic Matching,2025-09-04
UN1707,Depression - Sawda Chronic,,Unknown,UNMAPPED,No suitable ICD-11 match found,0.000,No Match,Optimized Semantic Matching,2025-09-04
UN1708,Gastritis - Waram-e-Meda Acute,,Unknown,DA42,Gastritis,0.800,High,Optimized Semantic Matching,2025-09-04
UN1709,Insomnia - Sahr,,Unknown,UNMAPPED,No suitable ICD-11 match found,0.000,No Match,Optimized Semantic Matching,2025-09-04
UN1710,Constipation - Qabz Har,,Unknown,ME05.0,constipation,0.800,High,Optimized Semantic Matching,2025-09-04
UN1711,Obesity - Siman-e-Mufrat Barid,,Unknown,5B81,Obesity,0.800,High,Optimized Semantic Matching,2025-09-04
UN1712,Anemia - Faqr ud Dam Ratab,,Unknown,UNMAPPED,No suitable ICD-11 match found,0.000,No Match,Optimized Semantic Matching,2025-09-04
UN1713,Skin Disease - Amraz-e-Jild Yabis,,Unknown,1D40,Chikungunya virus disease,0.700,High,Optimized Semantic Matching,2025-09-04
UN1714,Liver Disease - Amraz-e-Jigar Chronic,,Unknown,2C12.02,hepatocellular carcinoma of liver,0.700,High,Optimized Semantic Matching,2025-09-04
UN1715,Kidney Disease - Amraz-e-Kulya Acute,,Unknown,1D40,Chikungunya virus disease,0.700,High,Optimized Semantic Matching,2025-09-04
UN1716,Paralysis - Falij,,Unknown,UNMAPPED,No suitable ICD-11 match found,0.000,No Match,Optimized Semantic Matching,2025-09-04
UN1717,Epilepsy - Sara Har,,Unknown,UNMAPPED,No suitable ICD-11 match found,0.000,No Match,Optimized Semantic Matching,2025-09-04
UN1718,Diarrhea - Ishal Barid,,Unknown,UNMAPPED,No suitable ICD-11 match found,0.000,No Match,Optimized Semantic Matching,2025-09-04
UN1719,Cough - Sual Ratab,,Unknown,MD12,cough,0.800,High,Optimized Semantic Matching,2025-09-04
UN1720,Cold - Nazla Yabis,,Unknown,UNMAPPED,No suitable ICD-11 match found,0.000,No Match,Optimized Semantic Matching,2025-09-04
UN1721,Fever - Humma Chronic,,Unknown,1D2Z,"Dengue fever, unspecified",0.700,High,Optimized Semantic Matching,2025-09-04
UN1722,Diabetes - Ziabetus Acute,,Unknown,QA0A.10,special screening examination for diabetes mellitus,0.700,High,Optimized Semantic Matching,2025-09-04
UN1723,Hypertension - Zarabet Dam,,Unknown,UNMAPPED,No suitable ICD-11 match found,0.000,No Match,Optimized Semantic Matching,2025-09-04
UN1724,Arthritis - Waja ul Mafasil Har,,Unknown,FA20,Rheumatoid arthritis,0.700,High,Optimized Semantic Matching,2025-09-04
UN1725,Asthma - Raboo Barid,,Unknown,CA23,Asthma,0.800,High,Optimized Semantic Matching,2025-09-04
UN1726,Migraine - Shaqeeqa Ratab,,Unknown,8A80,Migraine,0.800,High,Optimized Semantic Matching,2025-09-04
UN1727,Depression - Sawda Yabis,,Unknown,UNMAPPED,No suitable ICD-11 match found,0.000,No Match,Optimized Semantic Matching,2025-09-04
UN1728,Gastritis - Waram-e-Meda Chronic,,Unknown,DA42,Gastritis,0.800,High,Optimized Semantic Matching,2025-09-04
UN1729,Insomnia - Sahr Acute,,Unknown,UNMAPPED,No suitable ICD-11 match found,0.000,No Match,Optimized Semantic Matching,2025-09-04
UN1730,Constipation - Qabz,,Unknown,ME05.0,constipation,0.800,High,Optimized Semantic Matching,2025-09-04
UN1731,Obesity - Siman-e-Mufrat Har,,Unknown,5B81,Obesity,0.800,High,Optimized Semantic Matching,2025-09-04
UN1732,Anemia - Faqr ud Dam Barid,,Unknown,UNMAPPED,No suitable ICD-11 match found,0.000,No Match,Optimized Semantic Matching,2025-09-04
UN1733,Skin Disease - Amraz-e-Jild Ratab,,Unknown,1D40,Chikungunya virus disease,0.700,High,Optimized Semantic Matching,2025-09-04
UN1734,Liver Disease - Amraz-e-Jigar Yabis,,Unknown,2C12.02,hepatocellular carcinoma of liver,0.700,High,Optimized Semantic Matching,2025-09-04
UN1735,Kidney Disease - Amraz-e-Kulya Chronic,,Unknown,1D40,Chikungunya virus disease,0.700,High,Optimized Semantic Matching,2025-09-04
UN1736,Paralysis - Falij Acute,,Unknown,UNMAPPED,No suitable ICD-11 match found,0.000,No Match,Optimized Semantic Matching,2025-09-04
UN1737,Epilepsy - Sara,,Unknown,UNMAPPED,No suitable ICD-11 match found,0.000,No Match,Optimized Semantic Matching,2025-09-04
UN1738,Diarrhea - Ishal Har,,Unknown,UNMAPPED,No suitable ICD-11 match found,0.000,No Match,Optimized Semantic Matching,2025-09-04
UN1739,Cough - Sual Barid,,Unknown,MD12,cough,0.800,High,Optimized Semantic Matching,2025-09-04
UN1740,Cold - Nazla Ratab,,Unknown,UNMAPPED,No suitable ICD-11 match found,0.000,No Match,Optimized Semantic Matching,2025-09-04
UN1741,Fever - Humma Yabis,,Unknown,1C30.2,Typhus fever due to Rickettsia typhi,0.700,High,Optimized Semantic Matching,2025-09-04
UN1742,Diabetes - Ziabetus Chronic,,Unknown,QA0A.10,special screening examination for diabetes mellitus,0.700,High,Optimized Semantic Matching,2025-09-04
UN1743,Hypertension - Zarabet Dam Acute,,Unknown,UNMAPPED,No suitable ICD-11 match found,0.000,No Match,Optimized Semantic Matching,2025-09-04
UN1744,Arthritis - Waja ul Mafasil,,Unknown,FA20,Rheumatoid arthritis,0.700,High,Optimized Semantic Matching,2025-09-04
UN1745,Asthma - Raboo Har,,Unknown,CA23,Asthma,0.800,High,Optimized Semantic Matching,2025-09-04
UN1746,Migraine - Shaqeeqa Barid,,Unknown,8A80,Migraine,0.800,High,Optimized Semantic Matching,2025-09-04
UN1747,Depression - Sawda Ratab,,Unknown,UNMAPPED,No suitable ICD-11 match found,0.000,No Match,Optimized Semantic Matching,2025-09-04
UN1748,Gastritis - Waram-e-Meda Yabis,,Unknown,DA42,Gastritis,0.800,High,Optimized Semantic Matching,2025-09-04
UN1749,Insomnia - Sahr Chronic,,Unknown,7A00,Chronic insomnia,0.400,Low,Optimized Semantic Matching,2025-09-04
UN1750,Constipation - Qabz Acute,,Unknown,ME05.0,constipation,0.800,High,Optimized Semantic Matching,2025-09-04
UN1751,Obesity - Siman-e-Mufrat,,Unknown,5B81,Obesity,0.800,High,Optimized Semantic Matching,2025-09-04
UN1752,Anemia - Faqr ud Dam Har,,Unknown,UNMAPPED,No suitable ICD-11 match found,0.000,No Match,Optimized Semantic Matching,2025-09-04
UN1753,Skin Disease - Amraz-e-Jild Barid,,Unknown,1D40,Chikungunya virus disease,0.700,High,Optimized Semantic Matching,2025-09-04
UN1754,Liver Disease - Amraz-e-Jigar Ratab,,Unknown,2C12.02,hepatocellular carcinoma of liver,0.700,High,Optimized Semantic Matching,2025-09-04
UN1755,Kidney Disease - Amraz-e-Kulya Yabis,,Unknown,1D40,Chikungunya virus disease,0.700,High,Optimized Semantic Matching,2025-09-04
UN1756,Paralysis - Falij Chronic,,Unknown,UNMAPPED,No suitable ICD-11 match found,0.000,No Match,Optimized Semantic Matching,2025-09-04
UN1757,Epilepsy - Sara Acute,,Unknown,UNMAPPED,No suitable ICD-11 match found,0.000,No Match,Optimized Semantic Matching,2025-09-04
UN1758,Diarrhea - Ishal,,Unknown,UNMAPPED,No suitable ICD-11 match found,0.000,No Match,Optimized Semantic Matching,2025-09-04
UN1759,Cough - Sual Har,,Unknown,MD12,cough,0.800,High,Optimized Semantic Matching,2025-09-04
UN1760,Cold - Nazla Barid,,Unknown,UNMAPPED,No suitable ICD-11 match found,0.000,No Match,Optimized Semantic Matching,2025-09-04
UN1761,Fever - Humma Ratab,,Unknown,1C30.2,Typhus fever due to Rickettsia typhi,0.700,High,Optimized Semantic Matching,2025-09-04
UN1762,Diabetes - Ziabetus Yabis,,Unknown,5A11,Type 2 diabetes mellitus,0.700,High,Optimized Semantic Matching,2025-09-04
UN1763,Hypertension - Zarabet Dam Chronic,,Unknown,UNMAPPED,No suitable ICD-11 match found,0.000,No Match,Optimized Semantic Matching,2025-09-04
UN1764,Arthritis - Waja ul Mafasil Acute,,Unknown,1B41.1Z,"Acute rheumatic endocarditis, unspecified",0.700,High,Optimized Semantic Matching,2025-09-04
UN1765,Asthma - Raboo,,Unknown,CA23,Asthma,0.800,High,Optimized Semantic Matching,2025-09-04
UN1766,Migraine - Shaqeeqa Har,,Unknown,8A80,Migraine,0.800,High,Optimized Semantic Matching,2025-09-04
UN1767,Depression - Sawda Barid,,Unknown,UNMAPPED,No suitable ICD-11 match found,0.000,No Match,Optimized Semantic Matching,2025-09-04
UN1768,Gastritis - Waram-e-Meda Ratab,,Unknown,DA42,Gastritis,0.800,High,Optimized Semantic Matching,2025-09-04
UN1769,Insomnia - Sahr Yabis,,Unknown,UNMAPPED,No suitable ICD-11 match found,0.000,No Match,Optimized Semantic Matching,2025-09-04
UN1770,Constipation - Qabz Chronic,,Unknown,ME05.0,constipation,0.800,High,Optimized Semantic Matching,2025-09-04
UN1771,Obesity - Siman-e-Mufrat Acute,,Unknown,5B81,Obesity,0.800,High,Optimized Semantic Matching,2025-09-04
UN1772,Anemia - Faqr ud Dam,,Unknown,UNMAPPED,No suitable ICD-11 match found,0.000,No Match,Optimized Semantic Matching,2025-09-04
UN1773,Skin Disease - Amraz-e-Jild Har,,Unknown,1D40,Chikungunya virus disease,0.700,High,Optimized Semantic Matching,2025-09-04
UN1774,Liver Disease - Amraz-e-Jigar Barid,,Unknown,2C12.02,hepatocellular carcinoma of liver,0.700,High,Optimized Semantic Matching,2025-09-04
UN1775,Kidney Disease - Amraz-e-Kulya Ratab,,Unknown,1D40,Chikungunya virus disease,0.700,High,Optimized Semantic Matching,2025-09-04
UN1776,Paralysis - Falij Yabis,,Unknown,UNMAPPED,No suitable ICD-11 match found,0.000,No Match,Optimized Semantic Matching,2025-09-04
UN1777,Epilepsy - Sara Chronic,,Unknown,UNMAPPED,No suitable ICD-11 match found,0.000,No Match,Optimized Semantic Matching,2025-09-04
UN1778,Diarrhea - Ishal Acute,,Unknown,UNMAPPED,No suitable ICD-11 match found,0.000,No Match,Optimized Semantic Matching,2025-09-04
UN1779,Cough - Sual,,Unknown,MD12,cough,0.800,High,Optimized Semantic Matching,2025-09-04
UN1780,Cold - Nazla Har,,Unknown,UNMAPPED,No suitable ICD-11 match found,0.000,No Match,Optimized Semantic Matching,2025-09-04
UN1781,Fever - Humma Barid,,Unknown,1C30.2,Typhus fever due to Rickettsia typhi,0.700,High,Optimized Semantic Matching,2025-09-04
UN1782,Diabetes - Ziabetus Ratab,,Unknown,5A11,Type 2 diabetes mellitus,0.700,High,Optimized Semantic Matching,2025-09-04
UN1783,Hypertension - Zarabet Dam Yabis,,Unknown,UNMAPPED,No suitable ICD-11 match found,0.000,No Match,Optimized Semantic Matching,2025-09-04
UN1784,Arthritis - Waja ul Mafasil Chronic,,Unknown,2A81.7,Diffuse large Bcell lymphoma associated with Chronic inflammation,0.700,High,Optimized Semantic Matching,2025-09-04
UN1785,Asthma - Raboo Acute,,Unknown,CA23,Asthma,0.800,High,Optimized Semantic Matching,2025-09-04
UN1786,Migraine - Shaqeeqa,,Unknown,8A80,Migraine,0.800,High,Optimized Semantic Matching,2025-09-04
UN1787,Depression - Sawda Har,,Unknown,UNMAPPED,No suitable ICD-11 match found,0.000,No Match,Optimized Semantic Matching,2025-09-04
UN1788,Gastritis - Waram-e-Meda Barid,,Unknown,DA42,Gastritis,0.800,High,Optimized Semantic Matching,2025-09-04
UN1789,Insomnia - Sahr Ratab,,Unknown,UNMAPPED,No suitable ICD-11 match found,0.000,No Match,Optimized Semantic Matching,2025-09-04
UN1790,Constipation - Qabz Yabis,,Unknown,ME05.0,constipation,0.800,High,Optimized Semantic Matching,2025-09-04
UN1791,Obesity - Siman-e-Mufrat Chronic,,Unknown,5B81,Obesity,0.800,High,Optimized Semantic Matching,2025-09-04
UN1792,Anemia - Faqr ud Dam Acute,,Unknown,UNMAPPED,No suitable ICD-11 match found,0.000,No Match,Optimized Semantic Matching,2025-09-04
UN1793,Skin Disease - Amraz-e-Jild,,Unknown,1D40,Chikungunya virus disease,0.700,High,Optimized Semantic Matching,2025-09-04
UN1794,Liver Disease - Amraz-e-Jigar Har,,Unknown,2C12.02,hepatocellular carcinoma of liver,0.700,High,Optimized Semantic Matching,2025-09-04
UN1795,Kidney Disease - Amraz-e-Kulya Barid,,Unknown,1D40,Chikungunya virus disease,0.700,High,Optimized Semantic Matching,2025-09-04
UN1796,Paralysis - Falij Ratab,,Unknown,UNMAPPED,No suitable ICD-11 match found,0.000,No Match,Optimized Semantic Matching,2025-09-04
UN1797,Epilepsy - Sara Yabis,,Unknown,UNMAPPED,No suitable ICD-11 match found,0.000,No Match,Optimized Semantic Matching,2025-09-04
UN1798,Diarrhea - Ishal Chronic,,Unknown,UNMAPPED,No suitable ICD-11 match found,0.000,No Match,Optimized Semantic Matching,2025-09-04
UN1799,Cough - Sual Acute,,Unknown,MD12,cough,0.800,High,Optimized Semantic Matching,2025-09-04
UN1800,Cold - Nazla,,Unknown,UNMAPPED,No suitable ICD-11 match found,0.000,No Match,Optimized Semantic Matching,2025-09-04
UN1801,Fever - Humma Har,,Unknown,1C30.2,Typhus fever due to Rickettsia typhi,0.700,High,Optimized Semantic Matching,2025-09-04
UN1802,Diabetes - Ziabetus Barid,,Unknown,5A11,Type 2 diabetes mellitus,0.700,High,Optimized Semantic Matching,2025-09-04
UN1803,Hypertension - Zarabet Dam Ratab,,Unknown,UNMAPPED,No suitable ICD-11 match found,0.000,No Match,Optimized Semantic Matching,2025-09-04
UN1804,Arthritis - Waja ul Mafasil Yabis,,Unknown,FA20,Rheumatoid arthritis,0.700,High,Optimized Semantic Matching,2025-09-04
UN1805,Asthma - Raboo Chronic,,Unknown,CA23,Asthma,0.800,High,Optimized Semantic Matching,2025-09-04
UN1806,Migraine - Shaqeeqa Acute,,Unknown,8A80,Migraine,0.800,High,Optimized Semantic Matching,2025-09-04
UN1807,Depression - Sawda,,Unknown,UNMAPPED,No suitable ICD-11 match found,0.000,No Match,Optimized Semantic Matching,2025-09-04
UN1808,Gastritis - Waram-e-Meda Har,,Unknown,DA42,Gastritis,0.800,High,Optimized Semantic Matching,2025-09-04
UN1809,Insomnia - Sahr Barid,,Unknown,UNMAPPED,No suitable ICD-11 match found,0.000,No Match,Optimized Semantic Matching,2025-09-04
UN1810,Constipation - Qabz Ratab,,Unknown,ME05.0,constipation,0.800,High,Optimized Semantic Matching,2025-09-04
UN1811,Obesity - Siman-e-Mufrat Yabis,,Unknown,5B81,Obesity,0.800,High,Optimized Semantic Matching,2025-09-04
UN1812,Anemia - Faqr ud Dam Chronic,,Unknown,UNMAPPED,No suitable ICD-11 match found,0.000,No Match,Optimized Semantic Matching,2025-09-04
UN1813,Skin Disease - Amraz-e-Jild Acute,,Unknown,1D40,Chikungunya virus disease,0.700,High,Optimized Semantic Matching,2025-09-04
UN1814,Liver Disease - Amraz-e-Jigar,,Unknown,2C12.02,hepatocellular carcinoma of liver,0.700,High,Optimized Semantic Matching,2025-09-04
UN1815,Kidney Disease - Amraz-e-Kulya Har,,Unknown,1D40,Chikungunya virus disease,0.700,High,Optimized Semantic Matching,2025-09-04
UN1816,Paralysis - Falij Barid,,Unknown,UNMAPPED,No suitable ICD-11 match found,0.000,No Match,Optimized Semantic Matching,2025-09-04
UN1817,Epilepsy - Sara Ratab,,Unknown,UNMAPPED,No suitable ICD-11 match found,0.000,No Match,Optimized Semantic Matching,2025-09-04
UN1818,Diarrhea - Ishal Yabis,,Unknown,UNMAPPED,No suitable ICD-11 match found,0.000,No Match,Optimized Semantic Matching,2025-09-04
UN1819,Cough - Sual Chronic,,Unknown,MD12,cough,0.800,High,Optimized Semantic Matching,2025-09-04
UN1820,Cold - Nazla Acute,,Unknown,UNMAPPED,No suitable ICD-11 match found,0.000,No Match,Optimized Semantic Matching,2025-09-04
UN1821,Fever - Humma,,Unknown,1C30.2,Typhus fever due to Rickettsia typhi,0.700,High,Optimized Semantic Matching,2025-09-04
UN1822,Diabetes - Ziabetus Har,,Unknown,5A11,Type 2 diabetes mellitus,0.700,High,Optimized Semantic Matching,2025-09-04
UN1823,Hypertension - Zarabet Dam Barid,,Unknown,UNMAPPED,No suitable ICD-11 match found,0.000,No Match,Optimized Semantic Matching,2025-09-04
UN1824,Arthritis - Waja ul Mafasil Ratab,,Unknown,FA20,Rheumatoid arthritis,0.700,High,Optimized Semantic Matching,2025-09-04
UN1825,Asthma - Raboo Yabis,,Unknown,CA23,Asthma,0.800,High,Optimized Semantic Matching,2025-09-04
UN1826,Migraine - Shaqeeqa Chronic,,Unknown,8A80,Migraine,0.800,High,Optimized Semantic Matching,2025-09-04
UN1827,Depression - Sawda Acute,,Unknown,UNMAPPED,No suitable ICD-11 match found,0.000,No Match,Optimized Semantic Matching,2025-09-04
UN1828,Gastritis - Waram-e-Meda,,Unknown,DA42,Gastritis,0.800,High,Optimized Semantic Matching,2025-09-04
UN1829,Insomnia - Sahr Har,,Unknown,UNMAPPED,No suitable ICD-11 match found,0.000,No Match,Optimized Semantic Matching,2025-09-04
UN1830,Constipation - Qabz Barid,,Unknown,ME05.0,constipation,0.800,High,Optimized Semantic Matching,2025-09-04
UN1831,Obesity - Siman-e-Mufrat Ratab,,Unknown,5B81,Obesity,0.800,High,Optimized Semantic Matching,2025-09-04
UN1832,Anemia - Faqr ud Dam Yabis,,Unknown,UNMAPPED,No suitable ICD-11 match found,0.000,No Match,Optimized Semantic Matching,2025-09-04
UN1833,Skin Disease - Amraz-e-Jild Chronic,,Unknown,1D40,Chikungunya virus disease,0.700,High,Optimized Semantic Matching,2025-09-04
UN1834,Liver Disease - Amraz-e-Jigar Acute,,Unknown,2C12.02,hepatocellular carcinoma of liver,0.700,High,Optimized Semantic Matching,2025-09-04
UN1835,Kidney Disease - Amraz-e-Kulya,,Unknown,1D40,Chikungunya virus disease,0.700,High,Optimized Semantic Matching,2025-09-04
UN1836,Paralysis - Falij Har,,Unknown,UNMAPPED,No suitable ICD-11 match found,0.000,No Match,Optimized Semantic Matching,2025-09-04
UN1837,Epilepsy - Sara Barid,,Unknown,UNMAPPED,No suitable ICD-11 match found,0.000,No Match,Optimized Semantic Matching,2025-09-04
UN1838,Diarrhea - Ishal Ratab,,Unknown,UNMAPPED,No suitable ICD-11 match found,0.000,No Match,Optimized Semantic Matching,2025-09-04
UN1839,Cough - Sual Yabis,,Unknown,MD12,cough,0.800,High,Optimized Semantic Matching,2025-09-04
UN1840,Cold - Nazla Chronic,,Unknown,UNMAPPED,No suitable ICD-11 match found,0.000,No Match,Optimized Semantic Matching,2025-09-04
UN1841,Fever - Humma Acute,,Unknown,1D2Z,"Dengue fever, unspecified",0.700,High,Optimized Semantic Matching,2025-09-04
UN1842,Diabetes - Ziabetus,,Unknown,5A11,Type 2 diabetes mellitus,0.700,High,Optimized Semantic Matching,2025-09-04
UN1843,Hypertension - Zarabet Dam Har,,Unknown,UNMAPPED,No suitable ICD-11 match found,0.000,No Match,Optimized Semantic Matching,2025-09-04
UN1844,Arthritis - Waja ul Mafasil Barid,,Unknown,FA20,Rheumatoid arthritis,0.700,High,Optimized Semantic Matching,2025-09-04
UN1845,Asthma - Raboo Ratab,,Unknown,CA23,Asthma,0.800,High,Optimized Semantic Matching,2025-09-04
UN1846,Migraine - Shaqeeqa Yabis,,Unknown,8A80,Migraine,0.800,High,Optimized Semantic Matching,2025-09-04
UN1847,Depression - Sawda Chronic,,Unknown,UNMAPPED,No suitable ICD-11 match found,0.000,No Match,Optimized Semantic Matching,2025-09-04
UN1848,Gastritis - Waram-e-Meda Acute,,Unknown,DA42,Gastritis,0.800,High,Optimized Semantic Matching,2025-09-04
UN1849,Insomnia - Sahr,,Unknown,UNMAPPED,No suitable ICD-11 match found,0.000,No Match,Optimized Semantic Matching,2025-09-04
UN1850,Constipation - Qabz Har,,Unknown,ME05.0,constipation,0.800,High,Optimized Semantic Matching,2025-09-04
UN1851,Obesity - Siman-e-Mufrat Barid,,Unknown,5B81,Obesity,0.800,High,Optimized Semantic Matching,2025-09-04
UN1852,Anemia - Faqr ud Dam Ratab,,Unknown,UNMAPPED,No suitable ICD-11 match found,0.000,No Match,Optimized Semantic Matching,2025-09-04
UN1853,Skin Disease - Amraz-e-Jild Yabis,,Unknown,1D40,Chikungunya virus disease,0.700,High,Optimized Semantic Matching,2025-09-04
UN1854,Liver Disease - Amraz-e-Jigar Chronic,,Unknown,2C12.02,hepatocellular carcinoma of liver,0.700,High,Optimized Semantic Matching,2025-09-04
UN1855,Kidney Disease - Amraz-e-Kulya Acute,,Unknown,1D40,Chikungunya virus disease,0.700,High,Optimized Semantic Matching,2025-09-04
UN1856,Paralysis - Falij,,Unknown,UNMAPPED,No suitable ICD-11 match found,0.000,No Match,Optimized Semantic Matching,2025-09-04
UN1857,Epilepsy - Sara Har,,Unknown,UNMAPPED,No suitable ICD-11 match found,0.000,No Match,Optimized Semantic Matching,2025-09-04
UN1858,Diarrhea - Ishal Barid,,Unknown,UNMAPPED,No suitable ICD-11 match found,0.000,No Match,Optimized Semantic Matching,2025-09-04
UN1859,Cough - Sual Ratab,,Unknown,MD12,cough,0.800,High,Optimized Semantic Matching,2025-09-04
UN1860,Cold - Nazla Yabis,,Unknown,UNMAPPED,No suitable ICD-11 match found,0.000,No Match,Optimized Semantic Matching,2025-09-04
UN1861,Fever - Humma Chronic,,Unknown,1D2Z,"Dengue fever, unspecified",0.700,High,Optimized Semantic Matching,2025-09-04
UN1862,Diabetes - Ziabetus Acute,,Unknown,QA0A.10,special screening examination for diabetes mellitus,0.700,High,Optimized Semantic Matching,2025-09-04
UN1863,Hypertension - Zarabet Dam,,Unknown,UNMAPPED,No suitable ICD-11 match found,0.000,No Match,Optimized Semantic Matching,2025-09-04
UN1864,Arthritis - Waja ul Mafasil Har,,Unknown,FA20,Rheumatoid arthritis,0.700,High,Optimized Semantic Matching,2025-09-04
UN1865,Asthma - Raboo Barid,,Unknown,CA23,Asthma,0.800,High,Optimized Semantic Matching,2025-09-04
UN1866,Migraine - Shaqeeqa Ratab,,Unknown,8A80,Migraine,0.800,High,Optimized Semantic Matching,2025-09-04
UN1867,Depression - Sawda Yabis,,Unknown,UNMAPPED,No suitable ICD-11 match found,0.000,No Match,Optimized Semantic Matching,2025-09-04
UN1868,Gastritis - Waram-e-Meda Chronic,,Unknown,DA42,Gastritis,0.800,High,Optimized Semantic Matching,2025-09-04
UN1869,Insomnia - Sahr Acute,,Unknown,UNMAPPED,No suitable ICD-11 match found,0.000,No Match,Optimized Semantic Matching,2025-09-04
UN1870,Constipation - Qabz,,Unknown,ME05.0,constipation,0.800,High,Optimized Semantic Matching,2025-09-04
UN1871,Obesity - Siman-e-Mufrat Har,,Unknown,5B81,Obesity,0.800,High,Optimized Semantic Matching,2025-09-04
UN1872,Anemia - Faqr ud Dam Barid,,Unknown,UNMAPPED,No suitable ICD-11 match found,0.000,No Match,Optimized Semantic Matching,2025-09-04
UN1873,Skin Disease - Amraz-e-Jild Ratab,,Unknown,1D40,Chikungunya virus disease,0.700,High,Optimized Semantic Matching,2025-09-04
UN1874,Liver Disease - Amraz-e-Jigar Yabis,,Unknown,2C12.02,hepatocellular carcinoma of liver,0.700,High,Optimized Semantic Matching,2025-09-04
UN1875,Kidney Disease - Amraz-e-Kulya Chronic,,Unknown,1D40,Chikungunya virus disease,0.700,High,Optimized Semantic Matching,2025-09-04
UN1876,Paralysis - Falij Acute,,Unknown,UNMAPPED,No suitable ICD-11 match found,0.000,No Match,Optimized Semantic Matching,2025-09-04
UN1877,Epilepsy - Sara,,Unknown,UNMAPPED,No suitable ICD-11 match found,0.000,No Match,Optimized Semantic Matching,2025-09-04
UN1878,Diarrhea - Ishal Har,,Unknown,UNMAPPED,No suitable ICD-11 match found,0.000,No Match,Optimized Semantic Matching,2025-09-04
UN1879,Cough - Sual Barid,,Unknown,MD12,cough,0.800,High,Optimized Semantic Matching,2025-09-04
UN1880,Cold - Nazla Ratab,,Unknown,UNMAPPED,No suitable ICD-11 match found,0.000,No Match,Optimized Semantic Matching,2025-09-04
UN1881,Fever - Humma Yabis,,Unknown,1C30.2,Typhus fever due to Rickettsia typhi,0.700,High,Optimized Semantic Matching,2025-09-04
UN1882,Diabetes - Ziabetus Chronic,,Unknown,QA0A.10,special screening examination for diabetes mellitus,0.700,High,Optimized Semantic Matching,2025-09-04
UN1883,Hypertension - Zarabet Dam Acute,,Unknown,UNMAPPED,No suitable ICD-11 match found,0.000,No Match,Optimized Semantic Matching,2025-09-04
UN1884,Arthritis - Waja ul Mafasil,,Unknown,FA20,Rheumatoid arthritis,0.700,High,Optimized Semantic Matching,2025-09-04
UN1885,Asthma - Raboo Har,,Unknown,CA23,Asthma,0.800,High,Optimized Semantic Matching,2025-09-04
UN1886,Migraine - Shaqeeqa Barid,,Unknown,8A80,Migraine,0.800,High,Optimized Semantic Matching,2025-09-04
UN1887,Depression - Sawda Ratab,,Unknown,UNMAPPED,No suitable ICD-11 match found,0.000,No Match,Optimized Semantic Matching,2025-09-04
UN1888,Gastritis - Waram-e-Meda Yabis,,Unknown,DA42,Gastritis,0.800,High,Optimized Semantic Matching,2025-09-04
UN1889,Insomnia - Sahr Chronic,,Unknown,7A00,Chronic insomnia,0.400,Low,Optimized Semantic Matching,2025-09-04
UN1890,Constipation - Qabz Acute,,Unknown,ME05.0,constipation,0.800,High,Optimized Semantic Matching,2025-09-04
UN1891,Obesity - Siman-e-Mufrat,,Unknown,5B81,Obesity,0.800,High,Optimized Semantic Matching,2025-09-04
UN1892,Anemia - Faqr ud Dam Har,,Unknown,UNMAPPED,No suitable ICD-11 match found,0.000,No Match,Optimized Semantic Matching,2025-09-04
UN1893,Skin Disease - Amraz-e-Jild Barid,,Unknown,1D40,Chikungunya virus disease,0.700,High,Optimized Semantic Matching,2025-09-04
UN1894,Liver Disease - Amraz-e-Jigar Ratab,,Unknown,2C12.02,hepatocellular carcinoma of liver,0.700,High,Optimized Semantic Matching,2025-09-04
UN1895,Kidney Disease - Amraz-e-Kulya Yabis,,Unknown,1D40,Chikungunya virus disease,0.700,High,Optimized Semantic Matching,2025-09-04
UN1896,Paralysis - Falij Chronic,,Unknown,UNMAPPED,No suitable ICD-11 match found,0.000,No Match,Optimized Semantic Matching,2025-09-04
UN1897,Epilepsy - Sara Acute,,Unknown,UNMAPPED,No suitable ICD-11 match found,0.000,No Match,Optimized Semantic Matching,2025-09-04
UN1898,Diarrhea - Ishal,,Unknown,UNMAPPED,No suitable ICD-11 match found,0.000,No Match,Optimized Semantic Matching,2025-09-04
UN1899,Cough - Sual Har,,Unknown,MD12,cough,0.800,High,Optimized Semantic Matching,2025-09-04
UN1900,Cold - Nazla Barid,,Unknown,UNMAPPED,No suitable ICD-11 match found,0.000,No Match,Optimized Semantic Matching,2025-09-04
UN1901,Fever - Humma Ratab,,Unknown,1C30.2,Typhus fever due to Rickettsia typhi,0.700,High,Optimized Semantic Matching,2025-09-04
UN1902,Diabetes - Ziabetus Yabis,,Unknown,5A11,Type 2 diabetes mellitus,0.700,High,Optimized Semantic Matching,2025-09-04
UN1903,Hypertension - Zarabet Dam Chronic,,Unknown,UNMAPPED,No suitable ICD-11 match found,0.000,No Match,Optimized Semantic Matching,2025-09-04
UN1904,Arthritis - Waja ul Mafasil Acute,,Unknown,1B41.1Z,"Acute rheumatic endocarditis, unspecified",0.700,High,Optimized Semantic Matching,2025-09-04
UN1905,Asthma - Raboo,,Unknown,CA23,Asthma,0.800,High,Optimized Semantic Matching,2025-09-04
UN1906,Migraine - Shaqeeqa Har,,Unknown,8A80,Migraine,0.800,High,Optimized Semantic Matching,2025-09-04
UN1907,Depression - Sawda Barid,,Unknown,UNMAPPED,No suitable ICD-11 match found,0.000,No Match,Optimized Semantic Matching,2025-09-04
UN1908,Gastritis - Waram-e-Meda Ratab,,Unknown,DA42,Gastritis,0.800,High,Optimized Semantic Matching,2025-09-04
UN1909,Insomnia - Sahr Yabis,,Unknown,UNMAPPED,No suitable ICD-11 match found,0.000,No Match,Optimized Semantic Matching,2025-09-04
UN1910,Constipation - Qabz Chronic,,Unknown,ME05.0,constipation,0.800,High,Optimized Semantic Matching,2025-09-04
UN1911,Obesity - Siman-e-Mufrat Acute,,Unknown,5B81,Obesity,0.800,High,Optimized Semantic Matching,2025-09-04
UN1912,Anemia - Faqr ud Dam,,Unknown,UNMAPPED,No suitable ICD-11 match found,0.000,No Match,Optimized Semantic Matching,2025-09-04
UN1913,Skin Disease - Amraz-e-Jild Har,,Unknown,1D40,Chikungunya virus disease,0.700,High,Optimized Semantic Matching,2025-09-04
UN1914,Liver Disease - Amraz-e-Jigar Barid,,Unknown,2C12.02,hepatocellular carcinoma of liver,0.700,High,Optimized Semantic Matching,2025-09-04
UN1915,Kidney Disease - Amraz-e-Kulya Ratab,,Unknown,1D40,Chikungunya virus disease,0.700,High,Optimized Semantic Matching,2025-09-04
UN1916,Paralysis - Falij Yabis,,Unknown,UNMAPPED,No suitable ICD-11 match found,0.000,No Match,Optimized Semantic Matching,2025-09-04
UN1917,Epilepsy - Sara Chronic,,Unknown,UNMAPPED,No suitable ICD-11 match found,0.000,No Match,Optimized Semantic Matching,2025-09-04
UN1918,Diarrhea - Ishal Acute,,Unknown,UNMAPPED,No suitable ICD-11 match found,0.000,No Match,Optimized Semantic Matching,2025-09-04
UN1919,Cough - Sual,,Unknown,MD12,cough,0.800,High,Optimized Semantic Matching,2025-09-04
UN1920,Cold - Nazla Har,,Unknown,UNMAPPED,No suitable ICD-11 match found,0.000,No Match,Optimized Semantic Matching,2025-09-04
UN1921,Fever - Humma Barid,,Unknown,1C30.2,Typhus fever due to Rickettsia typhi,0.700,High,Optimized Semantic Matching,2025-09-04
UN1922,Diabetes - Ziabetus Ratab,,Unknown,5A11,Type 2 diabetes mellitus,0.700,High,Optimized Semantic Matching,2025-09-04
UN1923,Hypertension - Zarabet Dam Yabis,,Unknown,UNMAPPED,No suitable ICD-11 match found,0.000,No Match,Optimized Semantic Matching,2025-09-04
UN1924,Arthritis - Waja ul Mafasil Chronic,,Unknown,2A81.7,Diffuse large Bcell lymphoma associated with Chronic inflammation,0.700,High,Optimized Semantic Matching,2025-09-04
UN1925,Asthma - Raboo Acute,,Unknown,CA23,Asthma,0.800,High,Optimized Semantic Matching,2025-09-04
UN1926,Migraine - Shaqeeqa,,Unknown,8A80,Migraine,0.800,High,Optimized Semantic Matching,2025-09-04
UN1927,Depression - Sawda Har,,Unknown,UNMAPPED,No suitable ICD-11 match found,0.000,No Match,Optimized Semantic Matching,2025-09-04
UN1928,Gastritis - Waram-e-Meda Barid,,Unknown,DA42,Gastritis,0.800,High,Optimized Semantic Matching,2025-09-04
UN1929,Insomnia - Sahr Ratab,,Unknown,UNMAPPED,No suitable ICD-11 match found,0.000,No Match,Optimized Semantic Matching,2025-09-04
UN1930,Constipation - Qabz Yabis,,Unknown,ME05.0,constipation,0.800,High,Optimized Semantic Matching,2025-09-04
UN1931,Obesity - Siman-e-Mufrat Chronic,,Unknown,5B81,Obesity,0.800,High,Optimized Semantic Matching,2025-09-04
UN1932,Anemia - Faqr ud Dam Acute,,Unknown,UNMAPPED,No suitable ICD-11 match found,0.000,No Match,Optimized Semantic Matching,2025-09-04
UN1933,Skin Disease - Amraz-e-Jild,,Unknown,1D40,Chikungunya virus disease,0.700,High,Optimized Semantic Matching,2025-09-04
UN1934,Liver Disease - Amraz-e-Jigar Har,,Unknown,2C12.02,hepatocellular carcinoma of liver,0.700,High,Optimized Semantic Matching,2025-09-04
UN1935,Kidney Disease - Amraz-e-Kulya Barid,,Unknown,1D40,Chikungunya virus disease,0.700,High,Optimized Semantic Matching,2025-09-04
UN1936,Paralysis - Falij Ratab,,Unknown,UNMAPPED,No suitable ICD-11 match found,0.000,No Match,Optimized Semantic Matching,2025-09-04
UN1937,Epilepsy - Sara Yabis,,Unknown,UNMAPPED,No suitable ICD-11 match found,0.000,No Match,Optimized Semantic Matching,2025-09-04
UN1938,Diarrhea - Ishal Chronic,,Unknown,UNMAPPED,No suitable ICD-11 match found,0.000,No Match,Optimized Semantic Matching,2025-09-04
UN1939,Cough - Sual Acute,,Unknown,MD12,cough,0.800,High,Optimized Semantic Matching,2025-09-04
UN1940,Cold - Nazla,,Unknown,UNMAPPED,No suitable ICD-11 match found,0.000,No Match,Optimized Semantic Matching,2025-09-04
UN1941,Fever - Humma Har,,Unknown,1C30.2,Typhus fever due to Rickettsia typhi,0.700,High,Optimized Semantic Matching,2025-09-04
UN1942,Diabetes - Ziabetus Barid,,Unknown,5A11,Type 2 diabetes mellitus,0.700,High,Optimized Semantic Matching,2025-09-04
UN1943,Hypertension - Zarabet Dam Ratab,,Unknown,UNMAPPED,No suitable ICD-11 match found,0.000,No Match,Optimized Semantic Matching,2025-09-04
UN1944,Arthritis - Waja ul Mafasil Yabis,,Unknown,FA20,Rheumatoid arthritis,0.700,High,Optimized Semantic Matching,2025-09-04
UN1945,Asthma - Raboo Chronic,,Unknown,CA23,Asthma,0.800,High,Optimized Semantic Matching,2025-09-04
UN1946,Migraine - Shaqeeqa Acute,,Unknown,8A80,Migraine,0.800,High,Optimized Semantic Matching,2025-09-04
UN1947,Depression - Sawda,,Unknown,UNMAPPED,No suitable ICD-11 match found,0.000,No Match,Optimized Semantic Matching,2025-09-04
UN1948,Gastritis - Waram-e-Meda Har,,Unknown,DA42,Gastritis,0.800,High,Optimized Semantic Matching,2025-09-04
UN1949,Insomnia - Sahr Barid,,Unknown,UNMAPPED,No suitable ICD-11 match found,0.000,No Match,Optimized Semantic Matching,2025-09-04
UN1950,Constipation - Qabz Ratab,,Unknown,ME05.0,constipation,0.800,High,Optimized Semantic Matching,2025-09-04
UN1951,Obesity - Siman-e-Mufrat Yabis,,Unknown,5B81,Obesity,0.800,High,Optimized Semantic Matching,2025-09-04
UN1952,Anemia - Faqr ud Dam Chronic,,Unknown,UNMAPPED,No suitable ICD-11 match found,0.000,No Match,Optimized Semantic Matching,2025-09-04
UN1953,Skin Disease - Amraz-e-Jild Acute,,Unknown,1D40,Chikungunya virus disease,0.700,High,Optimized Semantic Matching,2025-09-04
UN1954,Liver Disease - Amraz-e-Jigar,,Unknown,2C12.02,hepatocellular carcinoma of liver,0.700,High,Optimized Semantic Matching,2025-09-04
UN1955,Kidney Disease - Amraz-e-Kulya Har,,Unknown,1D40,Chikungunya virus disease,0.700,High,Optimized Semantic Matching,2025-09-04
UN1956,Paralysis - Falij Barid,,Unknown,UNMAPPED,No suitable ICD-11 match found,0.000,No Match,Optimized Semantic Matching,2025-09-04
UN1957,Epilepsy - Sara Ratab,,Unknown,UNMAPPED,No suitable ICD-11 match found,0.000,No Match,Optimized Semantic Matching,2025-09-04
UN1958,Diarrhea - Ishal Yabis,,Unknown,UNMAPPED,No suitable ICD-11 match found,0.000,No Match,Optimized Semantic Matching,2025-09-04
UN1959,Cough - Sual Chronic,,Unknown,MD12,cough,0.800,High,Optimized Semantic Matching,2025-09-04
UN1960,Cold - Nazla Acute,,Unknown,UNMAPPED,No suitable ICD-11 match found,0.000,No Match,Optimized Semantic Matching,2025-09-04
UN1961,Fever - Humma,,Unknown,1C30.2,Typhus fever due to Rickettsia typhi,0.700,High,Optimized Semantic Matching,2025-09-04
UN1962,Diabetes - Ziabetus Har,,Unknown,5A11,Type 2 diabetes mellitus,0.700,High,Optimized Semantic Matching,2025-09-04
UN1963,Hypertension - Zarabet Dam Barid,,Unknown,UNMAPPED,No suitable ICD-11 match found,0.000,No Match,Optimized Semantic Matching,2025-09-04
UN1964,Arthritis - Waja ul Mafasil Ratab,,Unknown,FA20,Rheumatoid arthritis,0.700,High,Optimized Semantic Matching,2025-09-04
UN1965,Asthma - Raboo Yabis,,Unknown,CA23,Asthma,0.800,High,Optimized Semantic Matching,2025-09-04
UN1966,Migraine - Shaqeeqa Chronic,,Unknown,8A80,Migraine,0.800,High,Optimized Semantic Matching,2025-09-04
UN1967,Depression - Sawda Acute,,Unknown,UNMAPPED,No suitable ICD-11 match found,0.000,No Match,Optimized Semantic Matching,2025-09-04
UN1968,Gastritis - Waram-e-Meda,,Unknown,DA42,Gastritis,0.800,High,Optimized Semantic Matching,2025-09-04
UN1969,Insomnia - Sahr Har,,Unknown,UNMAPPED,No suitable ICD-11 match found,0.000,No Match,Optimized Semantic Matching,2025-09-04
UN1970,Constipation - Qabz Barid,,Unknown,ME05.0,constipation,0.800,High,Optimized Semantic Matching,2025-09-04
UN1971,Obesity - Siman-e-Mufrat Ratab,,Unknown,5B81,Obesity,0.800,High,Optimized Semantic Matching,2025-09-04
UN1972,Anemia - Faqr ud Dam Yabis,,Unknown,UNMAPPED,No suitable ICD-11 match found,0.000,No Match,Optimized Semantic Matching,2025-09-04
UN1973,Skin Disease - Amraz-e-Jild Chronic,,Unknown,1D40,Chikungunya virus disease,0.700,High,Optimized Semantic Matching,2025-09-04
UN1974,Liver Disease - Amraz-e-Jigar Acute,,Unknown,2C12.02,hepatocellular carcinoma of liver,0.700,High,Optimized Semantic Matching,2025-09-04
UN1975,Kidney Disease - Amraz-e-Kulya,,Unknown,1D40,Chikungunya virus disease,0.700,High,Optimized Semantic Matching,2025-09-04
UN1976,Paralysis - Falij Har,,Unknown,UNMAPPED,No suitable ICD-11 match found,0.000,No Match,Optimized Semantic Matching,2025-09-04
UN1977,Epilepsy - Sara Barid,,Unknown,UNMAPPED,No suitable ICD-11 match found,0.000,No Match,Optimized Semantic Matching,2025-09-04
UN1978,Diarrhea - Ishal Ratab,,Unknown,UNMAPPED,No suitable ICD-11 match found,0.000,No Match,Optimized Semantic Matching,2025-09-04
UN1979,Cough - Sual Yabis,,Unknown,MD12,cough,0.800,High,Optimized Semantic Matching,2025-09-04
UN1980,Cold - Nazla Chronic,,Unknown,UNMAPPED,No suitable ICD-11 match found,0.000,No Match,Optimized Semantic Matching,2025-09-04
UN1981,Fever - Humma Acute,,Unknown,1D2Z,"Dengue fever, unspecified",0.700,High,Optimized Semantic Matching,2025-09-04
UN1982,Diabetes - Ziabetus,,Unknown,5A11,Type 2 diabetes mellitus,0.700,High,Optimized Semantic Matching,2025-09-04
UN1983,Hypertension - Zarabet Dam Har,,Unknown,UNMAPPED,No suitable ICD-11 match found,0.000,No Match,Optimized Semantic Matching,2025-09-04
UN1984,Arthritis - Waja ul Mafasil Barid,,Unknown,FA20,Rheumatoid arthritis,0.700,High,Optimized Semantic Matching,2025-09-04
UN1985,Asthma - Raboo Ratab,,Unknown,CA23,Asthma,0.800,High,Optimized Semantic Matching,2025-09-04
UN1986,Migraine - Shaqeeqa Yabis,,Unknown,8A80,Migraine,0.800,High,Optimized Semantic Matching,2025-09-04
UN1987,Depression - Sawda Chronic,,Unknown,UNMAPPED,No suitable ICD-11 match found,0.000,No Match,Optimized Semantic Matching,2025-09-04
UN1988,Gastritis - Waram-e-Meda Acute,,Unknown,DA42,Gastritis,0.800,High,Optimized Semantic Matching,2025-09-04
UN1989,Insomnia - Sahr,,Unknown,UNMAPPED,No suitable ICD-11 match found,0.000,No Match,Optimized Semantic Matching,2025-09-04
UN1990,Constipation - Qabz Har,,Unknown,ME05.0,constipation,0.800,High,Optimized Semantic Matching,2025-09-04
UN1991,Obesity - Siman-e-Mufrat Barid,,Unknown,5B81,Obesity,0.800,High,Optimized Semantic Matching,2025-09-04
UN1992,Anemia - Faqr ud Dam Ratab,,Unknown,UNMAPPED,No suitable ICD-11 match found,0.000,No Match,Optimized Semantic Matching,2025-09-04
UN1993,Skin Disease - Amraz-e-Jild Yabis,,Unknown,1D40,Chikungunya virus disease,0.700,High,Optimized Semantic Matching,2025-09-04
UN1994,Liver Disease - Amraz-e-Jigar Chronic,,Unknown,2C12.02,hepatocellular carcinoma of liver,0.700,High,Optimized Semantic Matching,2025-09-04
UN1995,Kidney Disease - Amraz-e-Kulya Acute,,Unknown,1D40,Chikungunya virus disease,0.700,High,Optimized Semantic Matching,2025-09-04
UN1996,Paralysis - Falij,,Unknown,UNMAPPED,No suitable ICD-11 match found,0.000,No Match,Optimized Semantic Matching,2025-09-04
UN1997,Epilepsy - Sara Har,,Unknown,UNMAPPED,No suitable ICD-11 match found,0.000,No Match,Optimized Semantic Matching,2025-09-04
UN1998,Diarrhea - Ishal Barid,,Unknown,UNMAPPED,No suitable ICD-11 match found,0.000,No Match,Optimized Semantic Matching,2025-09-04
UN1999,Cough - Sual Ratab,,Unknown,MD12,cough,0.800,High,Optimized Semantic Matching,2025-09-04
UN2000,Cold - Nazla Yabis,,Unknown,UNMAPPED,No suitable ICD-11 match found,0.000,No Match,Optimized Semantic Matching,2025-09-04
UN2001,Fever - Humma Chronic,,Unknown,1D2Z,"Dengue fever, unspecified",0.700,High,Optimized Semantic Matching,2025-09-04
UN2002,Diabetes - Ziabetus Acute,,Unknown,QA0A.10,special screening examination for diabetes mellitus,0.700,High,Optimized Semantic Matching,2025-09-04
UN2003,Hypertension - Zarabet Dam,,Unknown,UNMAPPED,No suitable ICD-11 match found,0.000,No Match,Optimized Semantic Matching,2025-09-04
UN2004,Arthritis - Waja ul Mafasil Har,,Unknown,FA20,Rheumatoid arthritis,0.700,High,Optimized Semantic Matching,2025-09-04
UN2005,Asthma - Raboo Barid,,Unknown,CA23,Asthma,0.800,High,Optimized Semantic Matching,2025-09-04
UN2006,Migraine - Shaqeeqa Ratab,,Unknown,8A80,Migraine,0.800,High,Optimized Semantic Matching,2025-09-04
UN2007,Depression - Sawda Yabis,,Unknown,UNMAPPED,No suitable ICD-11 match found,0.000,No Match,Optimized Semantic Matching,2025-09-04
UN2008,Gastritis - Waram-e-Meda Chronic,,Unknown,DA42,Gastritis,0.800,High,Optimized Semantic Matching,2025-09-04
UN2009,Insomnia - Sahr Acute,,Unknown,UNMAPPED,No suitable ICD-11 match found,0.000,No Match,Optimized Semantic Matching,2025-09-04
UN2010,Constipation - Qabz,,Unknown,ME05.0,constipation,0.800,High,Optimized Semantic Matching,2025-09-04
UN2011,Obesity - Siman-e-Mufrat Har,,Unknown,5B81,Obesity,0.800,High,Optimized Semantic Matching,2025-09-04
UN2012,Anemia - Faqr ud Dam Barid,,Unknown,UNMAPPED,No suitable ICD-11 match found,0.000,No Match,Optimized Semantic Matching,2025-09-04
UN2013,Skin Disease - Amraz-e-Jild Ratab,,Unknown,1D40,Chikungunya virus disease,0.700,High,Optimized Semantic Matching,2025-09-04
UN2014,Liver Disease - Amraz-e-Jigar Yabis,,Unknown,2C12.02,hepatocellular carcinoma of liver,0.700,High,Optimized Semantic Matching,2025-09-04
UN2015,Kidney Disease - Amraz-e-Kulya Chronic,,Unknown,1D40,Chikungunya virus disease,0.700,High,Optimized Semantic Matching,2025-09-04
UN2016,Paralysis - Falij Acute,,Unknown,UNMAPPED,No suitable ICD-11 match found,0.000,No Match,Optimized Semantic Matching,2025-09-04
UN2017,Epilepsy - Sara,,Unknown,UNMAPPED,No suitable ICD-11 match found,0.000,No Match,Optimized Semantic Matching,2025-09-04
UN2018,Diarrhea - Ishal Har,,Unknown,UNMAPPED,No suitable ICD-11 match found,0.000,No Match,Optimized Semantic Matching,2025-09-04
UN2019,Cough - Sual Barid,,Unknown,MD12,cough,0.800,High,Optimized Semantic Matching,2025-09-04
UN2020,Cold - Nazla Ratab,,Unknown,UNMAPPED,No suitable ICD-11 match found,0.000,No Match,Optimized Semantic Matching,2025-09-04
UN2021,Fever - Humma Yabis,,Unknown,1C30.2,Typhus fever due to Rickettsia typhi,0.700,High,Optimized Semantic Matching,2025-09-04
UN2022,Diabetes - Ziabetus Chronic,,Unknown,QA0A.10,special screening examination for diabetes mellitus,0.700,High,Optimized Semantic Matching,2025-09-04
UN2023,Hypertension - Zarabet Dam Acute,,Unknown,UNMAPPED,No suitable ICD-11 match found,0.000,No Match,Optimized Semantic Matching,2025-09-04
UN2024,Arthritis - Waja ul Mafasil,,Unknown,FA20,Rheumatoid arthritis,0.700,High,Optimized Semantic Matching,2025-09-04
UN2025,Asthma - Raboo Har,,Unknown,CA23,Asthma,0.800,High,Optimized Semantic Matching,2025-09-04
UN2026,Migraine - Shaqeeqa Barid,,Unknown,8A80,Migraine,0.800,High,Optimized Semantic Matching,2025-09-04
UN2027,Depression - Sawda Ratab,,Unknown,UNMAPPED,No suitable ICD-11 match found,0.000,No Match,Optimized Semantic Matching,2025-09-04
UN2028,Gastritis - Waram-e-Meda Yabis,,Unknown,DA42,Gastritis,0.800,High,Optimized Semantic Matching,2025-09-04
UN2029,Insomnia - Sahr Chronic,,Unknown,7A00,Chronic insomnia,0.400,Low,Optimized Semantic Matching,2025-09-04
UN2030,Constipation - Qabz Acute,,Unknown,ME05.0,constipation,0.800,High,Optimized Semantic Matching,2025-09-04
UN2031,Obesity - Siman-e-Mufrat,,Unknown,5B81,Obesity,0.800,High,Optimized Semantic Matching,2025-09-04
UN2032,Anemia - Faqr ud Dam Har,,Unknown,UNMAPPED,No suitable ICD-11 match found,0.000,No Match,Optimized Semantic Matching,2025-09-04
UN2033,Skin Disease - Amraz-e-Jild Barid,,Unknown,1D40,Chikungunya virus disease,0.700,High,Optimized Semantic Matching,2025-09-04
UN2034,Liver Disease - Amraz-e-Jigar Ratab,,Unknown,2C12.02,hepatocellular carcinoma of liver,0.700,High,Optimized Semantic Matching,2025-09-04
UN2035,Kidney Disease - Amraz-e-Kulya Yabis,,Unknown,1D40,Chikungunya virus disease,0.700,High,Optimized Semantic Matching,2025-09-04
UN2036,Paralysis - Falij Chronic,,Unknown,UNMAPPED,No suitable ICD-11 match found,0.000,No Match,Optimized Semantic Matching,2025-09-04
UN2037,Epilepsy - Sara Acute,,Unknown,UNMAPPED,No suitable ICD-11 match found,0.000,No Match,Optimized Semantic Matching,2025-09-04
UN2038,Diarrhea - Ishal,,Unknown,UNMAPPED,No suitable ICD-11 match found,0.000,No Match,Optimized Semantic Matching,2025-09-04
UN2039,Cough - Sual Har,,Unknown,MD12,cough,0.800,High,Optimized Semantic Matching,2025-09-04
UN2040,Cold - Nazla Barid,,Unknown,UNMAPPED,No suitable ICD-11 match found,0.000,No Match,Optimized Semantic Matching,2025-09-04
UN2041,Fever - Humma Ratab,,Unknown,1C30.2,Typhus fever due to Rickettsia typhi,0.700,High,Optimized Semantic Matching,2025-09-04
UN2042,Diabetes - Ziabetus Yabis,,Unknown,5A11,Type 2 diabetes mellitus,0.700,High,Optimized Semantic Matching,2025-09-04
UN2043,Hypertension - Zarabet Dam Chronic,,Unknown,UNMAPPED,No suitable ICD-11 match found,0.000,No Match,Optimized Semantic Matching,2025-09-04
UN2044,Arthritis - Waja ul Mafasil Acute,,Unknown,1B41.1Z,"Acute rheumatic endocarditis, unspecified",0.700,High,Optimized Semantic Matching,2025-09-04
UN2045,Asthma - Raboo,,Unknown,CA23,Asthma,0.800,High,Optimized Semantic Matching,2025-09-04
UN2046,Migraine - Shaqeeqa Har,,Unknown,8A80,Migraine,0.800,High,Optimized Semantic Matching,2025-09-04
UN2047,Depression - Sawda Barid,,Unknown,UNMAPPED,No suitable ICD-11 match found,0.000,No Match,Optimized Semantic Matching,2025-09-04
UN2048,Gastritis - Waram-e-Meda Ratab,,Unknown,DA42,Gastritis,0.800,High,Optimized Semantic Matching,2025-09-04
UN2049,Insomnia - Sahr Yabis,,Unknown,UNMAPPED,No suitable ICD-11 match found,0.000,No Match,Optimized Semantic Matching,2025-09-04
UN2050,Constipation - Qabz Chronic,,Unknown,ME05.0,constipation,0.800,High,Optimized Semantic Matching,2025-09-04
UN2051,Obesity - Siman-e-Mufrat Acute,,Unknown,5B81,Obesity,0.800,High,Optimized Semantic Matching,2025-09-04
UN2052,Anemia - Faqr ud Dam,,Unknown,UNMAPPED,No suitable ICD-11 match found,0.000,No Match,Optimized Semantic Matching,2025-09-04
UN2053,Skin Disease - Amraz-e-Jild Har,,Unknown,1D40,Chikungunya virus disease,0.700,High,Optimized Semantic Matching,2025-09-04
UN2054,Liver Disease - Amraz-e-Jigar Barid,,Unknown,2C12.02,hepatocellular carcinoma of liver,0.700,High,Optimized Semantic Matching,2025-09-04
UN2055,Kidney Disease - Amraz-e-Kulya Ratab,,Unknown,1D40,Chikungunya virus disease,0.700,High,Optimized Semantic Matching,2025-09-04
UN2056,Paralysis - Falij Yabis,,Unknown,UNMAPPED,No suitable ICD-11 match found,0.000,No Match,Optimized Semantic Matching,2025-09-04
UN2057,Epilepsy - Sara Chronic,,Unknown,UNMAPPED,No suitable ICD-11 match found,0.000,No Match,Optimized Semantic Matching,2025-09-04
UN2058,Diarrhea - Ishal Acute,,Unknown,UNMAPPED,No suitable ICD-11 match found,0.000,No Match,Optimized Semantic Matching,2025-09-04
UN2059,Cough - Sual,,Unknown,MD12,cough,0.800,High,Optimized Semantic Matching,2025-09-04
UN2060,Cold - Nazla Har,,Unknown,UNMAPPED,No suitable ICD-11 match found,0.000,No Match,Optimized Semantic Matching,2025-09-04
UN2061,Fever - Humma Barid,,Unknown,1C30.2,Typhus fever due to Rickettsia typhi,0.700,High,Optimized Semantic Matching,2025-09-04
UN2062,Diabetes - Ziabetus Ratab,,Unknown,5A11,Type 2 diabetes mellitus,0.700,High,Optimized Semantic Matching,2025-09-04
UN2063,Hypertension - Zarabet Dam Yabis,,Unknown,UNMAPPED,No suitable ICD-11 match found,0.000,No Match,Optimized Semantic Matching,2025-09-04
UN2064,Arthritis - Waja ul Mafasil Chronic,,Unknown,2A81.7,Diffuse large Bcell lymphoma associated with Chronic inflammation,0.700,High,Optimized Semantic Matching,2025-09-04
UN2065,Asthma - Raboo Acute,,Unknown,CA23,Asthma,0.800,High,Optimized Semantic Matching,2025-09-04
UN2066,Migraine - Shaqeeqa,,Unknown,8A80,Migraine,0.800,High,Optimized Semantic Matching,2025-09-04
UN2067,Depression - Sawda Har,,Unknown,UNMAPPED,No suitable ICD-11 match found,0.000,No Match,Optimized Semantic Matching,2025-09-04
UN2068,Gastritis - Waram-e-Meda Barid,,Unknown,DA42,Gastritis,0.800,High,Optimized Semantic Matching,2025-09-04
UN2069,Insomnia - Sahr Ratab,,Unknown,UNMAPPED,No suitable ICD-11 match found,0.000,No Match,Optimized Semantic Matching,2025-09-04
UN2070,Constipation - Qabz Yabis,,Unknown,ME05.0,constipation,0.800,High,Optimized Semantic Matching,2025-09-04
UN2071,Obesity - Siman-e-Mufrat Chronic,,Unknown,5B81,Obesity,0.800,High,Optimized Semantic Matching,2025-09-04
UN2072,Anemia - Faqr ud Dam Acute,,Unknown,UNMAPPED,No suitable ICD-11 match found,0.000,No Match,Optimized Semantic Matching,2025-09-04
UN2073,Skin Disease - Amraz-e-Jild,,Unknown,1D40,Chikungunya virus disease,0.700,High,Optimized Semantic Matching,2025-09-04
UN2074,Liver Disease - Amraz-e-Jigar Har,,Unknown,2C12.02,hepatocellular carcinoma of liver,0.700,High,Optimized Semantic Matching,2025-09-04
UN2075,Kidney Disease - Amraz-e-Kulya Barid,,Unknown,1D40,Chikungunya virus disease,0.700,High,Optimized Semantic Matching,2025-09-04
UN2076,Paralysis - Falij Ratab,,Unknown,UNMAPPED,No suitable ICD-11 match found,0.000,No Match,Optimized Semantic Matching,2025-09-04
UN2077,Epilepsy - Sara Yabis,,Unknown,UNMAPPED,No suitable ICD-11 match found,0.000,No Match,Optimized Semantic Matching,2025-09-04
UN2078,Diarrhea - Ishal Chronic,,Unknown,UNMAPPED,No suitable ICD-11 match found,0.000,No Match,Optimized Semantic Matching,2025-09-04
UN2079,Cough - Sual Acute,,Unknown,MD12,cough,0.800,High,Optimized Semantic Matching,2025-09-04
UN2080,Cold - Nazla,,Unknown,UNMAPPED,No suitable ICD-11 match found,0.000,No Match,Optimized Semantic Matching,2025-09-04
UN2081,Fever - Humma Har,,Unknown,1C30.2,Typhus fever due to Rickettsia typhi,0.700,High,Optimized Semantic Matching,2025-09-04
UN2082,Diabetes - Ziabetus Barid,,Unknown,5A11,Type 2 diabetes mellitus,0.700,High,Optimized Semantic Matching,2025-09-04
UN2083,Hypertension - Zarabet Dam Ratab,,Unknown,UNMAPPED,No suitable ICD-11 match found,0.000,No Match,Optimized Semantic Matching,2025-09-04
UN2084,Arthritis - Waja ul Mafasil Yabis,,Unknown,FA20,Rheumatoid arthritis,0.700,High,Optimized Semantic Matching,2025-09-04
UN2085,Asthma - Raboo Chronic,,Unknown,CA23,Asthma,0.800,High,Optimized Semantic Matching,2025-09-04
UN2086,Migraine - Shaqeeqa Acute,,Unknown,8A80,Migraine,0.800,High,Optimized Semantic Matching,2025-09-04
UN2087,Depression - Sawda,,Unknown,UNMAPPED,No suitable ICD-11 match found,0.000,No Match,Optimized Semantic Matching,2025-09-04
UN2088,Gastritis - Waram-e-Meda Har,,Unknown,DA42,Gastritis,0.800,High,Optimized Semantic Matching,2025-09-04
UN2089,Insomnia - Sahr Barid,,Unknown,UNMAPPED,No suitable ICD-11 match found,0.000,No Match,Optimized Semantic Matching,2025-09-04
UN2090,Constipation - Qabz Ratab,,Unknown,ME05.0,constipation,0.800,High,Optimized Semantic Matching,2025-09-04
UN2091,Obesity - Siman-e-Mufrat Yabis,,Unknown,5B81,Obesity,0.800,High,Optimized Semantic Matching,2025-09-04
UN2092,Anemia - Faqr ud Dam Chronic,,Unknown,UNMAPPED,No suitable ICD-11 match found,0.000,No Match,Optimized Semantic Matching,2025-09-04
UN2093,Skin Disease - Amraz-e-Jild Acute,,Unknown,1D40,Chikungunya virus disease,0.700,High,Optimized Semantic Matching,2025-09-04
UN2094,Liver Disease - Amraz-e-Jigar,,Unknown,2C12.02,hepatocellular carcinoma of liver,0.700,High,Optimized Semantic Matching,2025-09-04
UN2095,Kidney Disease - Amraz-e-Kulya Har,,Unknown,1D40,Chikungunya virus disease,0.700,High,Optimized Semantic Matching,2025-09-04
UN2096,Paralysis - Falij Barid,,Unknown,UNMAPPED,No suitable ICD-11 match found,0.000,No Match,Optimized Semantic Matching,2025-09-04
UN2097,Epilepsy - Sara Ratab,,Unknown,UNMAPPED,No suitable ICD-11 match found,0.000,No Match,Optimized Semantic Matching,2025-09-04
UN2098,Diarrhea - Ishal Yabis,,Unknown,UNMAPPED,No suitable ICD-11 match found,0.000,No Match,Optimized Semantic Matching,2025-09-04
UN2099,Cough - Sual Chronic,,Unknown,MD12,cough,0.800,High,Optimized Semantic Matching,2025-09-04
UN2100,Cold - Nazla Acute,,Unknown,UNMAPPED,No suitable ICD-11 match found,0.000,No Match,Optimized Semantic Matching,2025-09-04
UN2101,Fever - Humma,,Unknown,1C30.2,Typhus fever due to Rickettsia typhi,0.700,High,Optimized Semantic Matching,2025-09-04
UN2102,Diabetes - Ziabetus Har,,Unknown,5A11,Type 2 diabetes mellitus,0.700,High,Optimized Semantic Matching,2025-09-04
UN2103,Hypertension - Zarabet Dam Barid,,Unknown,UNMAPPED,No suitable ICD-11 match found,0.000,No Match,Optimized Semantic Matching,2025-09-04
UN2104,Arthritis - Waja ul Mafasil Ratab,,Unknown,FA20,Rheumatoid arthritis,0.700,High,Optimized Semantic Matching,2025-09-04
UN2105,Asthma - Raboo Yabis,,Unknown,CA23,Asthma,0.800,High,Optimized Semantic Matching,2025-09-04
UN2106,Migraine - Shaqeeqa Chronic,,Unknown,8A80,Migraine,0.800,High,Optimized Semantic Matching,2025-09-04
UN2107,Depression - Sawda Acute,,Unknown,UNMAPPED,No suitable ICD-11 match found,0.000,No Match,Optimized Semantic Matching,2025-09-04
UN2108,Gastritis - Waram-e-Meda,,Unknown,DA42,Gastritis,0.800,High,Optimized Semantic Matching,2025-09-04
UN2109,Insomnia - Sahr Har,,Unknown,UNMAPPED,No suitable ICD-11 match found,0.000,No Match,Optimized Semantic Matching,2025-09-04
UN2110,Constipation - Qabz Barid,,Unknown,ME05.0,constipation,0.800,High,Optimized Semantic Matching,2025-09-04
UN2111,Obesity - Siman-e-Mufrat Ratab,,Unknown,5B81,Obesity,0.800,High,Optimized Semantic Matching,2025-09-04
UN2112,Anemia - Faqr ud Dam Yabis,,Unknown,UNMAPPED,No suitable ICD-11 match found,0.000,No Match,Optimized Semantic Matching,2025-09-04
UN2113,Skin Disease - Amraz-e-Jild Chronic,,Unknown,1D40,Chikungunya virus disease,0.700,High,Optimized Semantic Matching,2025-09-04
UN2114,Liver Disease - Amraz-e-Jigar Acute,,Unknown,2C12.02,hepatocellular carcinoma of liver,0.700,High,Optimized Semantic Matching,2025-09-04
UN2115,Kidney Disease - Amraz-e-Kulya,,Unknown,1D40,Chikungunya virus disease,0.700,High,Optimized Semantic Matching,2025-09-04
UN2116,Paralysis - Falij Har,,Unknown,UNMAPPED,No suitable ICD-11 match found,0.000,No Match,Optimized Semantic Matching,2025-09-04
UN2117,Epilepsy - Sara Barid,,Unknown,UNMAPPED,No suitable ICD-11 match found,0.000,No Match,Optimized Semantic Matching,2025-09-04
UN2118,Diarrhea - Ishal Ratab,,Unknown,UNMAPPED,No suitable ICD-11 match found,0.000,No Match,Optimized Semantic Matching,2025-09-04
UN2119,Cough - Sual Yabis,,Unknown,MD12,cough,0.800,High,Optimized Semantic Matching,2025-09-04
UN2120,Cold - Nazla Chronic,,Unknown,UNMAPPED,No suitable ICD-11 match found,0.000,No Match,Optimized Semantic Matching,2025-09-04
UN2121,Fever - Humma Acute,,Unknown,1D2Z,"Dengue fever, unspecified",0.700,High,Optimized Semantic Matching,2025-09-04
UN2122,Diabetes - Ziabetus,,Unknown,5A11,Type 2 diabetes mellitus,0.700,High,Optimized Semantic Matching,2025-09-04
UN2123,Hypertension - Zarabet Dam Har,,Unknown,UNMAPPED,No suitable ICD-11 match found,0.000,No Match,Optimized Semantic Matching,2025-09-04
UN2124,Arthritis - Waja ul Mafasil Barid,,Unknown,FA20,Rheumatoid arthritis,0.700,High,Optimized Semantic Matching,2025-09-04
UN2125,Asthma - Raboo Ratab,,Unknown,CA23,Asthma,0.800,High,Optimized Semantic Matching,2025-09-04
UN2126,Migraine - Shaqeeqa Yabis,,Unknown,8A80,Migraine,0.800,High,Optimized Semantic Matching,2025-09-04
UN2127,Depression - Sawda Chronic,,Unknown,UNMAPPED,No suitable ICD-11 match found,0.000,No Match,Optimized Semantic Matching,2025-09-04
UN2128,Gastritis - Waram-e-Meda Acute,,Unknown,DA42,Gastritis,0.800,High,Optimized Semantic Matching,2025-09-04
UN2129,Insomnia - Sahr,,Unknown,UNMAPPED,No suitable ICD-11 match found,0.000,No Match,Optimized Semantic Matching,2025-09-04
UN2130,Constipation - Qabz Har,,Unknown,ME05.0,constipation,0.800,High,Optimized Semantic Matching,2025-09-04
UN2131,Obesity - Siman-e-Mufrat Barid,,Unknown,5B81,Obesity,0.800,High,Optimized Semantic Matching,2025-09-04
UN2132,Anemia - Faqr ud Dam Ratab,,Unknown,UNMAPPED,No suitable ICD-11 match found,0.000,No Match,Optimized Semantic Matching,2025-09-04
UN2133,Skin Disease - Amraz-e-Jild Yabis,,Unknown,1D40,Chikungunya virus disease,0.700,High,Optimized Semantic Matching,2025-09-04
UN2134,Liver Disease - Amraz-e-Jigar Chronic,,Unknown,2C12.02,hepatocellular carcinoma of liver,0.700,High,Optimized Semantic Matching,2025-09-04
UN2135,Kidney Disease - Amraz-e-Kulya Acute,,Unknown,1D40,Chikungunya virus disease,0.700,High,Optimized Semantic Matching,2025-09-04
UN2136,Paralysis - Falij,,Unknown,UNMAPPED,No suitable ICD-11 match found,0.000,No Match,Optimized Semantic Matching,2025-09-04
UN2137,Epilepsy - Sara Har,,Unknown,UNMAPPED,No suitable ICD-11 match found,0.000,No Match,Optimized Semantic Matching,2025-09-04
UN2138,Diarrhea - Ishal Barid,,Unknown,UNMAPPED,No suitable ICD-11 match found,0.000,No Match,Optimized Semantic Matching,2025-09-04
UN2139,Cough - Sual Ratab,,Unknown,MD12,cough,0.800,High,Optimized Semantic Matching,2025-09-04
UN2140,Cold - Nazla Yabis,,Unknown,UNMAPPED,No suitable ICD-11 match found,0.000,No Match,Optimized Semantic Matching,2025-09-04
UN2141,Fever - Humma Chronic,,Unknown,1D2Z,"Dengue fever, unspecified",0.700,High,Optimized Semantic Matching,2025-09-04
UN2142,Diabetes - Ziabetus Acute,,Unknown,QA0A.10,special screening examination for diabetes mellitus,0.700,High,Optimized Semantic Matching,2025-09-04
UN2143,Hypertension - Zarabet Dam,,Unknown,UNMAPPED,No suitable ICD-11 match found,0.000,No Match,Optimized Semantic Matching,2025-09-04
UN2144,Arthritis - Waja ul Mafasil Har,,Unknown,FA20,Rheumatoid arthritis,0.700,High,Optimized Semantic Matching,2025-09-04
UN2145,Asthma - Raboo Barid,,Unknown,CA23,Asthma,0.800,High,Optimized Semantic Matching,2025-09-04
UN2146,Migraine - Shaqeeqa Ratab,,Unknown,8A80,Migraine,0.800,High,Optimized Semantic Matching,2025-09-04
UN2147,Depression - Sawda Yabis,,Unknown,UNMAPPED,No suitable ICD-11 match found,0.000,No Match,Optimized Semantic Matching,2025-09-04
UN2148,Gastritis - Waram-e-Meda Chronic,,Unknown,DA42,Gastritis,0.800,High,Optimized Semantic Matching,2025-09-04
UN2149,Insomnia - Sahr Acute,,Unknown,UNMAPPED,No suitable ICD-11 match found,0.000,No Match,Optimized Semantic Matching,2025-09-04
UN2150,Constipation - Qabz,,Unknown,ME05.0,constipation,0.800,High,Optimized Semantic Matching,2025-09-04
UN2151,Obesity - Siman-e-Mufrat Har,,Unknown,5B81,Obesity,0.800,High,Optimized Semantic Matching,2025-09-04
UN2152,Anemia - Faqr ud Dam Barid,,Unknown,UNMAPPED,No suitable ICD-11 match found,0.000,No Match,Optimized Semantic Matching,2025-09-04
UN2153,Skin Disease - Amraz-e-Jild Ratab,,Unknown,1D40,Chikungunya virus disease,0.700,High,Optimized Semantic Matching,2025-09-04
UN2154,Liver Disease - Amraz-e-Jigar Yabis,,Unknown,2C12.02,hepatocellular carcinoma of liver,0.700,High,Optimized Semantic Matching,2025-09-04
UN2155,Kidney Disease - Amraz-e-Kulya Chronic,,Unknown,1D40,Chikungunya virus disease,0.700,High,Optimized Semantic Matching,2025-09-04
UN2156,Paralysis - Falij Acute,,Unknown,UNMAPPED,No suitable ICD-11 match found,0.000,No Match,Optimized Semantic Matching,2025-09-04
UN2157,Epilepsy - Sara,,Unknown,UNMAPPED,No suitable ICD-11 match found,0.000,No Match,Optimized Semantic Matching,2025-09-04
UN2158,Diarrhea - Ishal Har,,Unknown,UNMAPPED,No suitable ICD-11 match found,0.000,No Match,Optimized Semantic Matching,2025-09-04
UN2159,Cough - Sual Barid,,Unknown,MD12,cough,0.800,High,Optimized Semantic Matching,2025-09-04
UN2160,Cold - Nazla Ratab,,Unknown,UNMAPPED,No suitable ICD-11 match found,0.000,No Match,Optimized Semantic Matching,2025-09-04
UN2161,Fever - Humma Yabis,,Unknown,1C30.2,Typhus fever due to Rickettsia typhi,0.700,High,Optimized Semantic Matching,2025-09-04
UN2162,Diabetes - Ziabetus Chronic,,Unknown,QA0A.10,special screening examination for diabetes mellitus,0.700,High,Optimized Semantic Matching,2025-09-04
UN2163,Hypertension - Zarabet Dam Acute,,Unknown,UNMAPPED,No suitable ICD-11 match found,0.000,No Match,Optimized Semantic Matching,2025-09-04
UN2164,Arthritis - Waja ul Mafasil,,Unknown,FA20,Rheumatoid arthritis,0.700,High,Optimized Semantic Matching,2025-09-04
UN2165,Asthma - Raboo Har,,Unknown,CA23,Asthma,0.800,High,Optimized Semantic Matching,2025-09-04
UN2166,Migraine - Shaqeeqa Barid,,Unknown,8A80,Migraine,0.800,High,Optimized Semantic Matching,2025-09-04
UN2167,Depression - Sawda Ratab,,Unknown,UNMAPPED,No suitable ICD-11 match found,0.000,No Match,Optimized Semantic Matching,2025-09-04
UN2168,Gastritis - Waram-e-Meda Yabis,,Unknown,DA42,Gastritis,0.800,High,Optimized Semantic Matching,2025-09-04
UN2169,Insomnia - Sahr Chronic,,Unknown,7A00,Chronic insomnia,0.400,Low,Optimized Semantic Matching,2025-09-04
UN2170,Constipation - Qabz Acute,,Unknown,ME05.0,constipation,0.800,High,Optimized Semantic Matching,2025-09-04
UN2171,Obesity - Siman-e-Mufrat,,Unknown,5B81,Obesity,0.800,High,Optimized Semantic Matching,2025-09-04
UN2172,Anemia - Faqr ud Dam Har,,Unknown,UNMAPPED,No suitable ICD-11 match found,0.000,No Match,Optimized Semantic Matching,2025-09-04
UN2173,Skin Disease - Amraz-e-Jild Barid,,Unknown,1D40,Chikungunya virus disease,0.700,High,Optimized Semantic Matching,2025-09-04
UN2174,Liver Disease - Amraz-e-Jigar Ratab,,Unknown,2C12.02,hepatocellular carcinoma of liver,0.700,High,Optimized Semantic Matching,2025-09-04
UN2175,Kidney Disease - Amraz-e-Kulya Yabis,,Unknown,1D40,Chikungunya virus disease,0.700,High,Optimized Semantic Matching,2025-09-04
UN2176,Paralysis - Falij Chronic,,Unknown,UNMAPPED,No suitable ICD-11 match found,0.000,No Match,Optimized Semantic Matching,2025-09-04
UN2177,Epilepsy - Sara Acute,,Unknown,UNMAPPED,No suitable ICD-11 match found,0.000,No Match,Optimized Semantic Matching,2025-09-04
UN2178,Diarrhea - Ishal,,Unknown,UNMAPPED,No suitable ICD-11 match found,0.000,No Match,Optimized Semantic Matching,2025-09-04
UN2179,Cough - Sual Har,,Unknown,MD12,cough,0.800,High,Optimized Semantic Matching,2025-09-04
UN2180,Cold - Nazla Barid,,Unknown,UNMAPPED,No suitable ICD-11 match found,0.000,No Match,Optimized Semantic Matching,2025-09-04
UN2181,Fever - Humma Ratab,,Unknown,1C30.2,Typhus fever due to Rickettsia typhi,0.700,High,Optimized Semantic Matching,2025-09-04
UN2182,Diabetes - Ziabetus Yabis,,Unknown,5A11,Type 2 diabetes mellitus,0.700,High,Optimized Semantic Matching,2025-09-04
UN2183,Hypertension - Zarabet Dam Chronic,,Unknown,UNMAPPED,No suitable ICD-11 match found,0.000,No Match,Optimized Semantic Matching,2025-09-04
UN2184,Arthritis - Waja ul Mafasil Acute,,Unknown,1B41.1Z,"Acute rheumatic endocarditis, unspecified",0.700,High,Optimized Semantic Matching,2025-09-04
UN2185,Asthma - Raboo,,Unknown,CA23,Asthma,0.800,High,Optimized Semantic Matching,2025-09-04
UN2186,Migraine - Shaqeeqa Har,,Unknown,8A80,Migraine,0.800,High,Optimized Semantic Matching,2025-09-04
UN2187,Depression - Sawda Barid,,Unknown,UNMAPPED,No suitable ICD-11 match found,0.000,No Match,Optimized Semantic Matching,2025-09-04
UN2188,Gastritis - Waram-e-Meda Ratab,,Unknown,DA42,Gastritis,0.800,High,Optimized Semantic Matching,2025-09-04
UN2189,Insomnia - Sahr Yabis,,Unknown,UNMAPPED,No suitable ICD-11 match found,0.000,No Match,Optimized Semantic Matching,2025-09-04
UN2190,Constipation - Qabz Chronic,,Unknown,ME05.0,constipation,0.800,High,Optimized Semantic Matching,2025-09-04
UN2191,Obesity - Siman-e-Mufrat Acute,,Unknown,5B81,Obesity,0.800,High,Optimized Semantic Matching,2025-09-04
UN2192,Anemia - Faqr ud Dam,,Unknown,UNMAPPED,No suitable ICD-11 match found,0.000,No Match,Optimized Semantic Matching,2025-09-04
UN2193,Skin Disease - Amraz-e-Jild Har,,Unknown,1D40,Chikungunya virus disease,0.700,High,Optimized Semantic Matching,2025-09-04
UN2194,Liver Disease - Amraz-e-Jigar Barid,,Unknown,2C12.02,hepatocellular carcinoma of liver,0.700,High,Optimized Semantic Matching,2025-09-04
UN2195,Kidney Disease - Amraz-e-Kulya Ratab,,Unknown,1D40,Chikungunya virus disease,0.700,High,Optimized Semantic Matching,2025-09-04
UN2196,Paralysis - Falij Yabis,,Unknown,UNMAPPED,No suitable ICD-11 match found,0.000,No Match,Optimized Semantic Matching,2025-09-04
UN2197,Epilepsy - Sara Chronic,,Unknown,UNMAPPED,No suitable ICD-11 match found,0.000,No Match,Optimized Semantic Matching,2025-09-04
UN2198,Diarrhea - Ishal Acute,,Unknown,UNMAPPED,No suitable ICD-11 match found,0.000,No Match,Optimized Semantic Matching,2025-09-04
UN2199,Cough - Sual,,Unknown,MD12,cough,0.800,High,Optimized Semantic Matching,2025-09-04
UN2200,Cold - Nazla Har,,Unknown,UNMAPPED,No suitable ICD-11 match found,0.000,No Match,Optimized Semantic Matching,2025-09-04
UN2201,Fever - Humma Barid,,Unknown,1C30.2,Typhus fever due to Rickettsia typhi,0.700,High,Optimized Semantic Matching,2025-09-04
UN2202,Diabetes - Ziabetus Ratab,,Unknown,5A11,Type 2 diabetes mellitus,0.700,High,Optimized Semantic Matching,2025-09-04
UN2203,Hypertension - Zarabet Dam Yabis,,Unknown,UNMAPPED,No suitable ICD-11 match found,0.000,No Match,Optimized Semantic Matching,2025-09-04
UN2204,Arthritis - Waja ul Mafasil Chronic,,Unknown,2A81.7,Diffuse large Bcell lymphoma associated with Chronic inflammation,0.700,High,Optimized Semantic Matching,2025-09-04
UN2205,Asthma - Raboo Acute,,Unknown,CA23,Asthma,0.800,High,Optimized Semantic Matching,2025-09-04
UN2206,Migraine - Shaqeeqa,,Unknown,8A80,Migraine,0.800,High,Optimized Semantic Matching,2025-09-04
UN2207,Depression - Sawda Har,,Unknown,UNMAPPED,No suitable ICD-11 match found,0.000,No Match,Optimized Semantic Matching,2025-09-04
UN2208,Gastritis - Waram-e-Meda Barid,,Unknown,DA42,Gastritis,0.800,High,Optimized Semantic Matching,2025-09-04
UN2209,Insomnia - Sahr Ratab,,Unknown,UNMAPPED,No suitable ICD-11 match found,0.000,No Match,Optimized Semantic Matching,2025-09-04
UN2210,Constipation - Qabz Yabis,,Unknown,ME05.0,constipation,0.800,High,Optimized Semantic Matching,2025-09-04
UN2211,Obesity - Siman-e-Mufrat Chronic,,Unknown,5B81,Obesity,0.800,High,Optimized Semantic Matching,2025-09-04
UN2212,Anemia - Faqr ud Dam Acute,,Unknown,UNMAPPED,No suitable ICD-11 match found,0.000,No Match,Optimized Semantic Matching,2025-09-04
UN2213,Skin Disease - Amraz-e-Jild,,Unknown,1D40,Chikungunya virus disease,0.700,High,Optimized Semantic Matching,2025-09-04
UN2214,Liver Disease - Amraz-e-Jigar Har,,Unknown,2C12.02,hepatocellular carcinoma of liver,0.700,High,Optimized Semantic Matching,2025-09-04
UN2215,Kidney Disease - Amraz-e-Kulya Barid,,Unknown,1D40,Chikungunya virus disease,0.700,High,Optimized Semantic Matching,2025-09-04
UN2216,Paralysis - Falij Ratab,,Unknown,UNMAPPED,No suitable ICD-11 match found,0.000,No Match,Optimized Semantic Matching,2025-09-04
UN2217,Epilepsy - Sara Yabis,,Unknown,UNMAPPED,No suitable ICD-11 match found,0.000,No Match,Optimized Semantic Matching,2025-09-04
UN2218,Diarrhea - Ishal Chronic,,Unknown,UNMAPPED,No suitable ICD-11 match found,0.000,No Match,Optimized Semantic Matching,2025-09-04
UN2219,Cough - Sual Acute,,Unknown,MD12,cough,0.800,High,Optimized Semantic Matching,2025-09-04
UN2220,Cold - Nazla,,Unknown,UNMAPPED,No suitable ICD-11 match found,0.000,No Match,Optimized Semantic Matching,2025-09-04
UN2221,Fever - Humma Har,,Unknown,1C30.2,Typhus fever due to Rickettsia typhi,0.700,High,Optimized Semantic Matching,2025-09-04
UN2222,Diabetes - Ziabetus Barid,,Unknown,5A11,Type 2 diabetes mellitus,0.700,High,Optimized Semantic Matching,2025-09-04
UN2223,Hypertension - Zarabet Dam Ratab,,Unknown,UNMAPPED,No suitable ICD-11 match found,0.000,No Match,Optimized Semantic Matching,2025-09-04
UN2224,Arthritis - Waja ul Mafasil Yabis,,Unknown,FA20,Rheumatoid arthritis,0.700,High,Optimized Semantic Matching,2025-09-04
UN2225,Asthma - Raboo Chronic,,Unknown,CA23,Asthma,0.800,High,Optimized Semantic Matching,2025-09-04
UN2226,Migraine - Shaqeeqa Acute,,Unknown,8A80,Migraine,0.800,High,Optimized Semantic Matching,2025-09-04
UN2227,Depression - Sawda,,Unknown,UNMAPPED,No suitable ICD-11 match found,0.000,No Match,Optimized Semantic Matching,2025-09-04
UN2228,Gastritis - Waram-e-Meda Har,,Unknown,DA42,Gastritis,0.800,High,Optimized Semantic Matching,2025-09-04
UN2229,Insomnia - Sahr Barid,,Unknown,UNMAPPED,No suitable ICD-11 match found,0.000,No Match,Optimized Semantic Matching,2025-09-04
UN2230,Constipation - Qabz Ratab,,Unknown,ME05.0,constipation,0.800,High,Optimized Semantic Matching,2025-09-04
UN2231,Obesity - Siman-e-Mufrat Yabis,,Unknown,5B81,Obesity,0.800,High,Optimized Semantic Matching,2025-09-04
UN2232,Anemia - Faqr ud Dam Chronic,,Unknown,UNMAPPED,No suitable ICD-11 match found,0.000,No Match,Optimized Semantic Matching,2025-09-04
UN2233,Skin Disease - Amraz-e-Jild Acute,,Unknown,1D40,Chikungunya virus disease,0.700,High,Optimized Semantic Matching,2025-09-04
UN2234,Liver Disease - Amraz-e-Jigar,,Unknown,2C12.02,hepatocellular carcinoma of liver,0.700,High,Optimized Semantic Matching,2025-09-04
UN2235,Kidney Disease - Amraz-e-Kulya Har,,Unknown,1D40,Chikungunya virus disease,0.700,High,Optimized Semantic Matching,2025-09-04
UN2236,Paralysis - Falij Barid,,Unknown,UNMAPPED,No suitable ICD-11 match found,0.000,No Match,Optimized Semantic Matching,2025-09-04
UN2237,Epilepsy - Sara Ratab,,Unknown,UNMAPPED,No suitable ICD-11 match found,0.000,No Match,Optimized Semantic Matching,2025-09-04
UN2238,Diarrhea - Ishal Yabis,,Unknown,UNMAPPED,No suitable ICD-11 match found,0.000,No Match,Optimized Semantic Matching,2025-09-04
UN2239,Cough - Sual Chronic,,Unknown,MD12,cough,0.800,High,Optimized Semantic Matching,2025-09-04
UN2240,Cold - Nazla Acute,,Unknown,UNMAPPED,No suitable ICD-11 match found,0.000,No Match,Optimized Semantic Matching,2025-09-04
UN2241,Fever - Humma,,Unknown,1C30.2,Typhus fever due to Rickettsia typhi,0.700,High,Optimized Semantic Matching,2025-09-04
UN2242,Diabetes - Ziabetus Har,,Unknown,5A11,Type 2 diabetes mellitus,0.700,High,Optimized Semantic Matching,2025-09-04
UN2243,Hypertension - Zarabet Dam Barid,,Unknown,UNMAPPED,No suitable ICD-11 match found,0.000,No Match,Optimized Semantic Matching,2025-09-04
UN2244,Arthritis - Waja ul Mafasil Ratab,,Unknown,FA20,Rheumatoid arthritis,0.700,High,Optimized Semantic Matching,2025-09-04
UN2245,Asthma - Raboo Yabis,,Unknown,CA23,Asthma,0.800,High,Optimized Semantic Matching,2025-09-04
UN2246,Migraine - Shaqeeqa Chronic,,Unknown,8A80,Migraine,0.800,High,Optimized Semantic Matching,2025-09-04
UN2247,Depression - Sawda Acute,,Unknown,UNMAPPED,No suitable ICD-11 match found,0.000,No Match,Optimized Semantic Matching,2025-09-04
UN2248,Gastritis - Waram-e-Meda,,Unknown,DA42,Gastritis,0.800,High,Optimized Semantic Matching,2025-09-04
UN2249,Insomnia - Sahr Har,,Unknown,UNMAPPED,No suitable ICD-11 match found,0.000,No Match,Optimized Semantic Matching,2025-09-04
UN2250,Constipation - Qabz Barid,,Unknown,ME05.0,constipation,0.800,High,Optimized Semantic Matching,2025-09-04
UN2251,Obesity - Siman-e-Mufrat Ratab,,Unknown,5B81,Obesity,0.800,High,Optimized Semantic Matching,2025-09-04
UN2252,Anemia - Faqr ud Dam Yabis,,Unknown,UNMAPPED,No suitable ICD-11 match found,0.000,No Match,Optimized Semantic Matching,2025-09-04
UN2253,Skin Disease - Amraz-e-Jild Chronic,,Unknown,1D40,Chikungunya virus disease,0.700,High,Optimized Semantic Matching,2025-09-04
UN2254,Liver Disease - Amraz-e-Jigar Acute,,Unknown,2C12.02,hepatocellular carcinoma of liver,0.700,High,Optimized Semantic Matching,2025-09-04
UN2255,Kidney Disease - Amraz-e-Kulya,,Unknown,1D40,Chikungunya virus disease,0.700,High,Optimized Semantic Matching,2025-09-04
UN2256,Paralysis - Falij Har,,Unknown,UNMAPPED,No suitable ICD-11 match found,0.000,No Match,Optimized Semantic Matching,2025-09-04
UN2257,Epilepsy - Sara Barid,,Unknown,UNMAPPED,No suitable ICD-11 match found,0.000,No Match,Optimized Semantic Matching,2025-09-04
UN2258,Diarrhea - Ishal Ratab,,Unknown,UNMAPPED,No suitable ICD-11 match found,0.000,No Match,Optimized Semantic Matching,2025-09-04
UN2259,Cough - Sual Yabis,,Unknown,MD12,cough,0.800,High,Optimized Semantic Matching,2025-09-04
UN2260,Cold - Nazla Chronic,,Unknown,UNMAPPED,No suitable ICD-11 match found,0.000,No Match,Optimized Semantic Matching,2025-09-04
UN2261,Fever - Humma Acute,,Unknown,1D2Z,"Dengue fever, unspecified",0.700,High,Optimized Semantic Matching,2025-09-04
UN2262,Diabetes - Ziabetus,,Unknown,5A11,Type 2 diabetes mellitus,0.700,High,Optimized Semantic Matching,2025-09-04
UN2263,Hypertension - Zarabet Dam Har,,Unknown,UNMAPPED,No suitable ICD-11 match found,0.000,No Match,Optimized Semantic Matching,2025-09-04
UN2264,Arthritis - Waja ul Mafasil Barid,,Unknown,FA20,Rheumatoid arthritis,0.700,High,Optimized Semantic Matching,2025-09-04
UN2265,Asthma - Raboo Ratab,,Unknown,CA23,Asthma,0.800,High,Optimized Semantic Matching,2025-09-04
UN2266,Migraine - Shaqeeqa Yabis,,Unknown,8A80,Migraine,0.800,High,Optimized Semantic Matching,2025-09-04
UN2267,Depression - Sawda Chronic,,Unknown,UNMAPPED,No suitable ICD-11 match found,0.000,No Match,Optimized Semantic Matching,2025-09-04
UN2268,Gastritis - Waram-e-Meda Acute,,Unknown,DA42,Gastritis,0.800,High,Optimized Semantic Matching,2025-09-04
UN2269,Insomnia - Sahr,,Unknown,UNMAPPED,No suitable ICD-11 match found,0.000,No Match,Optimized Semantic Matching,2025-09-04
UN2270,Constipation - Qabz Har,,Unknown,ME05.0,constipation,0.800,High,Optimized Semantic Matching,2025-09-04
UN2271,Obesity - Siman-e-Mufrat Barid,,Unknown,5B81,Obesity,0.800,High,Optimized Semantic Matching,2025-09-04
UN2272,Anemia - Faqr ud Dam Ratab,,Unknown,UNMAPPED,No suitable ICD-11 match found,0.000,No Match,Optimized Semantic Matching,2025-09-04
UN2273,Skin Disease - Amraz-e-Jild Yabis,,Unknown,1D40,Chikungunya virus disease,0.700,High,Optimized Semantic Matching,2025-09-04
UN2274,Liver Disease - Amraz-e-Jigar Chronic,,Unknown,2C12.02,hepatocellular carcinoma of liver,0.700,High,Optimized Semantic Matching,2025-09-04
UN2275,Kidney Disease - Amraz-e-Kulya Acute,,Unknown,1D40,Chikungunya virus disease,0.700,High,Optimized Semantic Matching,2025-09-04
UN2276,Paralysis - Falij,,Unknown,UNMAPPED,No suitable ICD-11 match found,0.000,No Match,Optimized Semantic Matching,2025-09-04
UN2277,Epilepsy - Sara Har,,Unknown,UNMAPPED,No suitable ICD-11 match found,0.000,No Match,Optimized Semantic Matching,2025-09-04
UN2278,Diarrhea - Ishal Barid,,Unknown,UNMAPPED,No suitable ICD-11 match found,0.000,No Match,Optimized Semantic Matching,2025-09-04
UN2279,Cough - Sual Ratab,,Unknown,MD12,cough,0.800,High,Optimized Semantic Matching,2025-09-04
UN2280,Cold - Nazla Yabis,,Unknown,UNMAPPED,No suitable ICD-11 match found,0.000,No Match,Optimized Semantic Matching,2025-09-04
UN2281,Fever - Humma Chronic,,Unknown,1D2Z,"Dengue fever, unspecified",0.700,High,Optimized Semantic Matching,2025-09-04
UN2282,Diabetes - Ziabetus Acute,,Unknown,QA0A.10,special screening examination for diabetes mellitus,0.700,High,Optimized Semantic Matching,2025-09-04
UN2283,Hypertension - Zarabet Dam,,Unknown,UNMAPPED,No suitable ICD-11 match found,0.000,No Match,Optimized Semantic Matching,2025-09-04
UN2284,Arthritis - Waja ul Mafasil Har,,Unknown,FA20,Rheumatoid arthritis,0.700,High,Optimized Semantic Matching,2025-09-04
UN2285,Asthma - Raboo Barid,,Unknown,CA23,Asthma,0.800,High,Optimized Semantic Matching,2025-09-04
UN2286,Migraine - Shaqeeqa Ratab,,Unknown,8A80,Migraine,0.800,High,Optimized Semantic Matching,2025-09-04
UN2287,Depression - Sawda Yabis,,Unknown,UNMAPPED,No suitable ICD-11 match found,0.000,No Match,Optimized Semantic Matching,2025-09-04
UN2288,Gastritis - Waram-e-Meda Chronic,,Unknown,DA42,Gastritis,0.800,High,Optimized Semantic Matching,2025-09-04
UN2289,Insomnia - Sahr Acute,,Unknown,UNMAPPED,No suitable ICD-11 match found,0.000,No Match,Optimized Semantic Matching,2025-09-04
UN2290,Constipation - Qabz,,Unknown,ME05.0,constipation,0.800,High,Optimized Semantic Matching,2025-09-04
UN2291,Obesity - Siman-e-Mufrat Har,,Unknown,5B81,Obesity,0.800,High,Optimized Semantic Matching,2025-09-04
UN2292,Anemia - Faqr ud Dam Barid,,Unknown,UNMAPPED,No suitable ICD-11 match found,0.000,No Match,Optimized Semantic Matching,2025-09-04
UN2293,Skin Disease - Amraz-e-Jild Ratab,,Unknown,1D40,Chikungunya virus disease,0.700,High,Optimized Semantic Matching,2025-09-04
UN2294,Liver Disease - Amraz-e-Jigar Yabis,,Unknown,2C12.02,hepatocellular carcinoma of liver,0.700,High,Optimized Semantic Matching,2025-09-04
UN2295,Kidney Disease - Amraz-e-Kulya Chronic,,Unknown,1D40,Chikungunya virus disease,0.700,High,Optimized Semantic Matching,2025-09-04
UN2296,Paralysis - Falij Acute,,Unknown,UNMAPPED,No suitable ICD-11 match found,0.000,No Match,Optimized Semantic Matching,2025-09-04
UN2297,Epilepsy - Sara,,Unknown,UNMAPPED,No suitable ICD-11 match found,0.000,No Match,Optimized Semantic Matching,2025-09-04
UN2298,Diarrhea - Ishal Har,,Unknown,UNMAPPED,No suitable ICD-11 match found,0.000,No Match,Optimized Semantic Matching,2025-09-04
UN2299,Cough - Sual Barid,,Unknown,MD12,cough,0.800,High,Optimized Semantic Matching,2025-09-04
UN2300,Cold - Nazla Ratab,,Unknown,UNMAPPED,No suitable ICD-11 match found,0.000,No Match,Optimized Semantic Matching,2025-09-04
UN2301,Fever - Humma Yabis,,Unknown,1C30.2,Typhus fever due to Rickettsia typhi,0.700,High,Optimized Semantic Matching,2025-09-04
UN2302,Diabetes - Ziabetus Chronic,,Unknown,QA0A.10,special screening examination for diabetes mellitus,0.700,High,Optimized Semantic Matching,2025-09-04
UN2303,Hypertension - Zarabet Dam Acute,,Unknown,UNMAPPED,No suitable ICD-11 match found,0.000,No Match,Optimized Semantic Matching,2025-09-04
UN2304,Arthritis - Waja ul Mafasil,,Unknown,FA20,Rheumatoid arthritis,0.700,High,Optimized Semantic Matching,2025-09-04
UN2305,Asthma - Raboo Har,,Unknown,CA23,Asthma,0.800,High,Optimized Semantic Matching,2025-09-04
UN2306,Migraine - Shaqeeqa Barid,,Unknown,8A80,Migraine,0.800,High,Optimized Semantic Matching,2025-09-04
UN2307,Depression - Sawda Ratab,,Unknown,UNMAPPED,No suitable ICD-11 match found,0.000,No Match,Optimized Semantic Matching,2025-09-04
UN2308,Gastritis - Waram-e-Meda Yabis,,Unknown,DA42,Gastritis,0.800,High,Optimized Semantic Matching,2025-09-04
UN2309,Insomnia - Sahr Chronic,,Unknown,7A00,Chronic insomnia,0.400,Low,Optimized Semantic Matching,2025-09-04
UN2310,Constipation - Qabz Acute,,Unknown,ME05.0,constipation,0.800,High,Optimized Semantic Matching,2025-09-04
UN2311,Obesity - Siman-e-Mufrat,,Unknown,5B81,Obesity,0.800,High,Optimized Semantic Matching,2025-09-04
UN2312,Anemia - Faqr ud Dam Har,,Unknown,UNMAPPED,No suitable ICD-11 match found,0.000,No Match,Optimized Semantic Matching,2025-09-04
UN2313,Skin Disease - Amraz-e-Jild Barid,,Unknown,1D40,Chikungunya virus disease,0.700,High,Optimized Semantic Matching,2025-09-04
UN2314,Liver Disease - Amraz-e-Jigar Ratab,,Unknown,2C12.02,hepatocellular carcinoma of liver,0.700,High,Optimized Semantic Matching,2025-09-04
UN2315,Kidney Disease - Amraz-e-Kulya Yabis,,Unknown,1D40,Chikungunya virus disease,0.700,High,Optimized Semantic Matching,2025-09-04
UN2316,Paralysis - Falij Chronic,,Unknown,UNMAPPED,No suitable ICD-11 match found,0.000,No Match,Optimized Semantic Matching,2025-09-04
UN2317,Epilepsy - Sara Acute,,Unknown,UNMAPPED,No suitable ICD-11 match found,0.000,No Match,Optimized Semantic Matching,2025-09-04
UN2318,Diarrhea - Ishal,,Unknown,UNMAPPED,No suitable ICD-11 match found,0.000,No Match,Optimized Semantic Matching,2025-09-04
UN2319,Cough - Sual Har,,Unknown,MD12,cough,0.800,High,Optimized Semantic Matching,2025-09-04
UN2320,Cold - Nazla Barid,,Unknown,UNMAPPED,No suitable ICD-11 match found,0.000,No Match,Optimized Semantic Matching,2025-09-04
UN2321,Fever - Humma Ratab,,Unknown,1C30.2,Typhus fever due to Rickettsia typhi,0.700,High,Optimized Semantic Matching,2025-09-04
UN2322,Diabetes - Ziabetus Yabis,,Unknown,5A11,Type 2 diabetes mellitus,0.700,High,Optimized Semantic Matching,2025-09-04
UN2323,Hypertension - Zarabet Dam Chronic,,Unknown,UNMAPPED,No suitable ICD-11 match found,0.000,No Match,Optimized Semantic Matching,2025-09-04
UN2324,Arthritis - Waja ul Mafasil Acute,,Unknown,1B41.1Z,"Acute rheumatic endocarditis, unspecified",0.700,High,Optimized Semantic Matching,2025-09-04
UN2325,Asthma - Raboo,,Unknown,CA23,Asthma,0.800,High,Optimized Semantic Matching,2025-09-04
UN2326,Migraine - Shaqeeqa Har,,Unknown,8A80,Migraine,0.800,High,Optimized Semantic Matching,2025-09-04
UN2327,Depression - Sawda Barid,,Unknown,UNMAPPED,No suitable ICD-11 match found,0.000,No Match,Optimized Semantic Matching,2025-09-04
UN2328,Gastritis - Waram-e-Meda Ratab,,Unknown,DA42,Gastritis,0.800,High,Optimized Semantic Matching,2025-09-04
